Z_10,Ss_10,Z_5,Ss_5,Z_2,Ss_2,lon,lat
0.060590311874552,0.1441045897037383,0.0820870386453108,0.1989661056546529,0.1204515395158732,0.2974456313479636,34.17323482312108,30.044775731935683
0.0566769395261371,0.1341583763209204,0.0757038726113503,0.1829144182172404,0.1079643428749042,0.2670620496314648,34.17229162166466,30.134969400776512
0.0542559651691483,0.1278266759922957,0.0729238082026227,0.1754508047871845,0.1037210666456664,0.2563203001980904,34.171344135423574,30.225161802800827
0.0524289339360224,0.1231745372329744,0.0756078531004824,0.1804727546957957,0.1272039511794835,0.305958564237138,34.170392348043634,30.315352935671143
0.0495199441651619,0.1159334309150208,0.0736858033850917,0.1748337309942332,0.1389302874558455,0.3270065286757769,34.16943624306222,30.405542797061607
0.0456776407896231,0.1062453517391122,0.0625602358871122,0.1482363159815716,0.0972072812602485,0.2352450748995918,34.16847580390746,30.495731384657997
0.0419100266943993,0.0969218727126089,0.0536426824159519,0.1265536347185418,0.0733226549970368,0.177444224992241,34.16751101389743,30.585918696157705
0.0390209654457723,0.0897669555016243,0.0483381605535857,0.1133419050827102,0.0626221850349089,0.15036989623958,34.166541856239455,30.676104729269767
0.0370785321376795,0.0849133871558021,0.045259178608303,0.10554288966003,0.0573745268342251,0.1367923351551581,34.16556831402912,30.766289481714963
0.0357692934704461,0.0816045758981338,0.0433788545018019,0.1007063039123221,0.0545263838163178,0.129284449001045,34.16459037024969,30.85647295122568
0.0349050660576151,0.0793999244405885,0.0422145629512131,0.0976729314502804,0.0529005262343724,0.1249276980217599,34.16360800777109,30.946655135546017
0.0343722776622264,0.078030510310335,0.0415235782296019,0.0958535394511074,0.0519817827662562,0.1224313558813133,34.162621209349204,31.036836032431772
0.0341189621440924,0.0773767540349882,0.0411996670595813,0.0949945589915153,0.051557776712088,0.1212686237223108,34.16162995762498,31.12701563965052
0.0340567253340363,0.0772269510614498,0.0411075627451751,0.0947623810543439,0.0514135484876969,0.1208910750140916,34.16063423512359,31.21719395498148
0.0342251523332807,0.0776880448533593,0.0413018978907425,0.0953077044778184,0.0516293566838391,0.1215246137112472,34.159634024253606,31.30737097621574
0.0346445533788722,0.0788238703143821,0.0418190378694692,0.0967412521871779,0.0522752109550412,0.1233773816097949,34.15862930730613,31.397546701156006
0.0354002937444514,0.0808642187829256,0.0427966424634518,0.0994386354808042,0.0535899348316539,0.1271082315778745,34.157620066453944,31.48772112761684
0.0366230382265791,0.084156601219183,0.0444685100980641,0.1040362482717804,0.0560201994929759,0.1339482178381044,34.15660628375058,31.5778942534246
0.0386118061310106,0.0894136189883537,0.0473776988660392,0.1118905779126522,0.0606227474379566,0.1466170642363724,34.15558794112951,31.668066076417375
,,,,,,34.15456502040324,31.75823659444516
0.0459146326684957,0.1075215573992249,0.0600500709516957,0.143489524918111,0.0847661101539913,0.2065263049136417,34.153537503262285,31.848405805369637
0.0481903385558247,0.1129641676286031,0.0640041948378167,0.1529647298616858,0.0918812631630758,0.2234686278983522,34.15250537127451,31.938573707064382
0.047228813073418,0.1107840534916681,0.0614877336026426,0.1474853962432554,0.0853207086799266,0.2098425145485636,34.15146860588396,32.02874029741487
0.0463723899519648,0.1085441533273396,0.0606188874630797,0.1451161825366823,0.086502758934335,0.2123260905306419,34.15042718841012,32.118905574318404
0.0472600328474586,0.1103852020655724,0.0637500580460961,0.1522725841256292,0.0990389652625033,0.241381724437384,34.14938110004689,32.20906953568401
0.0497203458078895,0.1162038051011688,0.069684460641039,0.1665279839313229,0.1144636011707432,0.2781475709368182,34.14833032186159,32.299232179432835
0.0520086613706362,0.1217979978372243,0.0736952780396992,0.1765293811193811,0.1198679793199583,0.2925231869405759,34.14727483479419,32.389393503497644
0.0536571770406514,0.1259604288433657,0.0755975930258457,0.181551894201875,0.1201441798648983,0.2944999705931466,34.14621461965614,32.4795535058233
0.0550778951870984,0.1296655242694149,0.0771513181678425,0.1858032618642414,0.1223287090809948,0.3000463114386044,34.14514965712957,32.5697121843665
0.0560829389796282,0.132329673978735,0.0779808165959914,0.1881586801793957,0.1226921656479355,0.3012917482235666,34.14407992776621,32.65986953709583
0.0568758781719484,0.1344491898351243,0.0783942740090153,0.1894205575629742,0.1215171277120847,0.2990731810898271,34.14300541198638,32.750025561991805
0.0579883758540252,0.1374045324093266,0.0795355117298411,0.1925851945346157,0.1233598792393986,0.3035982727973825,34.14192609007812,32.84018025704688
0.0591115907760149,0.1403839237812159,0.0805389938548256,0.1954031492027786,0.123874155678735,0.3053141640134962,34.14084194219606,32.9303336202655
0.0604985580081502,0.1440380326783975,0.0817107804211407,0.1987003674522663,0.123345172596476,0.3050731126714684,34.13975294836045,33.020485649663954
0.0625268570109057,0.1493500398139653,0.0840895370494765,0.2051458102714907,0.1263363156982615,0.3130252831485641,34.13865908845615,33.11063634327061
0.0652128188763908,0.1563102890675704,0.0873458869635466,0.2138518918192004,0.1293602984854058,0.3219032890941355,34.13756034223154,33.2007856991257
0.0691476476151841,0.1663375634767072,0.0926295073683689,0.2276416662226821,0.1345739668069459,0.3371535185958021,34.1364566892975,33.29093371528147
0.074889936129835,0.1807470417788172,0.1016224049323439,0.2504551586767886,0.1474914716662744,0.3711283453554028,34.13534810912642,33.3810803898022
0.0665773593268341,0.1617359089328714,0.0818397001693945,0.2029769344212762,0.1040343582565129,0.2643950649106355,34.23209525685027,29.32356874752916
0.0665428537967054,0.1614560959741397,0.0819280591670028,0.2029616742023746,0.1041735726706547,0.2644568492116677,34.231231129747464,29.41377389005039
0.0695857921337414,0.168714674879662,0.0874317119194415,0.2164600684415853,0.1137908586336427,0.2887498232415447,34.23036305214389,29.503977787328974
0.0780712614838067,0.1887376478858563,0.1057452516556964,0.259793009823993,0.1508606352524099,0.3779991592031071,34.229491009298634,29.594180436948665
0.087970388203678,0.21146481546807,0.1360425035507306,0.3242086708071082,0.2254086735239836,0.5322304584471848,34.22861498637342,29.684381836504787
0.0835361247198094,0.2010826129261048,0.1170054493468856,0.2860988197674605,0.1707388819587313,0.4256110401939922,34.22773496843201,29.774581983604175
0.0753785136585234,0.18148203865982,0.0996758405438945,0.2456272261461787,0.1353216797088986,0.3429508465870882,34.22685094043933,29.86478087586533
0.0709759345905233,0.1699981539009298,0.0974818201727605,0.2378566498521064,0.1411508101151207,0.3517569680212826,34.22596288726092,29.954978510918288
0.0659175845072314,0.1572644471553486,0.094885680711227,0.229100767757554,0.1526845868385246,0.3702315370369291,34.22507079366218,30.045174886404766
0.0602955979114124,0.1432001914760019,0.0831464297058155,0.2010586255370313,0.1251464885977634,0.3077480992311958,34.22417464430762,30.135369999978145
0.0568285188840709,0.1342887769516646,0.076896467313765,0.1855025359723662,0.1097393636294975,0.2718986904103497,34.22327442376017,30.22556384930336
0.0544984970087593,0.1284134060745201,0.0783386705397091,0.1874995765730013,0.1293773747846633,0.3123121021976379,34.222370116480405,30.315756432057217
0.0512846276585195,0.1204288134673374,0.0757006892556224,0.1801423702589842,0.138321402648516,0.3271927037154213,34.22146170682593,30.405947745928017
0.0470743896300012,0.1098427913250106,0.0640786166422429,0.152313606340338,0.0976554378500649,0.2371488870110226,34.220549179050465,30.49613778861585
0.0430428767174746,0.0998633048582832,0.0549565626400471,0.1300610188486247,0.0746018190856617,0.1810565358301417,34.21963251730323,30.586326557832507
0.0400158140287901,0.0923456106749142,0.0495364735656772,0.1165155629996445,0.0640320748934151,0.1542122918517591,34.2187117056281,30.676514051301545
0.0379514828541334,0.087164643215512,0.0463360534654215,0.1083738295008328,0.0587262392057454,0.1404281663493841,34.21778672796296,30.766700266758203
0.0366151270635851,0.0837755525013995,0.044439535567207,0.1034793610738403,0.0559018127779489,0.1329581168529164,34.21685756813873,30.85688520194962
0.0357129979799337,0.0814641686610139,0.0432387426024981,0.1003386265635752,0.054251697015961,0.1285205679245152,34.21592420987883,30.947068854634512
0.0351845034352136,0.080101262734404,0.0425589534938004,0.0985432151428648,0.0533582633838805,0.1260855947448408,34.21498663679819,31.03725122258358
0.0349353167643829,0.0794604675452576,0.0422398850641926,0.0977001933532894,0.0529395450861608,0.1249422985284385,34.21404483240259,31.127432303579187
0.0349151380809,0.0794227845005298,0.0422005111042202,0.0976117375130779,0.0528614621808717,0.1247504640881772,34.2130987800878,31.217612095415593
0.0351261386872013,0.0800081852066136,0.0424466931708714,0.0983119670470648,0.0531403187216241,0.1255787883816599,34.21214846313877,31.30779059589888
0.0356484205917159,0.0814350280521927,0.0430995852703346,0.1001351108674481,0.0539733186811719,0.1279775680250551,34.211193864728834,31.397967802846917
0.03656311582374,0.0839207403767119,0.0443039031279829,0.1034759834048068,0.0556352126286023,0.1327037955211342,34.210234967918915,31.488143714089528
0.0381478595814599,0.0881771755130093,0.0465158216998824,0.1095368280108514,0.0589404489992861,0.1419450483891801,34.209271755656566,31.57831832746833
0.0408008536957692,0.0951353793702923,0.0505249939585477,0.1202438639129204,0.0655176041699545,0.1597670511753083,34.20830421077533,31.668491640836848
0.0451572161256456,0.1060713383548824,0.0578650268537125,0.1388349860189385,0.0789709591644956,0.1938685964264035,34.207332315993746,31.75866365206049
0.0502578464426044,0.1182554715249355,0.067337496676438,0.1612910103058339,0.0974762514763255,0.2370337916676479,34.20635605391451,31.848834359016585
0.0526448157865973,0.1238285407448244,0.0714861214703738,0.171012815800613,0.1045344441369702,0.2536696801995589,34.205375407023695,31.939003759594424
0.05074456362895,0.1194372054698966,0.0674090628260125,0.1619295970513253,0.0958481038446898,0.2351068850440268,34.20439035768977,32.029171851695125
0.048465336020918,0.1138495131493053,0.0637189886100233,0.1530333885467479,0.0907875899183343,0.2234776088885411,34.20340088816279,32.11933863323186
0.0484583902450607,0.1135211049513869,0.0652163648939362,0.156175984062486,0.1000807664250922,0.2445934823785361,34.2024069805735,32.20950410212966
0.0507732349491379,0.1189223271337664,0.0708632043448911,0.1695993309377169,0.1140546169792982,0.2781846174601416,34.20140861693246,32.29966825632558
0.0526271897936947,0.1234302303266668,0.0738817872449531,0.177164634742992,0.1177063706024041,0.2881635241392204,34.20040577912908,32.38983109376866
0.0538679768502714,0.126614814993645,0.0746313956301184,0.1794559135498989,0.1155937309079482,0.2842500533659842,34.19939844893069,32.47999261241989
0.0556241245804133,0.1311272148959196,0.0771885793293513,0.1860812924607051,0.1201076462532407,0.2954803296841354,34.198386607981774,32.57015281025227
0.0566298970940641,0.1337965166548145,0.0780259963727673,0.188464721475224,0.1204920885389402,0.2967903322166065,34.19737023780287,32.66031168525078
0.0571589387934378,0.1353041903732889,0.077586935032582,0.187752321859155,0.1172438897344657,0.2895875969861279,34.196349319789704,32.750469235412496
0.0587673441326336,0.1394874978499428,0.0798580726573763,0.1936654280405789,0.1213916001194983,0.2998240503395605,34.19532383521222,32.84062545874647
0.060068464433007,0.1429268574848216,0.0810971201456939,0.1971211011534746,0.1221339797984079,0.3022283723163471,34.19429376521367,32.930780353273796
0.0611698687616138,0.1458902498573796,0.081520393893786,0.1986618216675864,0.1198526259595903,0.2978110021672447,34.19325909080956,33.020933917027605
0.0635864819057353,0.1521395106842898,0.0848970738884492,0.2074946329142503,0.1250699381978532,0.3112212355392958,34.192219792886796,33.111086148053076
0.0668812194001151,0.1606357742970939,0.089091040453981,0.2186308184208817,0.1294249514145499,0.3237008267191135,34.19117585220253,33.20123704440755
0.0710740535447211,0.1712931571461574,0.0948569165872336,0.2336384311796815,0.1357334151657336,0.3416627790618421,34.190127249383366,33.291386604160316
0.0781379760250181,0.188917962130082,0.1070714321663067,0.2639772578218784,0.1565726078254327,0.3937035703012945,34.189073964924184,33.38153482539282
0.0715001310563985,0.1747100701426615,0.0881599888510206,0.2200338836306034,0.1124007533955644,0.2876210780830424,34.283563387822596,29.32393659744599
0.0709573688793499,0.1731135981202561,0.0874755891958033,0.217980034401302,0.1113396374063444,0.2844336951841428,34.28274463644549,29.414143091811116
0.0736014571001219,0.1793154483725257,0.0922816024038218,0.2296343234258065,0.1196447667823053,0.3052201762145803,34.28192214185506,29.504348343265928
0.0826340619354371,0.2005455104971387,0.1112140205843438,0.2743469494083155,0.15707622793658,0.3951512842163634,34.28109589008358,29.594552349406992
0.0946716066512863,0.2279514311887908,0.1445957238986637,0.3452780599769299,0.2345044116924868,0.555452143810722,34.280265867070945,29.68475510784253
0.0901645638173207,0.2176182403395844,0.1251868920331986,0.3073528201781535,0.1794124123666383,0.4499758451722437,34.27943205866428,29.774956616192423
0.0823280794609954,0.1987353622704827,0.1104097182761386,0.2725427111404618,0.1521124633934359,0.3856059796162905,34.27859445061704,29.865156872088253
0.0785302714385154,0.1882499822291429,0.1134765409005005,0.2752007302593416,0.1732757924298467,0.4259971491583701,34.277753028588535,29.95535587317315
0.0719448185382071,0.1719537866258015,0.112202170480403,0.2671752467918452,0.1943112609790844,0.4590724046894787,34.27690777814317,30.045553617102108
0.0639033499247377,0.152251122246727,0.0908685110874395,0.2195745549814227,0.1440366758201432,0.3505389273433081,34.27605868474973,30.13575010154177
0.0591963180415941,0.1403147888426907,0.0803660808483413,0.1943501219784537,0.1150352901548064,0.2855024322406865,34.27520573378073,30.225945324170464
0.0563403731467172,0.1331760827786097,0.0804421845004073,0.1930842493144986,0.1312204643851718,0.3174109570345719,34.274348910511755,30.31613928267837
0.0529085157661114,0.124653419808078,0.0771500618043507,0.1842027829541402,0.1375447043145986,0.3265269528152905,34.27348820012076,30.406331974767323
0.048424774162564,0.1133828829334393,0.0653512632762498,0.1558555661466443,0.097789399188895,0.2382137638282543,34.27262358768728,30.496523398150998
0.0441840908227373,0.1028638553395503,0.0561803760267461,0.1333922519982059,0.0756138319629194,0.1840339205858606,34.27175505819182,30.58671355055488
0.04104560238874,0.0950384391015392,0.050731887818545,0.1197161511236286,0.0653618348081429,0.157888432836536,34.27088259651512,30.676902429716247
0.0389005985345367,0.0896270340497871,0.0474880641157217,0.1114224081198762,0.0601438007823949,0.1442688136439973,34.270006187437346,30.767090033384136
0.0375401209808472,0.0861554541872719,0.0455937730053488,0.1065054703807824,0.0573903260362887,0.1369463699465986,34.26912581563749,30.857276359319496
0.0366061892340129,0.083750706753869,0.0443713084830168,0.1032925413821817,0.0557461054243155,0.1325030707206324,34.2682414656925,30.947461405295197
0.036084211859967,0.082398961029743,0.0437071950784684,0.1015314795402384,0.0548849673425599,0.13014693299924,34.26735312207664,31.037645169095843
0.0358413570552127,0.0817757445051951,0.0433977110000736,0.1007157952953634,0.0544799389435338,0.1290447522290065,34.266460769160744,31.127827648517943
0.035859731993477,0.08184758704163,0.0434047167703046,0.1007623400314452,0.0544571830669519,0.1290197495962336,34.26556439121127,31.218008841369993
0.036122382488654,0.0825828195940508,0.0437149137879224,0.1016518453282529,0.0548164472343136,0.1300917021984825,34.26466397238986,31.30818874547232
0.036778324044573,0.0843812320923099,0.0445467729467264,0.1039800154008548,0.055902436297375,0.1332149584965695,34.263759496752215,31.398367358657225
0.0379430567472108,0.0875490808014599,0.04610731889051,0.1083075342356912,0.0581115989296101,0.1394747906904089,34.26285094824759,31.4885446787689
0.0399476222295111,0.0929078886571599,0.0489852558750339,0.1161421615164886,0.0625647055927825,0.1518002865480796,34.2619383107179,31.57872070366356
0.0435037778686629,0.1021046672845361,0.0545718397318444,0.1307806853728357,0.0721203925523023,0.1770368556689411,34.26102156789687,31.668895431209307
0.0490307178122735,0.1157295466704333,0.0642507809100515,0.1545768031859597,0.090404734673119,0.2214461170451561,34.26010070340927,31.75906885928625
0.0553476405334407,0.1306775853650279,0.0755714335330842,0.1811376311641244,0.1107501879750218,0.2687228293275591,34.259175700770236,31.84924098578652
0.0576705990259721,0.1360451193475339,0.0793082482056247,0.1899726454103837,0.1163070918338382,0.2823628103212713,34.258246543384224,31.93941180861418
0.0547530574737389,0.1291035774901735,0.0742444412780464,0.178174457888083,0.1077612367258564,0.2630073805714513,34.257313214544375,32.02958132568541
0.0509242346460412,0.1199753112630753,0.0680049190602877,0.1635908420306478,0.0993349364292847,0.2440805037350435,34.25637569743154,32.11974953492835
0.0500090039302503,0.1175094600409946,0.0677074695594758,0.1625368863001721,0.1048962839941178,0.2564487483411586,34.25543397511358,32.209916434283215
0.0516841678505985,0.1213357795753402,0.071992158324045,0.1726107041424917,0.1167207423543082,0.2842860856927098,34.2544880305444,32.300082021702266
0.0535507355534739,0.1258770310434106,0.0750238318686315,0.1801978317042686,0.1204791940426247,0.2944710375015615,34.253537846563134,32.39024629514975
0.0551208361745434,0.1298487800408446,0.0767834218697111,0.1848650779237603,0.1206857847157733,0.2962182241250347,34.2525834058933,32.480409252602115
0.0565444412462663,0.1335829371665718,0.0783212335337367,0.1890978323661425,0.1228583455217633,0.3017384788335503,34.25162469114188,32.57057089204783
0.0576250865635603,0.136450816855748,0.0792548529418834,0.1917476813057139,0.1232965801265994,0.3032399599868358,34.25066168479849,32.660731211487516
0.058543770252526,0.1388974906055101,0.0798252148733891,0.193451067252627,0.1221959253231908,0.3013281782874658,34.24969436923446,32.750890208933804
0.0599215926588947,0.1425475098644492,0.0813187433239832,0.1975694425189771,0.1243415650228379,0.3067852018541771,34.248722726701935,32.8410478824115
0.0614570409271665,0.1465981068000682,0.0828585333048809,0.2018346358139796,0.1253339009158011,0.3099668181578143,34.247746739332975,32.931204229957594
0.0632803423321645,0.151361797799333,0.0846835875134415,0.2068508005319467,0.1255605454017549,0.311913986426106,34.24676638913864,33.02135924962114
0.0658871151097401,0.158154317593201,0.0879450053992468,0.2155959283951611,0.1296660738621913,0.3229813400061909,34.24578165800807,33.11151293946336
0.0690840379223868,0.1663798188008187,0.0921043282338195,0.226580992048127,0.1341305193082377,0.3356776159656588,34.24479252770753,33.20166529755769
0.0736553200878769,0.1779059800675919,0.0987913200568181,0.2437337074565818,0.1421940307197382,0.3579740725194367,34.24379897987946,33.29181632198966
0.0809062314664316,0.1959217657975993,0.1117946690115869,0.2756686894754231,0.1654041173121813,0.4147196984347798,34.242800996041595,33.381966010857035
0.077663128060885,0.1909880700040116,0.0961288914992648,0.2415894623615059,0.1230200262481358,0.3171763709113584,34.33503245112985,29.324284608541667
0.0761863042297298,0.1869542536360146,0.0941056680852883,0.2359646478210692,0.1200110472895223,0.3086438196586551,34.33425907894747,29.4144923819024
0.0783533551102984,0.1919284651971968,0.098004167769878,0.2452671441183734,0.1265773640418135,0.3248358715107134,34.333482170862155,29.504698914559405
0.0878975144238873,0.2142488077420467,0.1173694951876938,0.2908881295376303,0.1638263933026226,0.4141583248963749,34.3327017136794,29.594904204121548
0.1018258333939401,0.2454952793125077,0.1530262915805749,0.3666077419365279,0.2417850496603199,0.5765302111277667,34.33191769411755,29.685108248209215
0.097401004750894,0.2355519847174629,0.1345030894912308,0.3311927585732173,0.1902424057422782,0.4794617427433071,34.331130098807215,29.775311044454593
0.0901152735463273,0.2177860395942287,0.1236645538846381,0.3046349636341268,0.1752856161740922,0.4412236363170503,34.330338914290614,29.86551259050163
0.0865307823096056,0.2071415972122973,0.1314914784759704,0.315287719643594,0.2081481218916591,0.502844043159424,34.32954412702093,29.955712884005937
0.0776669920803155,0.1855847071336216,0.1273330781922242,0.2992127868658279,0.2195698062345579,0.515659488318642,34.32874572336173,30.045911922634968
0.0667649872487302,0.1594939366368456,0.0959295784998554,0.231886284122969,0.1539547798043977,0.3734178655878009,34.32794368958622,30.136109704067923
0.061036260120486,0.145133439836605,0.0824970551357769,0.2000356023817397,0.1175698109669721,0.2923177003510973,34.32713801187678,30.22630622599586
0.0579762387344792,0.1375176060188117,0.0820286122613228,0.1974814808960728,0.1326771754344475,0.32128675904083,34.32632867632409,30.31650148612156
0.0544668147190427,0.1288000140132034,0.0783228146724312,0.1876626632174007,0.1367150428025756,0.325524245172695,34.325515668926656,30.406695482159726
0.049828912466117,0.1171253866597898,0.0665860835259203,0.1593800359589256,0.0978728370083307,0.2391693221064452,34.32469897559003,30.496888211836858
0.0454154831395703,0.1061369957230969,0.0574800538824014,0.1369683083198642,0.0767192228664166,0.1872947535591757,34.32387858212617,30.587079672891335
0.042202658607663,0.098077860966348,0.0520823644976855,0.1233449582723944,0.0668992716458454,0.1621437839253457,34.32305447425279,30.67726986307345
0.0399578341801049,0.0923775673080969,0.0487732284746578,0.1148317437473478,0.0617348096948245,0.1485879051300572,34.32222663759267,30.767458780145365
0.0385631340973242,0.0887941638388594,0.0468719348167247,0.1098647871109072,0.0590427472956055,0.1413853116901173,34.32139505767289,30.857646421881125
0.0376097783577068,0.0863269458822553,0.0456403245610276,0.1066117986378395,0.0574154305211246,0.1369656440721158,34.32055971992423,30.947832786066787
0.0370646096681722,0.0849091330619148,0.0449572591814057,0.1047938364556731,0.0565444737900136,0.1345757828572027,34.31972060968048,31.03801787050026
0.0368547867839585,0.0843708109485414,0.0446929230344494,0.1040970541794363,0.0562013161051735,0.1336417443143674,34.31887771217757,31.128201672991434
0.0369090535180553,0.0845446755914956,0.0447431469047846,0.1042688695425762,0.0562288063110861,0.1337670694378707,34.318031012553064,31.218384191362254
0.0372499246612337,0.0855040097392839,0.0451544059675088,0.1054518125947032,0.0567232522064281,0.1352374504475079,34.317180495845264,31.308565423446574
0.0380838229765668,0.0877946451083515,0.0462278406844505,0.1084582696182599,0.0581588740355652,0.1393550257048557,34.3163261469926,31.398745367090225
0.0395386933645325,0.0917478591181713,0.0482289215326022,0.1139935732946692,0.0610940366894445,0.1476210984106723,34.31546795083284,31.488924020151124
0.0421777661718973,0.0987311388667684,0.0521387632660103,0.124499144389298,0.0673734857126915,0.1647011883596152,34.31460589210229,31.5791013804992
0.0467213334933404,0.1102578587888136,0.0595943313290339,0.143517876280455,0.0807145614985453,0.1986813709971029,34.31373995543521,31.66927744601641
0.0529004050781658,0.1252973996921586,0.0704560310264759,0.1696916737308009,0.1008703050216664,0.2464246522606576,34.31287012536286,31.759452214596738
0.0585102122738949,0.1386927535548589,0.0796847940353045,0.1917307376817934,0.1156634466962379,0.2819516964147282,34.31199638631286,31.84962568414633
0.0599739179048452,0.1420529342177781,0.0819090081549915,0.1970827822760078,0.1187138228204511,0.2898134351616833,34.31111872260837,31.939797852583308
0.0570892681049418,0.1348296292476934,0.0778583196889711,0.1868793961582153,0.1135736836064579,0.2768864226386723,34.31023711846734,32.029968717837995
0.0526716593093412,0.1243174303635951,0.0706481749458137,0.170028203443822,0.1034899444184104,0.2539415857064734,34.309351558001694,32.12013827785274
0.0512316478299118,0.1206611749814793,0.0692663364280612,0.1665750202738514,0.1065533906910481,0.2608901615254895,34.30846202521655,32.21030653058209
0.0524659843812393,0.1234056973819385,0.0725611714416768,0.1742262694387408,0.1161696880323418,0.2834031492249528,34.30756850400942,32.300473473992646
0.0543636170362586,0.1280243078170077,0.0756483870006286,0.181946197927374,0.1201190790392713,0.2940533712113993,34.30667097816939,32.39063910606322
0.0559027719806669,0.1319330166082666,0.0773308491727776,0.1864338400559375,0.120328936277438,0.2957420713216023,34.305769431376326,32.48080342478476
0.0572062588191829,0.1353700986872904,0.0786666055271649,0.1901631933118966,0.1221532907656749,0.3004128999840026,34.30486384719996,32.57096642816042
0.0583676700248827,0.1384480431610748,0.0797091336013558,0.193110242392775,0.1226825076860997,0.302204225916219,34.303954209099246,32.661128114205475
0.0596162760483561,0.1417440800121166,0.0807539736435891,0.1960612047503115,0.1221934628928908,0.301941097574792,34.3030405004213,32.751288480947444
0.061090565152704,0.1456536521493086,0.0823205777605624,0.2004121844089722,0.1242289840393776,0.3072671165064343,34.302122704400695,32.84144752642603
0.0628484303778386,0.1502669651386007,0.0842085116364865,0.2055865494689031,0.1256319130444911,0.3116318893914643,34.30120080415854,32.93160524869319
0.0649119755574854,0.1556260205153906,0.0864691392768601,0.2117050029035685,0.12659099094717,0.3154964541654931,34.30027478270168,33.021761645813086
0.0680326815570694,0.1637287643286916,0.0904628443700887,0.2223736318884525,0.131543293656713,0.3289998346365966,34.29934462292174,33.11191671586207
0.0721855525205461,0.1743348583398286,0.0961988732763634,0.2373586138851292,0.1384207608908068,0.3480419187303167,34.29841030759425,33.20207045692889
0.0770346018350676,0.186497408477766,0.103617269860758,0.2561802884106567,0.148404181802083,0.37475911083486,34.297471819377826,33.292222867114376
0.0843801022753423,0.2046604195484359,0.1169942695848821,0.2887837052899198,0.1727522772694215,0.433579395982805,34.29652914081326,33.38237394453174
0.0850119680323889,0.2104175645081859,0.1057072043243392,0.2675230069783946,0.135876164651106,0.3529943861611106,34.386502395136134,29.324612779548236
0.0827546284807956,0.204368974254024,0.1025207476029172,0.2588189547713557,0.1311554903825061,0.3397827168016531,34.38577440542546,29.414821759050096
0.0841360338247568,0.2073134606337705,0.1050739643876966,0.2646095989831572,0.1353551287313017,0.3496730172011305,34.385043087143835,29.50502949992921
0.093601303781375,0.2291637005696546,0.1241161887967303,0.3090600083775197,0.1716051694994013,0.4358123857395573,34.384308427870224,29.595235999805936
0.1096654352366027,0.2646292925718189,0.1626142714084761,0.3905133526555832,0.2516009049753576,0.6027334376481477,34.38357041510151,29.685441256312206
0.1056100491064777,0.2555487183662263,0.1461196963250648,0.359858775606073,0.2059980750215707,0.5195070129214697,34.382829036251955,29.775645267091818
0.0980624558486189,0.2368314015834981,0.1387886486331391,0.3394420078854762,0.2044131745997481,0.5060823642704111,34.38208427865266,29.865848029800354
0.0928147639412472,0.2219300463527803,0.1444229069123027,0.3434202718126016,0.2302644545404674,0.5511156214829361,34.38133612955087,29.956049542105198
0.0807703310066465,0.1931994755429668,0.1284825885140013,0.304281829793764,0.2137968982499907,0.5082376437321048,34.380584576109484,30.04624980168558
0.0684548989587909,0.1639546354417263,0.0962186366728888,0.2335801008396194,0.1478963932644542,0.3627977414551482,34.37982960540634,30.136448806232554
0.0624668194995381,0.1490444055686206,0.083530305747684,0.2031672709808845,0.1176975893220703,0.2933332828053037,34.37907120443376,30.226646553449037
0.0595374105017498,0.1417597491270456,0.0833326071083697,0.2012676347020381,0.1335739552390948,0.3238172120348734,34.37830936009773,30.31684304104995
0.0561229764366129,0.1332703793499412,0.0795696247311027,0.1913739018792146,0.1357899299049356,0.3244730604798673,34.377544059217456,30.4070382667619
0.0514117337098482,0.1213886052530886,0.0680174948889847,0.1634823984552553,0.0982589651506829,0.2409603220919836,34.37677528852466,30.49723222832361
0.0468341705790959,0.1099331637362243,0.059002733601869,0.1411743158054648,0.0781284094906231,0.1914119792057498,34.37600303466294,30.58742492348562
0.0435137292052233,0.1015415390625683,0.0536078170677286,0.1274653235606784,0.0686465529472488,0.166998663142959,34.375227284187204,30.67761635001043
0.0411439229714521,0.0954735701797718,0.0502175803736326,0.1186753643145525,0.0635320774997189,0.153481537609087,34.374448023562906,30.7678065056726
0.0397230985154913,0.0917941082027714,0.0483203562155522,0.1136817864669378,0.0609155570074414,0.1464301789227357,34.37366523916551,30.8579953882585
0.0387042872909603,0.0891383508306133,0.047030993244121,0.110253102303891,0.059252428960392,0.1418851696557387,34.372878917279756,30.948182995566693
0.0381856449251324,0.0877828643520686,0.0463878178300233,0.108532866592484,0.0584426035460388,0.1396516540748701,34.372089044099056,31.038369325407643
0.0379943311740389,0.087295218468485,0.0461474595590701,0.1079033913121674,0.0581287784050659,0.1388034316171186,34.37129560572479,31.128554375603827
0.0380941214303672,0.0875977345978653,0.0462537675108164,0.1082369572526096,0.0582252451602718,0.1391334637329525,34.37049858816561,31.21873814398984
0.0385406007469272,0.0888577146723546,0.0468031227629165,0.1098182671201118,0.0589083728876183,0.1411554515795235,34.36969797733683,31.308920628412267
0.0395974895585468,0.091762277975658,0.0481919513053509,0.1137033823924253,0.0608232187774181,0.1466192733918639,34.36889375905968,31.399101826729822
0.041446944307077,0.0967501055503675,0.0508117078194227,0.1208835378806067,0.0648133985884026,0.1577147617039059,34.368085919060654,31.48928173681329
0.0449234939980424,0.1057981940560972,0.0561762286250048,0.1349962814939897,0.0738379716333451,0.1816018007595973,34.367274442970725,31.579460356545546
0.0504710369000086,0.1195770536147901,0.0656841307940689,0.1584783939589845,0.0915732764367102,0.2247804941814039,34.366459316324764,31.669637683821577
0.0573871664960359,0.1362299175505357,0.0775558291274517,0.1867087133595082,0.1123845154982671,0.2736066496246151,34.3656405245607,31.75981371654853
0.0618292974842165,0.1469602452359008,0.0842108635700432,0.2029992427263362,0.1217631218219944,0.2972195745082197,34.3648180530189,31.849988452645654
0.0622120853277919,0.1476863476920446,0.0848225954140727,0.2043764291528247,0.122577229989513,0.2994190256639725,34.36399188694146,31.94016189004446
0.0586487116074382,0.1387856973191446,0.0799838936876089,0.1921741714008605,0.1167818100656986,0.2846711375324679,34.36316201147123,32.03033402668848
0.0538056900827625,0.1272741461691097,0.0723169882063257,0.1743440147284625,0.1072174812870127,0.2629750782550379,34.362328411651475,32.120504860533615
0.0524597882507077,0.1238414253893629,0.0712017618490359,0.1715014728306715,0.1112084885395543,0.2717608039420921,34.36149107242476,32.21067438954777
0.0533347402419943,0.1256813252681699,0.0733738122822211,0.1764039771680375,0.1161919194873841,0.2838808759573424,34.3606499786324,32.30084261171122
0.0552640712477819,0.1303972848079294,0.0764174055477913,0.1840552957538407,0.1199695931571424,0.2941628683883007,34.359805115013636,32.39100952501638
0.057248909051852,0.1354560489104384,0.0791366458698912,0.1911410301053142,0.1237030875618639,0.30379070134614,34.35895646620484,32.48117512746794
0.0581780935585662,0.137955446044337,0.0794715748330606,0.1924115058466686,0.1220359263457791,0.3006416075298828,34.35810401673882,32.57133941708288
0.0594629156104534,0.1413567133646716,0.0806677530033247,0.1957799878969637,0.1226933412946898,0.3028393220210869,34.35724775104396,32.661502391890366
0.0613046984148174,0.1461701043924398,0.0829586076566133,0.2018742121862106,0.1257976533738972,0.3108247233209351,34.356387653443434,32.751664049931875
0.0625621063739389,0.1495295875210232,0.0838022887598331,0.2044782712399665,0.1247615043171376,0.3094797557743633,34.35552370815443,32.84182438926118
0.0646880801691724,0.1550790132127773,0.0862298899743938,0.2110691404832909,0.12681400267926,0.3156893577507219,34.35465589928738,32.93198340794435
0.0676167341488503,0.1626494333551844,0.0901303510824863,0.2213427038981652,0.1317738664601576,0.3289810005931936,34.35378421084505,33.0221411040598
0.0707941324045768,0.1708346427857174,0.0939980184503441,0.2317194430216469,0.1349526261409412,0.3390623568215435,34.352908626721785,33.1122974756982
0.0752480169160118,0.1821501273244221,0.1003022330114832,0.2480979733244613,0.1428737573231349,0.36076683484137,34.35202913070268,33.20245252096261
0.0820431582917189,0.1990592816547921,0.1116775627809187,0.2763953163829594,0.1611173050428591,0.4069698823706659,34.35114570646275,33.29260623796846
0.0884434838019157,0.2147916074175903,0.1238940638794858,0.3056317025732123,0.1848887216662366,0.462358760543906,34.35025833756596,33.38275862484341
0.0952370287862163,0.237399818476644,0.1192227595740674,0.3040217987117854,0.1542618085806988,0.404057019635677,34.43797316820017,29.32492110926997
0.0908785751260746,0.2258757857658181,0.1131355931772057,0.2875827354808168,0.1455033483264952,0.3797578711113051,34.43729056404608,29.41513122205267
0.0906426404414699,0.2246294155482654,0.113173316592745,0.2867640748619442,0.1456580910636018,0.3788045712677197,34.43660483867344,29.50534009816797
0.099926889111741,0.2457920165696642,0.1314944737675504,0.3291140999427493,0.1799033506921885,0.4593767654785082,34.43591598043473,29.59554773524697
0.1179227365111579,0.2846431899608156,0.173126867122787,0.416184710355564,0.2634174294036827,0.6329775568813123,34.43522397760554,29.68575413093249
0.1141777628891332,0.275940251332759,0.1597510347213289,0.391796354931363,0.2275889537837725,0.5697794625844562,34.43452881838401,29.775959282879214
0.1046924535180723,0.2525604429412326,0.1519987076847356,0.3683886226520523,0.2298476084161657,0.5598673368854643,34.43383049089017,29.86616318875365
0.0947100916209006,0.2271750079848233,0.1448269210911944,0.345886441820427,0.2289360583584108,0.5494926873120751,34.43312898316556,29.956365846234213
0.0804574176983861,0.193328931875886,0.1188638234608756,0.2867602212660621,0.1867152588501345,0.4544019602999109,34.43242428317252,30.046567253011226
0.0688320745103958,0.1653835430163693,0.0930125624300447,0.2272544192362208,0.1341326138874884,0.3339224832626816,34.43171637879367,30.136767406786916
0.0634234013668108,0.1519041516699066,0.0834723982203874,0.203747284488627,0.1156507973068504,0.2890350645116203,34.431005257831416,30.226966305275397
0.0610865127831796,0.1460879822485135,0.0844028115782115,0.2046121229915676,0.1337408194383966,0.3247645777521472,34.430290908007215,30.317163946202747
0.0580652512029668,0.1385686581836152,0.0810920118938682,0.1959288812122605,0.1348825215532964,0.3238067514719193,34.429573316961154,30.407360327307064
0.0532720544524886,0.1264424539266553,0.0697696591473242,0.1685146383965644,0.0989632591037421,0.2437602960479206,34.42885247225128,30.497555446338357
0.0485052357401495,0.1144360274985597,0.0608150320352398,0.1462095840838848,0.0798628653094628,0.1964980618090448,34.428128361353,30.587749301058658
0.0449688451817932,0.1054125284879171,0.0552985736559143,0.1320634253036087,0.0705876040678449,0.172430377695087,34.427400971658486,30.67794188924197
0.0425029083005143,0.0990345816421208,0.0518735658561197,0.1230980778108851,0.0655983703765091,0.1591274580000361,34.42667029047616,30.768133208674435
0.0409966141128176,0.0950942118323185,0.049915565215506,0.1178941089602241,0.0629860707401865,0.1520209144400437,34.42593630502995,30.858323257154098
0.0399488701031715,0.0923406245818125,0.0486116344952705,0.1143991581201085,0.0613383642351941,0.14748290307186,34.42519900245872,30.948512032491188
0.0394294501915365,0.0909730524008991,0.0479773663921049,0.1126913452621618,0.0605525489007678,0.1453030297133291,34.42445836981572,31.038699532507948
0.0392504453874024,0.0905222384043472,0.0477532284397142,0.1121113550958947,0.0602573211022266,0.1445149706905706,34.42371439406788,31.12888575503873
0.0394296491062661,0.0910459943010243,0.047959591744388,0.1127282698592542,0.0604813555725326,0.1452133193883178,34.4229670620952,31.21907069793004
0.040014476680191,0.0926928341537752,0.0486933015820824,0.1148316920573873,0.0614247033438615,0.1479796394760267,34.42221636069011,31.30925435904041
0.0413404836589079,0.096327406138113,0.0504829033182946,0.1198170986242075,0.0639858225396756,0.1552304616344822,34.42146227655684,31.399436736240613
0.0437865178202028,0.1028436239374593,0.0540599140274072,0.1294747564777867,0.0696497054733281,0.1706816391812158,34.420704796310794,31.48961782741354
0.0482222664954058,0.1141506339921357,0.0612173593883071,0.1477826539937251,0.0822968150103048,0.2029362663128911,34.41994390647771,31.579797630454262
0.0542227499943152,0.128826577122161,0.0716385719966742,0.1729475796167179,0.1016630659998329,0.248786781546437,34.41917959349337,31.669976143270056
0.059975035746756,0.1427616568150034,0.0808700652812152,0.1951949206724727,0.1163881727822701,0.2842856658410456,34.41841184370252,31.7601533637803
0.0624181557644011,0.1488012683620295,0.0842130122285842,0.2036711435604086,0.1206216808171287,0.2955315567907033,34.41764064335843,31.850329289916726
0.0615001463739953,0.1463481767902732,0.0829338231265197,0.2003275348246634,0.1188942882192207,0.2911548032097286,34.41686597862221,31.94050391962323
0.0575105197806162,0.1365409249307642,0.0769113797313212,0.1856954627533619,0.1102349421189064,0.2705454417411149,34.41608783556203,32.03067725085596
0.0537598952922082,0.1274525212144767,0.071294774215727,0.1724126502813479,0.1044301724611616,0.2572187573811733,34.41530620015248,32.12084928158331
0.0530057775918386,0.1253047862741635,0.0713290969828863,0.1719847511272351,0.109819410555917,0.2688528214824994,34.41452105827384,32.211020009786
0.0543880770886747,0.128425811292477,0.0746094174344055,0.1796610678564822,0.1180564580324923,0.2884982566775629,34.4137323957114,32.30118943345698
0.0561920545167204,0.1328784929812555,0.077236331744149,0.1863623748379715,0.1209182038001549,0.2965428904491903,34.412940198154786,32.391357550601526
0.0578010266433975,0.1369997823856826,0.0789307387620463,0.1909384520771039,0.1210619054821815,0.2981407729397378,34.41214445119707,32.48152435923722
0.0592031570941091,0.140702466976616,0.0804105081616036,0.195060234224877,0.1230241388251433,0.3032406163116942,34.41134514033427,32.571689857394
0.0606648095049644,0.1445679630631101,0.0818253488688154,0.1990256991750189,0.1238438331360164,0.3059720642838122,34.41054225096446,32.661854043114104
0.0622812642443204,0.1488092600247633,0.0833807501213719,0.2033404689375589,0.1238842512401183,0.3072933351596205,34.409735768387,32.75201691445214
0.0643768309708853,0.1543194888377107,0.0858259323933493,0.2100158431202377,0.1268620004241114,0.3153651865874919,34.40892567780202,32.84217846947509
0.0669665556014591,0.1610530295903285,0.0889362922630818,0.2183891073891699,0.1297628878337814,0.323953239106163,34.40811196430933,32.9323387062623
0.0703883868214098,0.1698524872546432,0.0932080581151344,0.2297444122550623,0.1333906722076747,0.3351755236662194,34.40729461290793,33.02249762290553
0.0748259744505201,0.1811821331160911,0.0995322408094992,0.246233894389066,0.142064200808358,0.3583670826430111,34.40647360849507,33.112655217508966
0.0799722206008068,0.1941135930655212,0.1073119879212351,0.2660983672850949,0.1528547065484854,0.3870458906513178,34.405648935865614,33.20281148818914
0.086192092037345,0.209426487874677,0.1175114696448471,0.291397203132469,0.1679805565458464,0.4261700003278302,34.40482057971107,33.292966433075044
0.0925517617314677,0.2250750482059479,0.1296739895843481,0.3203242770597973,0.1923868970424637,0.4819979649504876,34.403988524619,33.383120050308115
0.1087184092357442,0.272735497377138,0.1373872100627624,0.3526723137759158,0.1794051346000882,0.4732172390583656,34.489444718675784,29.325209596583303
0.1016073848106004,0.2541532311663507,0.1274363348024371,0.3261165947954815,0.165188916350649,0.4342449453362502,34.488807502971035,29.41542076978116
0.0991021183416274,0.247078862443544,0.1239998042855084,0.316228681669449,0.1599388370151499,0.4188585419056178,34.488167373419216,29.50563070814132
0.1069636593132036,0.2643554221606362,0.1396948419256371,0.3515488448662238,0.1890776960896318,0.4858440423358297,34.487524319146495,29.595839409304805
0.1261072679541642,0.3045005571520417,0.1831520604886696,0.4409566381274287,0.2739240957139188,0.6613003094854955,34.486878329207315,29.686046870924685
0.1216151314320504,0.2935329571589056,0.1722031611464084,0.4198202825215889,0.248760317721121,0.6158735869263671,34.48622939258376,29.776253090665833
0.1076870317483513,0.260167318728332,0.1568019582137417,0.3792276256603953,0.238069173125453,0.5774622183811787,34.485577498185016,29.866458066204995
0.092514270840799,0.223517839943584,0.1343040935696081,0.3257758115460595,0.2059489438512617,0.5023450562834838,34.48492263484696,29.956661795230943
0.0783718811677874,0.1893857580640968,0.1079293072329531,0.2643176698297121,0.1578718363303453,0.3928908593348157,34.484264791331576,30.046864275444303
0.0685791731323846,0.165452342027508,0.0892542164903096,0.2194077290937067,0.1219957605587684,0.3067318677663048,34.48360395632642,30.13706550455776
0.0644197289234082,0.1549700416334419,0.083430830124999,0.2044656551504739,0.1136674456782047,0.2849228640474519,34.482940118444084,30.22726548029591
0.0630252190086555,0.1515048941919158,0.0859712248883325,0.2093469324566834,0.1343376200099365,0.327061543066967,34.4822732662217,30.317464200395424
0.0606150824019959,0.1455237959632085,0.0834284912526263,0.2027058567477109,0.1347450979464529,0.3255181242694537,34.48160338812035,30.407661662604923
0.0558138662713093,0.1333515884643581,0.0723881956543723,0.1759335287695738,0.1007873581674761,0.2497090604253746,34.48093047252453,30.49785786468511
0.0505756941034031,0.1200333149289819,0.0631359900213375,0.1526539864386095,0.0822876256805064,0.2035198507699931,34.48025450774157,30.588052804408697
0.0466988678423998,0.1100183137600131,0.0573476759787651,0.1376316031224728,0.0730237618408809,0.1792249161963731,34.47957548200122,30.678246479560535
0.0440205826807835,0.1030185766883583,0.0537304356736393,0.1280652980866843,0.0679320344648673,0.1655137172492629,34.478893383454846,30.76843888793754
0.0424283935596152,0.0988082967613441,0.0517137015462654,0.122647875797123,0.06532707793525,0.158351933049231,34.47820820017505,30.858630027348696
0.0413414584416729,0.0959281949271051,0.0503868222742677,0.1190631394183467,0.0636885015316226,0.1538040866225432,34.47751992015505,30.94881989561514
0.0407802929755889,0.0944463111525084,0.0497078494619288,0.1172307547997167,0.0628528332493067,0.1514837980751424,34.47682853130799,31.039008490570215
0.0406747273151167,0.0941884660875976,0.0495741159182359,0.1168931425296571,0.06266755259389,0.1509979515602024,34.47613402146658,31.129195810059304
0.0409135236341205,0.094888846747593,0.0498555812065962,0.1177354382060359,0.0629874396873118,0.1519879457049433,34.47543637838227,31.219381851940025
0.0416959702322412,0.0970814582464694,0.0508627176412663,0.1206031560898936,0.0643342153480345,0.1558916781003095,34.47473558972481,31.309566614082193
0.0434046695243143,0.101727928876528,0.0532359168781431,0.1271499932042081,0.0678635885495976,0.1657504202288054,34.47403164308159,31.399750094367818
0.0466857310034306,0.1103108428220562,0.0582316283983364,0.1403362875277253,0.0761554399654553,0.1877369363223712,34.47332452595699,31.4899322906911
0.0520465985502484,0.1236594005267254,0.0672945230120606,0.162740498972779,0.0929575368160594,0.228629990547026,34.47261422577189,31.580113200958536
0.0587129952941788,0.13977009632347,0.0786390231215485,0.1897479700962381,0.113014614682784,0.2755895519493629,34.47190072986292,31.670292823088868
0.0630765312819298,0.1504490158256825,0.0850910691221968,0.2056439729305743,0.1221714751928964,0.2986382662131995,34.47118402548192,31.76047115501302
0.0637636453499042,0.1521373106725011,0.0859073607127758,0.2077636394015251,0.1230333595273127,0.3011046482313925,34.47046409979525,31.8506481946743
0.0611658440707037,0.1457232054377511,0.0818970342733332,0.1979501001398269,0.1170334296992557,0.2864592400041817,34.46974093988323,31.940823940028267
0.0565213503058451,0.1345319291532689,0.074275209497733,0.1800027852938217,0.1045594448716176,0.2580836155421503,34.46901453273941,32.03099838904279
0.0535791560503879,0.1272221424657266,0.0703244650092738,0.1703543583128148,0.1024808493911572,0.2527757536486883,34.46828486526998,32.12117153969809
0.0536009372842473,0.1268694321729394,0.0718969045311951,0.1734774729730996,0.1111511741041253,0.2717608366321195,34.46755192429306,32.21134338998674
0.0553914719142036,0.1310635830270555,0.0756374307356694,0.1824381603919222,0.1193272231163667,0.2916780152918264,34.46681569653817,32.30151393791361
0.0572083758046273,0.1355897845097185,0.0781871300676923,0.1890000915587201,0.1219819589471433,0.299237712176216,34.46607616864537,32.39168318149599
0.0588073149694065,0.1397038045996058,0.0798294125821562,0.1934715017979537,0.1219716925005493,0.3005147275306565,34.46533332716474,32.48185111876356
0.0604569652423695,0.1440429471209347,0.0816782664053679,0.1985577125528753,0.1243812699662842,0.3068458443334028,34.46458715855563,32.572017747758345
0.0621707399094566,0.1485588098838662,0.0834447901128438,0.2034555215138027,0.1255634277877727,0.3106461496775484,34.46383764918595,32.662183066534844
0.063999232279257,0.153352543738281,0.0852649835205202,0.2084966738778504,0.1257865357171082,0.312630533850414,34.463084785331596,32.752347073159946
0.0665532579529187,0.1600285055021255,0.0884159203543217,0.2169961932604272,0.1296979099323402,0.3232520865712926,34.4623285531756,32.84250976571298
0.0697220740786724,0.1682179823152474,0.0924345416591884,0.2277056236557304,0.1338519565483315,0.3352474809892743,34.461568938807545,32.93267114228578
0.0738573644597566,0.1787881557135108,0.0978629822672733,0.2420015747610359,0.1392153039638617,0.3510976595641812,34.46080592822272,33.022831200982544
0.0798369314514858,0.1939148857475389,0.1067814632154937,0.2649540361209046,0.1519840609442335,0.3847777398247116,34.460039507321575,33.11298993992003
0.0871614577178616,0.2120038257847896,0.1186226646895355,0.2945309191460042,0.169717262318933,0.4305073042037418,34.459269661908806,33.20314735722748
0.094080246794138,0.2286224660935624,0.1315828972787601,0.3252380647678416,0.1921810370095245,0.4845896464748659,34.458496377692796,33.29330345104653
0.0986941069245158,0.2398034616802023,0.1411609469789487,0.3471337399983735,0.2128628764660866,0.5290874831721856,34.45771964028472,33.38345821953153
0.1276830898152469,0.3215793408292081,0.163741481954733,0.4216932628361084,0.2170032943426139,0.5738544905116691,34.54091699491201,29.32547824043694
0.1161640525114555,0.2919145050216077,0.1476547662244286,0.3795461923528192,0.1941086143938246,0.5125225555312919,34.54032517035722,29.415690401179273
0.109722460009444,0.2749982597283371,0.138134574209286,0.35421265800393,0.179428874186297,0.4726349171882962,34.53973063934464,29.5059013287877
0.1148097837963815,0.2851127611812883,0.1489458882648034,0.3769361735877563,0.1997172869056106,0.5165881251901785,34.539133391774335,29.596111020912822
0.1328889539625924,0.3213279313808421,0.1909780003224964,0.4608387839775775,0.282010250429546,0.6834824624940181,34.538533417479634,29.686319475217054
0.125497245692943,0.3034503138790148,0.1778671532081115,0.4329408124692734,0.2581168320613194,0.6359034356702886,34.537930706226696,29.77652668937475
0.105756651204954,0.2571979007344673,0.1495365031903962,0.3655230351902572,0.2229922124035838,0.5467746963642037,34.53732524771407,29.866732661072316
0.0889541127597763,0.2165537701265682,0.1214182047290703,0.2993305426224006,0.1755290823217836,0.4383386984707468,34.53671703157209,29.956937388007997
0.0761411473731007,0.1850496599503565,0.0992850328074901,0.2456332604216269,0.1359984767357877,0.3435682203505956,34.536106047362466,30.047140867892214
0.0686035532338917,0.1662848734505076,0.0868673260590995,0.2146598485797541,0.114454829176744,0.289533967284608,34.53549228457781,30.13734309844726
0.0657937038405487,0.1590890734209123,0.0840517235724375,0.2069361862562905,0.1129228692265988,0.2840000191761564,34.53487573264114,30.227544077407543
0.0657031688925988,0.1589133427102629,0.0885640525391385,0.2168409961887662,0.1361392432194451,0.3327376400037347,34.534256380905276,30.317743802519495
0.0643929900320098,0.1557083304348549,0.0874760708522408,0.2139712069342279,0.1364689539601569,0.3325707261204916,34.53363421865246,30.40794227154168
0.059294548252984,0.1427709664255001,0.0762797628330708,0.1867893924897016,0.1043594532394636,0.2604828629395978,34.53300923509383,30.49813948224469
0.0531995073435134,0.12713071762206,0.0661833436202521,0.1610888087488441,0.0857172789560783,0.2133346534975485,34.532381419368825,30.588335432411235
0.0487984179928832,0.1156229561929914,0.0598613138580308,0.1444733880495907,0.0760684985779723,0.1877190015627027,34.53175076054473,30.678530119836186
0.0457852037490878,0.1076575593374047,0.0559026603284274,0.1338828801620059,0.0706842970158186,0.1730538582998949,34.53111724761615,30.768723542326548
0.0440391949716182,0.1029927189313317,0.0537472605013636,0.1280327629305184,0.0679886987073939,0.1655654742269141,34.53048086950449,30.858915697701466
0.0429341030095029,0.1000362633663013,0.0524193401726764,0.1244116085297677,0.0663792954638199,0.1610572916800208,34.529841615057364,30.949106583792318
0.0423659675291518,0.0985280748093051,0.0517391879838717,0.1225674930199797,0.0655480919071419,0.158740827817584,34.5291994730481,31.039296198442642
0.0422954055530409,0.0983678044986825,0.0516483504227678,0.1223522223855072,0.0654119965200868,0.1584002108332368,34.52855443217521,31.129484539508166
0.0426213098778591,0.0993193675926437,0.0520401244762183,0.123516206071027,0.0658764814170734,0.159815298234226,34.52790648106185,31.21967160485693
0.043633398481725,0.1021395398450269,0.0533784153943801,0.1272981005830062,0.0677383882829024,0.1651478403858017,34.52725560825514,31.30985739236913
0.0458762774353001,0.1081575913925879,0.0566038643233891,0.1360538401455777,0.0727497612919838,0.1788651410383155,34.52660180222583,31.4000418999373
0.0500860064761311,0.1189242851465684,0.0633023793056133,0.1532224371320744,0.0844440718257434,0.2087167569409525,34.52594505136749,31.49022512546622
0.0559281538946811,0.1332537654228686,0.0732881648424352,0.1773732184483042,0.102933984009875,0.2524792755779422,34.52528534399617,31.580407066872976
0.0613877552311977,0.146530814770901,0.0820258080532844,0.1984467490237337,0.1170849483631968,0.2864822299381804,34.52462266834961,31.67058772208693
0.0637323015403589,0.1524195683812723,0.0851976367337801,0.2065543884735786,0.1211460780668275,0.2972565067556605,34.52395701258685,31.76076708904987
0.062979866915631,0.15049994097035,0.0839777509975699,0.2034824133428871,0.1193338548282447,0.2926500728693419,34.52328836478753,31.85094516571581
0.0592275860089307,0.1413720203118706,0.0778595681982827,0.1888018497007681,0.1093591347962047,0.2690148682719198,34.52261671295127,31.941121950051183
0.0550715847877887,0.1312815502632766,0.0708801968969734,0.1722491107313406,0.0974006524053703,0.2416549761428052,34.52194204499724,32.031297440034855
0.0533441903721247,0.1267338882838806,0.0691143108760907,0.1674734370489341,0.0989936236628418,0.2443830367970799,34.52126434876336,32.12147163365798
0.0540738510799657,0.1281267246995412,0.0716333763958694,0.173006023201967,0.107952369631864,0.2647201949815237,34.52058361200583,32.21164452892411
0.0563336290822937,0.1335536007672605,0.0761386664273169,0.1839622577028977,0.1173726691616944,0.2879390061501845,34.51989982239842,32.30181612384935
0.0580953687031848,0.1379762337678916,0.0785222363454792,0.1901554944213954,0.119815098733229,0.2949525469999474,34.51921296753193,32.391986416462125
0.0595089169889416,0.1416825375428005,0.0794693693786417,0.1930540617705789,0.1180070760158975,0.2919855754139011,34.51852303491351,32.48215540480332
0.0616999013426129,0.1473637068059426,0.0824940257575337,0.2010043099414868,0.122812019426097,0.3042770887587827,34.51783001196606,32.57232308692635
0.0636216755915055,0.1524070637989319,0.0845881002164091,0.2067586900423489,0.1244331737913217,0.3093170443579257,34.51713388602759,32.66248946089704
0.0654349798879991,0.1572088163632194,0.0860708459263765,0.2111155740579353,0.1235359925781802,0.308812006129858,34.51643464435052,32.75265452479371
0.0689366934525882,0.1662461736110324,0.0909470766378616,0.2239271448926736,0.130476120810858,0.3271792300715277,34.51573227410112,32.84281827670726
0.0729636824414342,0.176599650433202,0.0962654471451123,0.2380003671344446,0.1365506751836498,0.3443188295953848,34.51502676235881,32.93298071474102
0.0778666070885048,0.1890866542272817,0.102813786215716,0.2552253449601709,0.1436705716799721,0.3648472543221965,34.51431809611547,33.02314183701089
0.0855305153549504,0.2081750969002495,0.1150444735819189,0.2860993196484471,0.1625046729744451,0.4134566866946191,34.513606262274806,33.11330164164533
0.0944624276262305,0.229894816780626,0.1304624745472205,0.3236472516595272,0.1876783594443085,0.4758945372538502,34.51289124765165,33.203460126785366
0.1014086619986008,0.2463761439077236,0.1446000990066067,0.3559899230697685,0.2154092105472175,0.5379580409188823,34.51217303897134,33.29361729058452
0.1053442483009706,0.2560109465387919,0.1503987261524779,0.3701829241358452,0.2236130853820547,0.5582166305801217,34.511451622868954,33.383773131209
0.1532854765323354,0.3854443070614842,0.2005944175549518,0.5140994568051194,0.2715733995061349,0.711805911834027,34.59238994525355,29.325727039851863
0.1372746837322342,0.3452906630550031,0.1780118924562614,0.4572176631410027,0.2387890415728424,0.628893735836823,34.59184351435715,29.41594011526311
0.124173771086595,0.3124053944178025,0.1581505273750766,0.4068722460846954,0.2082167199153833,0.5499255601184424,34.59129458440879,29.50615195911863
0.1237177938896303,0.3084465002854671,0.1599907504695634,0.4067730096007141,0.2134177813788207,0.555102012942374,34.59074314608251,29.596362569077694
0.1387525217724297,0.3367007491546767,0.1972256937582095,0.4775581123770515,0.2889748177414549,0.7018082974502768,34.59018918999074,29.686571942811437
0.1248692214892237,0.3039114601317262,0.1742186121679172,0.4270731614906742,0.251000468165557,0.6216173407094469,34.5896327066838,29.77678007800308
0.1020672918294028,0.2502559761362294,0.1376762790834055,0.3418767854447407,0.195634482287658,0.4912068039923584,34.58907368664968,29.86698697234782
0.0860842516456249,0.2109578510112913,0.1118281562689817,0.2788895556466785,0.1521814431985387,0.3870373183175155,34.588512120313325,29.957192623552846
0.0754664181425192,0.184457456832231,0.095123085962759,0.2369991316478937,0.1246592132244327,0.3177348009887917,34.58794799803631,30.047397029337457
0.0695152831646655,0.1694113064555409,0.0864397601779243,0.2147340412656565,0.1112892963100897,0.2829558602987538,34.58738131011641,30.137600187433023
0.0679417103013803,0.1652606533018559,0.0859035308536182,0.2126305293939141,0.1141364680710651,0.2882705078423811,34.58681204678715,30.22780209558292
0.0697113655646015,0.1697828500925202,0.0930807073674254,0.2293258170927598,0.1404630120893291,0.3451708061503908,34.586240198217254,30.31800275154273
0.0703465634597679,0.1713655022226458,0.094646203128592,0.2331037300159642,0.1421568527316292,0.3502232927902654,34.5856657545102,30.408202153080122
0.0643646065202121,0.156298033472005,0.0823710946692593,0.203397788374069,0.1110883478085415,0.2796576204455224,34.58508870570388,30.498400297974886
0.0566030973081651,0.1363230664423449,0.0702534819426471,0.1723041992608947,0.0905574261309759,0.2270376590845626,34.58450904176996,30.588597184019005
0.051270407808282,0.1222281263679866,0.0628633985474684,0.1526443948421009,0.0797845741194619,0.1980720327941777,34.58392675261347,30.678792809016628
0.0477723849145699,0.1128855678183738,0.0583694125660102,0.1404937581345847,0.0738420387831738,0.1817123283518086,34.58334182807235,30.76898717078411
0.0458912534225142,0.107805560340498,0.0560944190218168,0.1342523044826964,0.0710714189423596,0.1739310644032113,34.582754257916875,30.859180267150027
0.0447344176470953,0.104686451920015,0.0547256766608656,0.1304917458295106,0.06944039639993,0.1693298894218143,34.5821640318493,30.94937209595512
0.0441364885147903,0.103093958007261,0.0540127911251273,0.1285541423880861,0.0685681908840458,0.1668964035023933,34.58157113950316,31.03956265505254
0.044079998853385,0.1029782399831934,0.0539352952880505,0.1283839819127437,0.0684380085244975,0.1665833676594513,34.580975570443044,31.12975194230753
0.0445522930392764,0.1043368094681803,0.0545126212735725,0.1300705336308058,0.0691481126495171,0.1686965617257206,34.58037731416378,31.219939955597724
0.0458901335806782,0.1080271263913084,0.056332077611675,0.1351505241702214,0.071780893300008,0.1761176074766337,34.579776360090165,31.31012669281302
0.0488946228295939,0.1159330109959312,0.0608424237272831,0.1471057161968428,0.0791581946972234,0.1957233519212281,34.57917269757632,31.400312151855665
0.0540987508344834,0.1289281398910134,0.0694987336571889,0.1685450587227733,0.0950264205998768,0.2343744905316266,34.578566315905235,31.490496330640187
0.060470896439507,0.1443657766059146,0.0802372270532073,0.1941312183394721,0.1141279254640606,0.2789966226519106,34.57795720428822,31.580679227093547
0.0645478306555835,0.1543917577385345,0.0862899970552417,0.2090500075523723,0.1229082695400366,0.3009908698111323,34.57734535186432,31.670860839155015
0.0652110989889762,0.1560885464423079,0.0870358893030417,0.2110380899169328,0.1236914890194531,0.3032307647900147,34.576730747699884,31.761041164776266
0.0627245607043388,0.1499685525060304,0.0831307867954151,0.2014356285042285,0.1178690988583192,0.2886826127686718,34.57611338078794,31.851220201921336
0.058081073709404,0.1388383817353096,0.0751191772148629,0.1826352856863874,0.1035762091468354,0.2559833067300127,34.57549324004769,31.94139794856674
0.0545553178970595,0.1301480374347451,0.0694243500787355,0.1688577220079435,0.0944451593888976,0.2345807528594214,34.57487031432394,32.031574402701395
0.0538020201635621,0.1279172690076551,0.0694319328520193,0.1683051738897395,0.0999059671168454,0.2462292495675711,34.574244592386584,32.12174956232675
0.0551480649351478,0.1309293956283759,0.0729630411319197,0.1764825755702888,0.1110488821755955,0.2717625825767135,34.573616062929936,32.21192342545653
0.0573931842495685,0.1364118248796325,0.0771274553960333,0.1867580591873626,0.1193560365668554,0.2923508649350484,34.5729847145723,32.302095990117124
0.0594316075440121,0.1415648014699384,0.0799562110149658,0.1940991966036521,0.1224354302090803,0.3010765417182314,34.57235053585532,32.39226725434733
0.0612007878756366,0.1461383720843253,0.0818518294015379,0.1992482159435297,0.1227678202825619,0.3033555946269985,34.57171351524337,32.48243721619841
0.0634034522481609,0.1518993539990499,0.0845214589358001,0.206480923305338,0.1261119581578956,0.3123820013447684,34.57107364112309,32.57260587373434
0.0657142899113068,0.157943757855118,0.0871639474078645,0.2136748565967797,0.1283269457888207,0.3191503678197714,34.57043090180266,32.66277322503141
0.0684834100636055,0.1651303265958655,0.0903505259518127,0.2222947211644931,0.1302683701909159,0.3259741984679026,34.5697852855113,32.752939268178544
0.0723943421900925,0.1752373621820261,0.0955853739666406,0.236167769560867,0.1370370917839729,0.3443592142108622,34.56913678039865,32.843104001277325
0.0775845104527554,0.1884826009279779,0.102779417258248,0.254974072715819,0.1458949966197867,0.3688095502269289,34.568485374534106,32.9332674224418
0.0844865562424009,0.205782112392953,0.1128959446233464,0.2809294195696523,0.1588809976433494,0.4042229928357387,34.5678310559063,33.023429529798676
0.0943344638675939,0.2299357853734162,0.1291204854820499,0.3210826262267938,0.1844336929782098,0.4686731146900069,34.56717381242237,33.11359032148724
0.1069480073116936,0.259530919277619,0.1528010009712659,0.3760773655570553,0.2255047661464564,0.5647376781530791,34.56651363190749,33.203749795659405
0.1149281724305266,0.2776636269685785,0.1697666903813975,0.4125507018905541,0.2579854037782865,0.6334542105595311,34.56585050210409,33.29390795047975
0.1116864372200162,0.2710036578684845,0.1609724008103965,0.3947413654730379,0.239714601655535,0.5963439863090088,34.56518441067132,33.38406478412549
0.1882995353671311,0.4686330713866511,0.2520710162227709,0.6349765172836217,0.3494721669771132,0.8927354314387603,34.64386351804107,29.325955993921212
0.1669778522923631,0.4171098595628827,0.2223077687523856,0.5638942882754544,0.3062326867843076,0.7914643675871463,34.643362483119205,29.416169911121536
0.1446951472593746,0.3633147573132423,0.18897836329706,0.483476827044578,0.256035655462231,0.6696630860378331,34.642859156566566,29.506382598218522
0.135736623524435,0.3396467934678359,0.175321545341011,0.4476676259005246,0.233152909915566,0.6097533283989944,34.64235352983119,29.596594052879396
0.1432263618018715,0.3492368285210426,0.2010857689258496,0.4895780900814518,0.292372082447396,0.7128009951086647,34.64184559430472,29.686804272783448
0.1226639188048567,0.3012570188452707,0.1661343232586024,0.4127765591250238,0.2332940998169675,0.5874573089797007,34.64133534132185,29.777013255621892
0.0996085925717356,0.2460564578728201,0.1289394353977253,0.3242687149943021,0.1738153076860802,0.4457580303730948,34.64082276215998,29.867220999098127
0.0852076536106407,0.2101114509128421,0.1072144544032643,0.2695671079878439,0.1398757052342041,0.3597937665476284,34.640307848038816,29.95742750092754
0.0766030037059231,0.1883931683907257,0.0947540233715622,0.2375794398018449,0.1211431536607686,0.3108609802518059,34.63979059011994,30.04763275883764
0.072043855055871,0.1767250261524768,0.0887106026484545,0.2217436873138814,0.1128675634283903,0.2886178702337048,34.639270979506456,30.137836770568065
0.0713945549903199,0.1748593397693034,0.0896214244202444,0.2232544659524201,0.1179807726041455,0.2996775869541396,34.638749007242396,30.22803953387054
0.0755894604450253,0.1853611060047882,0.1002435848058401,0.2484500174985797,0.1479568606608073,0.366146707794007,34.63822466431254,30.318241046509005
0.0802769141689898,0.1963933327632428,0.1077006006627984,0.2660902475264258,0.1567004891945978,0.3890100095482897,34.63769794164179,30.408441306259533
0.0722771956084947,0.1769151745914668,0.0924201177480061,0.2299656662123879,0.1236248350541714,0.3136053432192318,34.63716883009486,30.49864031091038
0.0610202779562943,0.1481950668577321,0.0756710864635643,0.1871209625882046,0.0972917525547156,0.2458630831036689,34.63663732047576,30.588838058262073
0.0541217375864045,0.1298636031323581,0.0663519619651302,0.1621537097886457,0.0841509032701027,0.2102451908688173,34.63610340352737,30.679034546127266
0.0501351103348156,0.1191123953587082,0.0613116516557802,0.1483922264254893,0.0776220912927928,0.1920965120049259,34.6355670699311,30.769229772330938
0.0480548048455501,0.1134329476722554,0.0588447080783841,0.1415494724793966,0.0746912529707655,0.1837728799350876,34.635028310306296,30.85942373471029
0.0467861055527479,0.1099920360672102,0.0573580621553172,0.1374426735291419,0.0729350509473777,0.1787961799666396,34.63448711520981,30.949616431114865
0.0461979192494719,0.1084151960873906,0.0566600762727396,0.1355353498314581,0.0720782736708054,0.176396404706638,34.63394347513571,31.039807859406423
0.0461021540689624,0.1082134061046432,0.0565301135993789,0.1352449217944573,0.0718720550316864,0.1758985038017715,34.63339738051458,31.129998017459098
0.0467111940309763,0.1099606788555254,0.0572888697999221,0.1374501726222168,0.0728377726776772,0.1787408933684666,34.63284882171321,31.22018690315933
0.0485587105684112,0.1149739453642581,0.0598650145278727,0.1445120528545075,0.0766961474739792,0.1893833486022846,34.63229778903414,31.310374514405964
0.0524344404061366,0.1249261847885217,0.0659551433212637,0.1601618680464689,0.0872126644630324,0.2162544156935431,34.63174427271502,31.400560849110153
0.0581270161892431,0.1389254238468104,0.0755437033339027,0.1833991123184354,0.1048625929227387,0.2580504235265966,34.631188262928355,31.490745905195443
0.0633061162641593,0.1515733753083714,0.0837754777980734,0.2032875160683742,0.1183367240978515,0.2903452424743053,34.63062974978087,31.580929680597816
0.0654221232522645,0.1569328253406495,0.0866514837343777,0.2106523672953175,0.1221231632690409,0.3003251900127238,34.63006872331302,31.671112173265676
0.0646175997815795,0.1549195428617483,0.0853581182554356,0.2074021401045647,0.1202592483898018,0.2954890193602429,34.629505173498636,31.76129338115981
0.0608310669683519,0.1457053114772056,0.0791156637003171,0.1923621912468551,0.1099813362289456,0.2708045141828918,34.62893909024427,31.851473302253552
0.0562862599532098,0.1346964653050491,0.0711118652574802,0.1733712889379647,0.0948803620690044,0.2360249244933422,34.628370463388805,31.941651934532597
0.0542347890508842,0.129407173003935,0.0681945925041056,0.1658977391314457,0.0913987366612852,0.227123830812258,34.627799282702895,32.03182927599522
0.0544431336536,0.1295734336186529,0.0697172965369767,0.1691614299175215,0.0992876292371847,0.2448966987880585,34.62722553788842,32.12200532465216
0.0560318258428452,0.1332936336742416,0.0732599557949737,0.1775678398012087,0.1089880881193093,0.2674912098738207,34.62664921857807,32.21218007852663
0.0583479172976073,0.1390214611826973,0.0774462970979345,0.1879878634390101,0.11747666090138,0.2884913549364506,34.62607031433479,32.302353535654476
0.0606139944980706,0.1447733482388941,0.0806888205181839,0.196371276188973,0.1215204681201977,0.2995647595878207,34.625488814651185,32.392525694084014
0.0626188480796993,0.1499621255943468,0.0829509219885713,0.202470713039684,0.1224941783460106,0.3034995527438585,34.62490470894905,32.48269655187618
0.0651164061415199,0.1564683611811996,0.0861031089837042,0.2109366590599674,0.1264664689959,0.314312526208349,34.62431798657887,32.57286610710446
0.0679333780203844,0.1637993809259384,0.089518403900925,0.2201362019076859,0.1297238629751345,0.3239628168566804,34.62372863681919,32.66303435785492
0.0714094039763465,0.1727759470403979,0.0937988451659509,0.2315771189411213,0.1333292369446945,0.3352195444629721,34.62313664887612,32.753201302226216
0.076131161477119,0.1848995887057641,0.1003435686993126,0.2487765133215174,0.1420652529090965,0.3588274565719155,34.62254201188284,32.84336693832975
0.0830149459514716,0.2022917568398615,0.1103312215610422,0.274576052459385,0.1553124599861933,0.3946341743405006,34.62194471489889,32.93353126428942
0.0919948123253067,0.2245109629631233,0.124201375511482,0.3095131147606141,0.1749209091314217,0.4462395634404635,34.62134474690979,33.023694278241905
0.1043816820778229,0.2541917150554169,0.1458069811812005,0.3613000612685516,0.2108611371959128,0.5331992325145385,34.62074209682633,33.11385597833643
0.1171638057601917,0.2832384866120838,0.1705471346122282,0.416584160668952,0.2541967570737565,0.630366126713191,34.62013675348409,33.204016362735025
0.1219213769250877,0.2938353519265648,0.1805251567319219,0.4373347067369722,0.2724035451869068,0.6683483120522874,34.61952870564281,33.294175429612274
0.1138240158658904,0.2765906475080201,0.162330977887046,0.3994046552803754,0.2385704362529176,0.5971122383374956,34.61891794198584,33.38433317715562
0.220878857244606,0.5450102164390311,0.2951957827454433,0.7372323193248671,0.4059575488296094,1.0303820820831997,34.6953376616114,29.326165101810506
0.2026605969499964,0.4997379036572186,0.273659891455193,0.6821950415328726,0.3806332527622669,0.9632113977318312,34.69488202478805,29.41637978791598
0.1734033600702756,0.4315150083184348,0.2331402160406259,0.586594554535822,0.3257449605025974,0.8303428655570307,34.694424303769075,29.506593245244726
0.1484346103762477,0.3718063945312255,0.192473548190345,0.4919097337583747,0.2568498586472981,0.6724025382359714,34.69396449077672,29.59680547147128
0.1478654696639353,0.3623485869906663,0.2047160571740122,0.5020671676756653,0.2942442727110814,0.7228303057288662,34.69350257798186,29.687016464282244
0.121751056207772,0.3014331736026531,0.160404472055476,0.4035296508254584,0.2184562819014051,0.5600622388727756,34.69303855750365,29.77722622137631
0.0994843607427191,0.2473222942602311,0.1255315199844564,0.3184624038056446,0.1635789009646131,0.424933107690612,34.69257242140911,29.867434740464272
0.0876378771802313,0.2175277733541834,0.1085737859714722,0.2748952300841978,0.1388312014066478,0.3599021322135808,34.69210416171273,29.957642019268974
0.0805427420703149,0.1995154925350208,0.0989010599947941,0.2497141663999826,0.1253353406572425,0.3237913007168276,34.691633770376235,30.047848055525446
0.0769837335817689,0.1902600416809435,0.0945883982409729,0.2381158260292064,0.1201142162378784,0.3091474801705567,34.69116123930808,30.138052846980933
0.0764459772283222,0.1885975238514529,0.0955600728573777,0.2397078603805178,0.1248636169411432,0.3193158746687266,34.69068656036306,30.228256391394723
0.0833047451644084,0.2054077443636538,0.1097844199280474,0.2733876536575102,0.1581065068203971,0.3941858513808652,34.69020972534202,30.318458686538435
0.0962868052740178,0.2342803450871828,0.1298423876405129,0.3181403249920729,0.1853941158785096,0.4576099701422763,34.689730725991396,30.408659730195783
0.0838540754440128,0.2061204151005346,0.1076495502558469,0.2687070111973558,0.1439541122565503,0.3659431849996284,34.68924955400283,30.498859520162814
0.0665903227938123,0.1630602540800763,0.0826068926237336,0.2059180754891835,0.1061442667315364,0.2702980010950194,34.6887662010128,30.589058054247754
0.0576540618769869,0.139304398243808,0.0706994810434526,0.173977545533859,0.0896430196805642,0.2255133402266329,34.68828065860217,30.6792553302711
0.0529273548307284,0.1264676374845978,0.0648047765120775,0.157767928219307,0.0821327391463269,0.2044915858708416,34.68779291829591,30.76945134606573
0.0504996490491458,0.1197957975956299,0.0619700485838185,0.1498512727518415,0.0788256852951356,0.1950367060007029,34.68730297156249,30.859646099476702
0.0491056676344515,0.1159997013703694,0.0603489450844372,0.1453576621033321,0.076919764694461,0.1896232820828333,34.68681080981365,30.94983958836152
0.0484480160664423,0.114235562742459,0.0595650310146046,0.1432167996231018,0.0759465619113416,0.1869031004921963,34.686316424403884,31.040031810589976
0.0485003909224968,0.1144319446513841,0.0596014005301544,0.1433819524748416,0.0759227379930988,0.1869142044578299,34.685819806630036,31.13022276404416
0.0492569073866805,0.1165925506541857,0.0605560313756667,0.1461376465329331,0.077169818158804,0.1905403057476209,34.685320947730965,31.220412446618653
0.0515861961363777,0.1228134952788119,0.0639193639165081,0.1551761387448882,0.082438877123167,0.2047112519146497,34.68481983888698,31.3106008562204
0.0564855458149258,0.1350832233744019,0.0719618830491996,0.1751450403938913,0.0970654343498474,0.2403906516207233,34.684316471219475,31.400787990768713
0.0627781634190577,0.1503736361335826,0.0824452878523931,0.2001864740841097,0.1157737550220594,0.2840836210582786,34.68381083579051,31.490973848195424
0.0667059246930548,0.160103733719796,0.0882406246270865,0.2145214538468444,0.124292951115242,0.3053740618776424,34.683302923602405,31.581158426444752
0.0674167714573141,0.1619433215923655,0.0890922438308059,0.2167606977856888,0.1253129688407883,0.3081375479483024,34.682792725597174,31.671341723473386
0.0649480533212736,0.1558261892017851,0.0853218686661262,0.2073811603086068,0.119852507706624,0.2942245348566377,34.682280232656176,31.761523737250513
0.0600107666239652,0.1440027530820103,0.0767472735670664,0.1872176726532766,0.1043330259658322,0.2584441327078238,34.68176543559968,31.851704465757816
0.0557464834027364,0.1335092365280051,0.0694187732031586,0.1694671657367426,0.0906180747562215,0.2260983887769468,34.68124832518631,31.94188390698953
0.0546666744868487,0.1305184871878357,0.068189632342368,0.1659659279588107,0.0903280112288946,0.2245809509448479,34.6807288921127,32.03206205895238
0.0554480269623326,0.1321720385358461,0.0704336425218067,0.171163278780133,0.0984376230782873,0.2434231774523954,34.680207127012956,32.122238919665676
0.0574549134645888,0.1370592668413632,0.0745550371857273,0.1812266512981795,0.109502001627759,0.2693773598691901,34.679683020458185,32.21241448716129
0.0594966130335142,0.1421645405650813,0.0778551179637032,0.18954970936309,0.114992749027716,0.283519491777975,34.67915656295608,32.30258875948362
0.0619326030815224,0.1483772512583174,0.0814349530971848,0.198785642181886,0.1201305568025192,0.2971088422582313,34.67862774495039,32.39276173468978
0.0646359133414085,0.1553537111130909,0.0851780964298094,0.2085783756263713,0.1253424568952227,0.310830259113672,34.67809655682045,32.4829334108494
0.067167695191177,0.1619128937361052,0.0881876002425911,0.2167038128225928,0.127484673518864,0.3180707911085925,34.6775629888807,32.57310378604476
0.07064785905627,0.1709268529077274,0.0926143776453412,0.2285166317668357,0.1321791875469538,0.3316259029934544,34.67702703138021,32.66327285837083
0.0754460717521831,0.1832315122364744,0.0993143587799845,0.2460313213908065,0.1409402098769665,0.3553355618861414,34.67648867450216,32.75344062593522
0.0813785304092789,0.1983373032356742,0.1074316369031585,0.2673173342021321,0.1505390763272682,0.3823974480305229,34.675947908363305,32.84360708685819
0.0897047363552559,0.2191034958862726,0.1201098573051464,0.2995341235903791,0.1685790391919961,0.4299874838472931,34.675404723013585,32.93377223927274
0.101921820844846,0.2486988146472449,0.1404477939724861,0.3491655866858398,0.200512632863594,0.5097671385919346,34.67485910843547,33.02393608132457
0.117821526935972,0.2856956776693678,0.1692797752830612,0.4153837785215543,0.250095248092515,0.6230320954224459,34.67431105454358,33.114098611172054
0.1292928499717971,0.310980471880632,0.1903879137007552,0.4612109608291954,0.2843640958980326,0.6986958139090969,34.67376055118402,33.204259826986345
0.1285016840412544,0.3096725317575285,0.1880862598118636,0.4569138397429172,0.2801128109890083,0.6900491307074131,34.673207588134,33.29441972695134
0.1148731881625002,0.2796907852413565,0.1624782917759644,0.4008698339528683,0.2374064710733457,0.5956301988401236,34.67265215510124,33.38457830926371
0.2367168674160659,0.5846644364938338,0.3134711750776245,0.7848555601543746,0.4271282686679082,1.0878472623536375,34.746812324298,29.326354362757414
0.2265796513381702,0.5564024127167196,0.3038296519447329,0.7552579226827988,0.4185741970942572,1.0579292818305528,34.74640208750482,29.41656974488049
0.1954286170634396,0.4821625072846952,0.2649584283826003,0.6594895539645531,0.3711246844689098,0.9355850126570928,34.74598997396392,29.5067838994276
0.1625644201793303,0.4066911299387405,0.2122847373267235,0.541298746527312,0.2853874297417956,0.7444996618183287,34.745575976671866,29.59699682407995
0.1550129708849937,0.3811062439276136,0.2123519475010819,0.5237888433822153,0.3015596069768919,0.7466755776129341,34.74516008857886,29.68720851653079
0.1232531369466353,0.3068856160235472,0.160050292733763,0.4058005840352145,0.2145547556240703,0.5557081598382162,34.74474230258854,29.777418974485478
0.1030988259818708,0.2576257358539918,0.1288309544074702,0.3287304391131848,0.1658584251282586,0.4338446982617134,34.74432261155765,29.867628195661577
0.0944674920808718,0.2357365466054036,0.1169946182377912,0.297637646738142,0.149726401334158,0.3896403827656431,34.74390100829566,29.9578361777887
0.0881766940633905,0.2199366362442577,0.1085759392770177,0.2758802135608395,0.1381917444847505,0.358956425494797,34.74347748556442,30.048042918608694
0.0857571554599052,0.2133045136714817,0.1060389389111985,0.2684268532583456,0.135873380483252,0.3511304984877832,34.74305203607788,30.138248415875584
0.0838019718443002,0.2082215549321034,0.104587733075065,0.2641658732491705,0.13595325805531,0.3501012244399301,34.74262465250168,30.228452667355604
0.0917415630643055,0.2272567269281541,0.1199280254873935,0.2999436127958222,0.1688702351874349,0.4239432664468781,34.74219532745284,30.31865567082729
0.1169012657526538,0.2806216501666725,0.158095641581951,0.3809481123055718,0.2235240010750653,0.5422554417336134,34.741764053499395,30.4088574240813
0.0993933033808943,0.2439542165954064,0.128376518694414,0.3193343786465245,0.1723814162380994,0.4357436793785726,34.74133082316009,30.499057924920656
0.0735869724218476,0.1815693194316083,0.0913800811516781,0.2294561010716964,0.1174796608175704,0.3012166247909084,34.74089562890388,30.589257171160654
0.0616767909306685,0.150030816917493,0.0756807955036586,0.1874941354008206,0.0959876966110076,0.2431136416328865,34.7404584631498,30.679455160628876
0.0559163271008041,0.134334570376942,0.0685822252491764,0.1679029466618923,0.0870659295173336,0.2180531336065185,34.7400193182664,30.76965189116526
0.0532809254734577,0.1270379721896924,0.0655496766000767,0.1593711947235785,0.0835893881371625,0.2080427149382853,34.73957818657144,30.859847360622066
0.0518579061427578,0.123131149802259,0.0639090944805651,0.1547912081484296,0.0816699735932319,0.2025597253440533,34.73913506033157,30.950041566863955
0.0511493949928757,0.1212318150074141,0.0630487550068356,0.1524454663843036,0.0805728347208168,0.199500293430227,34.73868993176191,31.040234507767977
0.0511908983364554,0.1214238273110441,0.0630528919955924,0.1525508281927164,0.0804787857928883,0.1993447244753074,34.73824279302566,31.13042618122349
0.0521051434061764,0.1240112986690131,0.0642087563285838,0.1558527869132584,0.0820031731225653,0.2037157418084431,34.737793636233775,31.220616585132436
0.0550984475720229,0.1318686088985286,0.068659850769833,0.1675598648194644,0.0892307519720277,0.2226373440023131,34.73734245344449,31.310805717409046
0.0605184833527145,0.1452134823081522,0.0777118663808427,0.1895301002336965,0.1059457195269228,0.2622401006673723,34.73688923666308,31.400993575980063
0.0659970609959551,0.1586180781144419,0.0863877718923191,0.2104892541950439,0.1204056964324577,0.2966922729770473,34.736433977841266,31.49118015878476
0.0680971943316121,0.1639962227173476,0.0892357145985583,0.2178227135638889,0.1242108820896861,0.3067063629469019,34.73597666887701,31.581365463774837
0.0673610278236863,0.1621466002779881,0.088107891228566,0.2149497275587675,0.1226548183932983,0.3025821156523439,34.73551730161402,31.67154948891449
0.0638207815035951,0.1534524939536695,0.0824773086630676,0.2011869212009957,0.1137342588599665,0.2806877801561057,34.73505586784136,31.761732232180524
0.0587500425621606,0.1412156572912843,0.0735873623867939,0.1801348873112037,0.0968761540214967,0.2418214303668139,34.734592359293046,31.85191369156222
0.0559130590506257,0.1340094882475222,0.068907908966806,0.1683597271346633,0.0884941080345466,0.2211064757368364,34.734126767647616,31.942093865061405
0.0555885176973062,0.1328689749783544,0.0688615609255512,0.1677945893257089,0.0899500511306328,0.22402144767442,34.73365908452778,32.03227275069259
0.0567440817037375,0.1355721845524694,0.0713542930734959,0.1738235676465655,0.0970210015542047,0.2410107890343671,34.73318930149996,32.12245034648281
0.0587665637448682,0.140586057068876,0.075070342671666,0.1830775400787494,0.1056753832780615,0.2619753527801164,34.73271741007383,32.212626650471655
0.0608631027334042,0.1459164392482901,0.0784376007461819,0.1917068649542244,0.1123997938187699,0.2787245724277272,34.732243401701965,32.302801660711474
0.063409032255221,0.1524436088831234,0.0822675082295818,0.2015854375998933,0.1188217054232874,0.2950605751639904,34.73176726777935,32.392975375267156
0.0664310816443683,0.160203217558827,0.0864692956135335,0.2125112279324254,0.1239359310230441,0.3091510984633631,34.73128899964296,32.483147792216336
0.0696848811183784,0.1686248427471403,0.090898935413335,0.2242228702386234,0.1299749102369139,0.3254133773679228,34.73080858857137,32.57331890964921
0.0739334942531076,0.1795455538469785,0.0966787142671313,0.2394249287664143,0.1369466264343131,0.3448495369991116,34.73032602578427,32.663488725668834
0.0797356569732567,0.194315691780125,0.1046845193239479,0.2603389799331567,0.1462728559993736,0.3712194333271456,34.729841302442,32.7536572383908
0.0875604608272472,0.2139899494382762,0.1165482862611414,0.2906553894942744,0.1637060242919565,0.4168603093198554,34.72935440964511,32.84382444594353
0.0981639850229902,0.2399881773430568,0.1334957238857199,0.3327385389829208,0.1891571468339632,0.4819830827719027,34.72886533843396,32.93399034646819
0.1132087564387899,0.2755906319769425,0.1598346634269958,0.3947099412110705,0.2330820945329807,0.5857369241298599,34.72837407978821,33.024154938118656
0.1264850906243593,0.3056158450438957,0.1836387609496364,0.4478142616915803,0.2722089848047464,0.6735043532628665,34.7278806246263,33.11431821906158
0.131512526324056,0.3172299797688889,0.1908916569012542,0.4648202189745286,0.2816855593900216,0.6967930646881729,34.727384963805136,33.204480187476435
0.1256532881017652,0.3048066276383617,0.1791933210441975,0.4401904342202361,0.2613308381734719,0.6534748754105129,34.72688708811946,33.29464084155547
0.1134310603281006,0.277199995535407,0.1580222751242325,0.3918806549325707,0.2285926053736928,0.5765042871564376,34.72638698830144,33.38480017950374
0.2433276291630512,0.6030578894786586,0.3199041065711751,0.804436975040291,0.4330776651528967,1.1081009608542556,34.79828745443114,29.326523776071994
0.2361913374385596,0.5822430519125628,0.3132782583130899,0.7834283665772662,0.4271187602537337,1.0873380362127727,34.797922619407515,29.416739781321745
0.2117349772566474,0.5219335818582939,0.284068398663052,0.7090237471628837,0.3919932432045616,0.995127200071245,34.79755611509559,29.506954560070476
0.1784557175643063,0.444804864837902,0.2353863706298116,0.5965253580600786,0.3202210191222787,0.8273470169469803,34.79718793526624,29.597168110005388
0.163682716122851,0.402888656407189,0.2227878792860735,0.5516047001161972,0.3131231086573373,0.7810578729259534,34.79681807364914,29.687380428825612
0.1280488614728136,0.3201207695017919,0.1653145760235175,0.4214583644055094,0.2200501955872967,0.5741250258471821,34.79644652393254,29.777591514242587
0.1111037903324882,0.2782289649748317,0.1392795626323623,0.3559475020972974,0.1802256983569168,0.471690549345111,34.79607327976294,29.867801363979847
0.1072864047499717,0.2675640431911212,0.1347048949289762,0.3416187338268657,0.1756654040431667,0.4538406339095103,34.79569833474484,29.958009975773066
0.1007919448826539,0.2522867255609965,0.1253697883298354,0.3192577037465451,0.1615520224930378,0.4197859102997894,34.79532168244039,30.048217347370258
0.1002839319490737,0.2494664744790946,0.1260384535264512,0.3181560163710696,0.1650136851601728,0.4232266837528222,34.79494331636903,30.138423476531504
0.0948259276364522,0.2367783959867934,0.118642085573426,0.3010027602072526,0.1542281099388652,0.3987833206047022,34.79456323000737,30.228628361029223
0.0997060456641753,0.2484610101574186,0.1287625710854394,0.3241487257627734,0.1774799326388787,0.4493672528659216,34.794181416788724,30.3188319986481
0.1311769799748637,0.3146878505215561,0.1750543094069793,0.4218806210267182,0.2432201508990056,0.5909822658033068,34.7937978701028,30.409034387185088
0.115737424907849,0.2830687243287784,0.1497075510992977,0.3703471039488744,0.2011543506099342,0.5045857663938224,34.793412583295435,30.499235524449436
0.0812309952612649,0.2016627945861087,0.1009390105270447,0.2549200044986397,0.1298132686510196,0.3345935315187017,34.79302554966834,30.589435408262773
0.0664442676162272,0.1627272787106018,0.081616514628639,0.2035824454753725,0.1035977433902145,0.2642048491327661,34.792636762478644,30.679634036458975
0.0595027517899356,0.1437589864594063,0.0731385262289523,0.1801187534523391,0.0930484025657895,0.2345030738467667,34.792246214938636,30.769831406884364
0.0566271279316446,0.1357518677513715,0.0698776318947984,0.1708927789978255,0.089368462051049,0.2238526819606878,34.79185390021547,30.86002751739763
0.0549811065328179,0.1312388616058557,0.0679677387313834,0.1655729978906494,0.0871019957301095,0.2174029757634606,34.79145981143079,30.95022236586983
0.0543510084820187,0.1295452420788628,0.067185597101422,0.163440133887265,0.086068010801873,0.2145231012695461,34.79106394166043,31.04041595018451
0.0543831540052331,0.1297350519942438,0.0671456106657544,0.1634492988538281,0.0858727446159779,0.2141056533841317,34.79066628393403,31.13060826823756
0.0554096410753503,0.1326358782602759,0.0684669395079846,0.1671994154791003,0.0876723532129967,0.2191897244798301,34.79026683123474,31.220799317937416
0.0591588965345404,0.1422942067732242,0.0741506239232713,0.1818027175989374,0.0971343444946738,0.2432424075929928,34.789865576498876,31.310989097204974
0.0653237702624691,0.1572319599746464,0.08447385923423,0.2063581318690585,0.1161323908182405,0.2871787577268769,34.78946251261558,31.401177603973558
0.0697328672605954,0.1680909622595642,0.0911640338788281,0.2226863516667612,0.126607468061229,0.3126271352462976,34.789057632426434,31.491364836189117
0.070609290370122,0.1703908060496873,0.0922518766716138,0.2255532979215068,0.1279637642962369,0.3162729157813207,34.7886509287251,31.58155079181002
0.0683634207322628,0.1647799107278593,0.0889373139064165,0.217216579323538,0.1232652852751285,0.3041662921483306,34.78824239425707,31.67173546880724
0.0636208894441516,0.1533400770701514,0.0810304769564574,0.1984097117119436,0.1095109710722753,0.2719628825146408,34.787832021719204,31.761918865164304
0.0589018554126974,0.1418040100864263,0.0728921463240135,0.1788337119319778,0.0941025173139348,0.235853067489436,34.78741980375941,31.85210097887739
0.0569755538055594,0.1367466452418703,0.0698281351049332,0.170851403138237,0.0888420109651587,0.2223510343098383,34.787005732976255,31.942281807955144
0.0570733601524843,0.1367117675156725,0.0702382347131281,0.1715365764186697,0.0903478068458912,0.2256676077242201,34.7865898019186,32.032461350418934
0.058360119277006,0.1398296517037109,0.0725898747777868,0.1773470532809006,0.0956375612639388,0.2387479746155226,34.78617200308526,32.12263960430273
0.0604216744568591,0.145041353179033,0.0760261393877862,0.1861146674475949,0.1027842068175421,0.2567128059701754,34.78575232892462,32.21281656765318
0.0625846087533368,0.1505898508072546,0.0793825322333186,0.194801688201866,0.1092329463893385,0.2730319674913536,34.78533077183423,32.30299223852957
0.0651941262069152,0.1573260236133626,0.0832274315108877,0.2048205982887274,0.1158265727275339,0.2899171816372155,34.784907324160415,32.393166615003835
0.068527222291178,0.1658972985609578,0.0881650031916381,0.2176025498990667,0.1236703689487779,0.3101466769141853,34.784481978197945,32.48333969516076
0.0725667430430764,0.1762938918394864,0.0940007012827537,0.2328405114398925,0.1323920972686259,0.3331218441678689,34.78405472618961,32.57351147709769
0.0780856315583427,0.1903735399286953,0.1020352250731781,0.2536558255344445,0.1435088619510036,0.3628962134869194,34.78362556032579,32.66368195892473
0.0855389686498002,0.2091703958098955,0.1128261961834867,0.2814831907562311,0.1573435655981147,0.4008385123049549,34.78319447274414,32.753851138764865
0.0957422231087556,0.2343425414071147,0.1293327302509288,0.3225949696906544,0.1831700822388421,0.4663931216569745,34.782761455529126,32.84401901475372
0.1092473833639203,0.2666286931775722,0.1523999304769172,0.3777240263650224,0.2205035235297298,0.556728982301159,34.78232650071163,32.93418558503971
0.1253529682511164,0.3035942721620815,0.1808522154297595,0.4422203824567043,0.2675450702369637,0.663268194590475,34.78188960026857,33.0243508477841
0.1357963843182107,0.3272492107316317,0.1973709665954664,0.479510079451992,0.2914934863137881,0.7186104514497801,34.78145074612246,33.114514801160944
0.1321462834912327,0.3198861143312058,0.1894651837877045,0.463658943849964,0.277447050678099,0.6896118844419735,34.78100993014096,33.20467744335716
0.1206876947124236,0.2946621601574011,0.1678943816551893,0.4165747398576952,0.2402029301387704,0.6082120047707584,34.78056714413655,33.29483877257243
0.1124461090432602,0.2753928262151131,0.1564036652720008,0.3879819244947324,0.2284272714829486,0.5731709836363335,34.78012237986602,33.38499878701941
0.2423204489207788,0.6008782271058877,0.3180268230966466,0.8010771915034977,0.4292168627267214,1.1018888772625794,34.8497630003383,29.326673341136505
0.2389719674737537,0.5911863994344332,0.3148157956878056,0.791180573827341,0.426198458239961,1.0918154876245822,34.84944356863128,29.416889896619004
0.2202282156304618,0.5445930999977355,0.2922111416566794,0.7338841562945798,0.398162268320879,1.0200938443974474,34.849122675105626,29.507105226549644
0.1922376719778193,0.4773554438513921,0.2552095901739208,0.6432457116777812,0.3494959479971796,0.8962742873821559,34.848800314306565,29.597319328620827
0.173232275013627,0.4267610413116163,0.2344415387672637,0.5827429180922059,0.3265480988787156,0.8213695692228095,34.8484764807433,29.68753220053701
0.1368734037836035,0.34287311260535,0.1770451192599822,0.4527703975532197,0.2357555619459768,0.6182030885444537,34.84815116888877,29.777743840014878
0.1236864232618106,0.30934219004933,0.1568583407569381,0.3998204715974758,0.2058422695797399,0.5363431457197032,34.84782437317934,29.867954244783274
0.1279135891883902,0.3158970386530883,0.1638321914527984,0.4095347782093025,0.2186540663409283,0.5533105135664482,34.8474960880146,29.958163412583264
0.1193337744832723,0.2982429986306428,0.1500396344893205,0.3808912484289624,0.1954940644871418,0.5054225182052562,34.84716630775702,30.0483713411682
0.1216946299591106,0.2999902310223853,0.1558227818673158,0.3878457834388095,0.2085581877257439,0.5238077402841956,34.84683502673173,30.138578028303606
0.1106990286046466,0.2760682764859212,0.1396529874077428,0.3533032904338795,0.1830123654537981,0.4708578366282254,34.84650223922629,30.22878347176736
0.1081345593653936,0.2710182758444091,0.1380711009084193,0.3499211211969084,0.1868429076494645,0.4771764503950312,34.84616793949037,30.318987669349564
0.1339722763611663,0.3263755886661741,0.1748839546851633,0.4291643358027212,0.2378058097840933,0.5894778227070143,34.84583212173547,30.409190618852712
0.1298248567520462,0.3164440739722751,0.1678520487918802,0.4129353489148556,0.2255911876871468,0.5612677936742635,34.845494780134665,30.49939231809159
0.0899852697405143,0.22440400834022,0.1119763146431526,0.2839456494119222,0.1442223958087037,0.3730302166927405,34.84515590882236,30.589592764893332
0.0716128564605087,0.1764249094816189,0.0881110086276453,0.2211160378860649,0.1120159246331174,0.2874714098801336,34.844815501893954,30.67979195709748
0.0636877807711131,0.154748115088203,0.0785058736710449,0.1945099479289625,0.1001607593738188,0.2540816708839278,34.844473553405564,30.769989892555927
0.0604743242983155,0.1457799762970128,0.0748835111060184,0.1842425422391477,0.0960831873078249,0.2422723995478311,34.84413005737378,30.860186569133052
0.0587949872450678,0.1411548192042626,0.0729365811703572,0.1788045304863346,0.0937552914489215,0.2356427636213476,34.84378500777534,30.950381984705565
0.058014253733674,0.1390769115581198,0.0719338420111487,0.176093512079751,0.0923895658880506,0.231863425537899,34.84343839854684,31.040576137162766
0.0579908306704183,0.1391454283245242,0.0717917483239093,0.1758522082839539,0.0920203018324594,0.2309822649011713,34.8430902235845,31.130769024406284
0.0593403485111543,0.1428929610943351,0.0735301617443298,0.1806898737877976,0.0944110442655377,0.2375790869247984,34.842740476743735,31.220960644350345
0.0635269211285484,0.1534769017541078,0.0800186528712215,0.196950922484284,0.1055168001490529,0.2649056174961008,34.84238915183899,31.311150994921622
0.069106410571573,0.1669777109071226,0.0891275483628228,0.2185802692970191,0.1217664511136583,0.3024432242634002,34.842036242643395,31.40134007405933
0.0717458262888511,0.1736255886621203,0.0929334945923313,0.2280998958933361,0.1274138876280738,0.3165659783650067,34.84168174288844,31.491527879715274
0.0714687332280807,0.1729583762995639,0.0924723231811627,0.2269213150891139,0.1267861869984899,0.3148235581115164,34.84132564626368,31.581714409853774
0.0680933637561354,0.1646084155807417,0.087320859672708,0.2142105774409044,0.1188397067015343,0.2951653303832702,34.8409679464164,31.671899662451736
0.0632975466340711,0.1530151673695524,0.0792021512081549,0.1949032844196612,0.1040078880176498,0.2607614613617076,34.84060863695136,31.762083635498673
0.0596633086099554,0.143888364389704,0.0732234012306493,0.1800289885456459,0.0932257311227392,0.234403659719414,34.840247711430436,31.85226632699674
0.0586292904535941,0.1410036811451029,0.071640194620409,0.1756755024295851,0.0906424050255915,0.2274344492767601,34.8398851633723,31.942447734960677
0.0591944570989755,0.1422536353492312,0.0725517681818315,0.17781116632105,0.0923787993570445,0.2317004186738288,34.83952098625211,32.03262785741798
0.0605100562749656,0.1455306387447323,0.0745795293732757,0.1829603415896047,0.0959695509029123,0.240933044723918,34.83915517350117,32.12280669240866
0.0623826954326522,0.1503137036070755,0.0775022884912497,0.1904980056769423,0.1014289660922256,0.2549319263363856,34.83878771850663,32.21298423798556
0.0646018488575236,0.1560279673716088,0.0808018194823449,0.1990752663376586,0.1071062756523358,0.269628702364877,34.8384186146111,32.30316049221413
0.067265417977282,0.1629489513215457,0.0845375614462439,0.2089413537669655,0.1129989995136021,0.2852363405184171,34.8380478551124,32.39333545317262
0.0708808362787062,0.1722838353155296,0.0896777696962872,0.2224104659169919,0.1206652602864052,0.3055970775626669,34.837675433263136,32.48350911895197
0.0762115875835567,0.1859207384457527,0.0979130882229474,0.243672335437143,0.1344868119237295,0.3411924532749373,34.83730134227042,32.57368148765592
0.0830106405852043,0.2031440261652609,0.1081555223964737,0.2700018640084247,0.1495332134130827,0.3809570167501108,34.836925575295474,32.66385255740089
0.0919738479921432,0.2254709723643614,0.1220039682058309,0.3050563725659982,0.1696667203380764,0.4338806821622671,34.83654812545334,32.754022326316175
0.1045708414725327,0.2559857808643321,0.1434372804197209,0.3570452531524504,0.204988557210662,0.5205094641136575,34.83616898581246,32.844190792543856
0.1195874472443052,0.2908463846024552,0.1705126801212946,0.4191470447619486,0.2508956929373472,0.6258215498083526,34.83578814939439,32.934357954238855
0.1317147106331558,0.3182118274882096,0.1907444985409593,0.4646880458464044,0.2814628628815491,0.6961561439679737,34.8354056091734,33.02452380956887
0.1342671791959306,0.3250577887026917,0.192206233167911,0.4702954706441687,0.2807880991110933,0.698157280809653,34.83502135807611,33.11468835671448
0.1249464267783276,0.3048332864410055,0.1751933744232602,0.4331810317291512,0.2534590752853147,0.6367697912001179,34.834635388981155,33.2048515938692
0.1138888851123069,0.2795579727565737,0.1553139846860786,0.3879100191167661,0.2198534719804249,0.5600326761568174,34.83424769471881,33.295013519239305
0.1094369720101897,0.2687261585001939,0.1501684125128116,0.3739914817747397,0.2171728879394046,0.5477128951138763,34.833858268070585,33.38517413104407
0.2332255495029252,0.5750172488686344,0.3101168787123949,0.7746084225964769,0.424160974874578,1.0773715173443168,34.90123891034445,29.326803057405563
0.2348914359758704,0.5789762574950917,0.3118371801416293,0.7795910000685007,0.4255890741875411,1.0828648447651792,34.90096488330881,29.41702009022427
0.2172389600525297,0.537809576172828,0.288071844639877,0.7247513769781109,0.3924892539825161,1.007210573823244,34.900689601933074,29.507235898314445
0.2011132477485309,0.4958258243614549,0.2704522610899058,0.6749072689527769,0.3751131418960426,0.9499084336193816,34.900413061536966,29.59745047937298
0.182778196187245,0.4494703767956213,0.2474608515045549,0.615589761964832,0.3441772195795179,0.8694194849513841,34.900135257409325,29.68766383110895
0.1498946812960733,0.3740122234474291,0.1976712862621428,0.5026316847217905,0.2688785620127291,0.6996647891339315,34.89985618480776,29.777875951243594
0.1364029654951306,0.3409279810955429,0.1756603499477363,0.4474679127127674,0.2340607506493471,0.610237953182466,34.89957583895862,29.86808683751044
0.1470472568122759,0.3608083673597396,0.1898468218613992,0.4714781263134756,0.2543451784447979,0.6402975816432727,34.8992942150566,29.958296487655122
0.1389078287088698,0.3453764537652192,0.1759644345736372,0.4440885530878792,0.2306758032362085,0.5925835473807236,34.8990113082646,30.048504899435656
0.1413157290127071,0.3463130595478406,0.1816115036909894,0.4489470319056872,0.2431683285731954,0.6064077680060784,34.89872711371346,30.138712070622336
0.1302304803656994,0.322131889685327,0.1659998591519221,0.4153236656025191,0.2200384376819476,0.5575803831605028,34.898441626501835,30.228917998997705
0.1192093394572704,0.2989343294488727,0.1516629727560362,0.3845960188883314,0.2031988025936169,0.5199628844980962,34.89815484169576,30.319122682356625
0.1328404592654747,0.3292035416723625,0.1696856012331049,0.4248349781243883,0.2258051079701528,0.5721714529335054,34.897866754328604,30.409326118506353
0.140914081711439,0.3425666333360868,0.1821254068999771,0.4457918863395312,0.2451486753551016,0.6048355296989761,34.89757735940076,30.49952830526646
0.1000489049832321,0.2501955285276084,0.124769224249319,0.3171046541008765,0.161084596927869,0.4173128958625847,34.89728665187939,30.589729240468944
0.0776836287006464,0.1924521535763672,0.0958230001155956,0.2418730955205505,0.1221276248836795,0.3153602421350843,34.89699462669824,30.679928921958137
0.0686112222239312,0.1676465576699246,0.0849119267276072,0.2116661971652275,0.1087692811329305,0.277781694450146,34.89670127875733,30.770127347590915
0.065078143848225,0.1577786559372875,0.0809343767406515,0.20039504795095,0.1042637819501225,0.2647598796978809,34.896406602922724,30.860324515236453
0.0633607019838061,0.1530431797766452,0.0789302369494051,0.1948009013946872,0.1018289074342609,0.2578427097991043,34.89611059402635,30.950520422776474
0.0624544346946272,0.1506546153469165,0.0777136144512906,0.191538609950099,0.1001077373555642,0.2531069069757323,34.895813246865686,31.040715068105172
0.0624677707499203,0.1508504842635791,0.0775498736804908,0.1912676747070478,0.0996239017343376,0.2519265814158856,34.89551455620349,31.130908449129212
0.0639644195804213,0.1549546095250429,0.0795088288704265,0.1966110643387397,0.1024026259731233,0.2593631566999097,34.8952145167676,31.22110056376781
0.0685968811402219,0.1664188441720689,0.0868231289829206,0.2144378189904724,0.1152115033451829,0.2897696350438443,34.89491312325071,31.311291409952737
0.0737264576443521,0.1787881749195753,0.0950065059512223,0.2337740286041097,0.1293976190511939,0.3223581788182821,34.89461037030997,31.401480985628222
0.0751176981826925,0.1823104650894231,0.0969825136167263,0.2386954892173703,0.1323284737514569,0.3296017139846457,34.894306252566835,31.491669288751197
0.0734254132422824,0.1780634800359763,0.0945405507978243,0.2324887235372587,0.1289211645983611,0.3207047443063345,34.89400076460678,31.581856317291084
0.0688475117286176,0.1669525440437042,0.0872677842100759,0.2150329477981206,0.1167626298566872,0.2919817700752399,34.89369390097905,31.672042069230006
0.0639698239223875,0.1550665005924216,0.0791260283003692,0.1954851141903871,0.1018794472787103,0.2571466051125997,34.89338565619637,31.76222654256263
0.0615007229849172,0.1486697275766725,0.0752391083762758,0.1854724555867344,0.0952469706663764,0.2402523658649257,34.893076024734654,31.852409735296344
0.0611997080782091,0.147684194783384,0.0747482255698389,0.1839802025000768,0.0944113871013084,0.2378754999921438,34.89276500103274,31.94259164545116
0.0619401308852409,0.1494748375999423,0.0757535562297274,0.186503573072247,0.0959039609270625,0.2417661752791502,34.89245257949218,32.032772271059756
0.0632282966727825,0.1527560992712987,0.0775148132103484,0.1910890864809699,0.0985230614159641,0.2487349864686732,34.892138754476825,32.122951610167604
0.0651535623503052,0.1577302705128457,0.0802412912291982,0.1982282104720533,0.1028509192169686,0.2601624335008711,34.891823520312684,32.21312966083277
0.0671169478669005,0.1628330777959442,0.0829003839055141,0.2052607156639631,0.1067325098364214,0.2705999675881207,34.89150687128759,32.30330642112616
0.0703463713041219,0.1712004555415347,0.0876213130820367,0.2176315938404248,0.1145059228748303,0.290997530833164,34.89118880165085,32.393481889131344
0.074812333556548,0.1826872090478627,0.0942914326710263,0.2349800902240802,0.1252705524425551,0.3191789218817002,34.890869305612995,32.483656062944775
0.0807916099562605,0.1979405152382472,0.10351288399097,0.2587731746155485,0.1404117468565523,0.3584668728286498,34.8905483773456,32.5738289406756
0.089271207710693,0.219203499547945,0.1170747147321329,0.2930524011261041,0.1622401195267619,0.4144089765932607,34.890226010980776,32.66400052044579
0.1015857942510823,0.2492204693099593,0.1375786014067348,0.3433416929675265,0.1946537320661151,0.4959702622965801,34.889902200611004,32.754170800390135
0.1175195264399152,0.286585629780836,0.1660553361420241,0.4095206274773814,0.2430000773197218,0.6084485692772383,34.88957694028885,32.84433977865629
0.1328045039383045,0.3208968657012213,0.1928243488903012,0.468917081763332,0.2856091811817266,0.7041426012738671,34.88925022402665,32.93450745340475
0.1366625173412168,0.3300987669247435,0.1976134785645941,0.4808196211249244,0.291120959603171,0.7185861932190682,34.88892204579604,33.02467382280891
0.1301075205934526,0.3166633126669365,0.183640782605686,0.4523975362087937,0.2661068625402673,0.6665272992265925,34.88859239952793,33.114838885054986
0.1207640189084921,0.2957853254731158,0.1675729642895229,0.4159524709110155,0.241572879816183,0.6088054786308403,34.88826127911195,33.20500263834212
0.1131227322523422,0.277876212308065,0.1550152910509528,0.3862870003090901,0.2223559152921453,0.5625687337871795,34.887928678396285,33.29516508088239
0.1089598299752012,0.2674712217461394,0.1511556139629724,0.3748156581453474,0.2230386045922611,0.5570040737497336,34.887594591187224,33.38532621090084
0.2129201671504961,0.5247080508645148,0.2868133600380064,0.7139864567771674,0.3983494921442974,1.0051419036239149,34.95271513277236,29.326912924406024
0.2200156630948316,0.5408434264681385,0.2956662320235154,0.7355665512367885,0.4085633978285176,1.0326978551495625,34.95248651157046,29.417130361662103
0.2086970273790485,0.5154837401299329,0.278998975844158,0.6994485632732539,0.3833369257308428,0.9790377941060644,34.95225684351472,29.507346574887126
0.2035486643664188,0.5001650779333059,0.274965045551779,0.6843101145820504,0.3820147326328077,0.9663538524534384,34.95202612469939,29.597561561781802
0.1913453294223973,0.4683715411392779,0.2612056178881911,0.646858348948079,0.3663736392461409,0.9213475086445796,34.95179435119291,29.68777532005909
0.1663708081227712,0.4105609855959852,0.2266654384713174,0.5665872200048829,0.3191616982796357,0.8103165743727456,34.95156151903776,29.77798784744411
0.1520830936467639,0.3783703615682487,0.2023136656607462,0.5111070731409032,0.2794640869344491,0.719360177748825,34.95132762425022,29.868199141674307
0.1588323932714917,0.3913320699495798,0.2059158642770357,0.515277720545019,0.2758607552219209,0.7039947526277498,34.95109266282017,29.95840920049926
0.1561837545853647,0.3860811961560465,0.1997121715540327,0.5011459685021311,0.263979202039959,0.6747827559354619,34.95085663071102,30.04861802168096
0.1501309763468186,0.3710013172652474,0.1912430591537145,0.4787556221087506,0.252460410084837,0.6415237811391779,34.95061952385942,30.13882560299362
0.1470689825912396,0.3612883670507135,0.1883775656754544,0.4675197333465578,0.2506851939528968,0.6292437507835752,34.95038133817506,30.229031942223802
0.134758068142049,0.3354543228251876,0.1721027924004341,0.4327648455161178,0.2300244645265647,0.5839406943521263,34.95014206954048,30.319237037170417
0.1345691665209359,0.3372820025213932,0.1691535431104516,0.4296113466784966,0.2208012721796654,0.5694652953088729,34.94990171381098,30.409440885644727
0.1499308716763652,0.3650690395025124,0.1929309246608945,0.4726342443071583,0.2587306124360011,0.6379075154898006,34.9496602668143,30.499643485470383
0.1105146205510924,0.2765253789994845,0.1382783133606907,0.3514697934077913,0.179180149946959,0.4639233726363518,34.94941772435043,30.589844834483493
0.0848759521118464,0.2113323955167528,0.1051021129291165,0.2667334844895546,0.1344836957033518,0.3493293039312608,34.949174082191504,30.680044930532507
0.0744763592669521,0.1829771606433766,0.092667050511331,0.2324118573882426,0.1193399205720343,0.3068862801985971,34.94892933608153,30.770243771478334
0.0708077660200396,0.1727152232647074,0.0885347082962268,0.2207071501616524,0.1146098458102369,0.2932570042004981,34.948683481736126,30.860441355194432
0.0690108785381974,0.1677871028165501,0.0863710229236512,0.2147155251691604,0.1118629280436954,0.285525738887421,34.94843651484244,30.95063767956663
0.0678605462604027,0.1647789883450626,0.0847865110077638,0.2104863997862462,0.1095924367991491,0.2792889923122897,34.948188431058895,31.040832742493375
0.0675613758409558,0.1641902189180398,0.0841471522388416,0.2089672142150572,0.1083940037142752,0.2761474064399298,34.94793922601491,31.131026541885497
0.0693158929601299,0.1689033905628899,0.0864625689603985,0.2151126649978115,0.1117428494308755,0.2847892206030702,34.94768889531079,31.221219075666518
0.0738084730233583,0.1798723603873644,0.0935084381909085,0.2319562836618406,0.1240495815839813,0.3132459210373108,34.94743743451741,31.311410341772426
0.077344535226296,0.1884446723909023,0.0989766193166704,0.2449305872812591,0.1332300872838119,0.3344312596332757,34.947184839176124,31.401600338151813
0.0773721726143545,0.1885454965117301,0.0989987516963866,0.2449123312441632,0.1333721147167491,0.3344884912047414,34.94693110479842,31.491789062765893
0.0743629082946761,0.1809996677376846,0.0946687566108597,0.2340086982637718,0.127055930458663,0.3184622412586397,34.946676226865776,31.581976513588472
0.0696330039286963,0.1695142887718073,0.0870904612820542,0.2158377118674976,0.1139792693251401,0.2878096415188556,34.94642020082944,31.672162688606004
0.0657721303619781,0.1599227087045548,0.0808622402124835,0.2005210704684502,0.1029975933426354,0.261323523799048,34.946163022110106,31.762347585817583
0.0644609103964144,0.1563723515545671,0.078866512054212,0.1951728846638402,0.0997526733189758,0.2527387722923228,34.945904686097855,31.852531203234992
0.0646426498145797,0.1566878324876603,0.079059329648697,0.1955426305978212,0.0999410761594147,0.2531646103228362,34.9456451881518,31.942713538882703
0.0656649581461375,0.1592910118395032,0.080347505808163,0.1989241770738729,0.1016342774800336,0.2577665824556169,34.94538452359987,32.032894590797916
0.0667641895317338,0.1621494171319112,0.0817033789624927,0.202543836163467,0.1033726473718379,0.2625513575839291,34.945122687738596,32.12307435703052
0.0685917165677399,0.1669304751965918,0.0840692723064796,0.2088558148695393,0.106629340301262,0.2714239260847116,34.944859675832966,32.21325283564317
0.0706008716319114,0.1721812495709587,0.0867106072411232,0.2158908092017951,0.1102905230293332,0.2813948884939003,34.94459548311593,32.30343002471129
0.0740294575207755,0.1810604437842658,0.0915659662482251,0.2286654012524638,0.1175939140765267,0.3009607843791524,34.94433010478848,32.39360592232305
0.0789086397729924,0.1935995216244361,0.0987116117729148,0.2473146938473027,0.1285136027434712,0.3300495204806355,34.94406353601919,32.48378052657948
0.0864990249104912,0.2127876831613424,0.110709423117416,0.2779848083720413,0.1482087686211602,0.381147596190062,34.943795771944025,32.573953835594374
0.0979160258559344,0.2409971452044937,0.1297864219213205,0.3253135559988125,0.1801330345635517,0.4614505774494788,34.94352680766616,32.664125847494375
0.1125483443693434,0.2758624738292741,0.15570696486529,0.3866630723396433,0.2243935501565394,0.566832024461123,34.94325663825564,32.75429656041896
0.1280179339164127,0.311228235505064,0.1832212365187928,0.4486641875608742,0.2697914535228972,0.6696745272882453,34.942985258749175,32.844465972520474
0.1353273952737325,0.3275482718366905,0.1951112142062163,0.4752876223432635,0.2868199731451893,0.7095904804105869,34.94271266414984,32.9346340819642
0.1303062144649877,0.3173429157746044,0.1847405940856135,0.4539758659157888,0.2696789340137088,0.6722315300654658,34.942438849426935,33.024800886928226
0.123013290212159,0.3014226764049544,0.1705532190243621,0.4232482498037034,0.2449246950496483,0.618102669897938,34.94216380951557,33.114966385603616
0.1158045586241107,0.284567626072243,0.1594148041485718,0.3965946754151396,0.2301037757133323,0.5799802599468958,34.941887539316525,33.20513057619436
0.1098423787686012,0.2701813514207881,0.1498708938965789,0.3735994056199137,0.2151158654053839,0.5441418412192512,34.94161003369592,33.29529345691733
0.1075442394739011,0.2642164586519305,0.1486117461716481,0.3687017037025366,0.2187058204211856,0.5469633530528543,34.941331287485006,33.38545502600249
0.1793094845015516,0.4463483936902994,0.2401875219211922,0.6060019856937136,0.332761159457995,0.8531931893533953,35.00419161594294,29.327002941737042
0.1922876285979381,0.4747434402138102,0.2603549285825172,0.6500886012466326,0.3634672235107798,0.9210388281419576,35.00400840154481,29.41722071052974
0.1971477917911824,0.4859137230333478,0.26671342013668,0.6652621225485913,0.3714397819232132,0.9410928885482188,35.00382434778549,29.507437255862953
0.1957612528980923,0.4798929647698489,0.266582925071839,0.6618425693722795,0.3724404690377552,0.9409482553705366,35.00363945153381,29.597652575440623
0.192837888731364,0.4702027378722993,0.2645755415141692,0.6538612883996839,0.3711930264583062,0.9347553443109378,35.00345370963788,29.68786666697878
0.1842311455198092,0.4481628047264415,0.2560840253161578,0.6297043736319898,0.3638949489373383,0.9101286925890612,35.003267118925045,29.77807952820584
0.1689376253994691,0.4147668065473256,0.2329335075612897,0.5778504628177481,0.3311641700337876,0.8340753476349035,35.0030796762016,29.868291156862348
0.1690456877470187,0.4171158439024586,0.2249735267282636,0.5630096635635304,0.3102955229068303,0.7904336825956217,35.002891378252734,29.95850155070116
0.170943453143392,0.4194062946954962,0.2229585359119682,0.5548796133348157,0.3006108999638122,0.7622273579871943,35.002702221842284,30.04871070748751
0.153800868552021,0.3833591502125316,0.1963057580935166,0.4976975663321297,0.2588804930856137,0.6706322380587505,35.00251220371275,30.13891862499886
0.1536786057198766,0.3795780646383321,0.1963578254521249,0.4914392390715459,0.2598858111499848,0.6606487608207402,35.00232132058499,30.22912530102505
0.1511480238566051,0.3730236058624575,0.1935892456317679,0.4827590658994466,0.2578079380572037,0.6504753079163501,35.002129569158114,30.31933073336831
0.1426963843946505,0.357970147970432,0.1788414624019585,0.455077418170537,0.2322284110479986,0.6008871292205794,35.001936946109325,30.409534919843193
0.1558465577601458,0.3822581749186358,0.1987471766303847,0.4915833600165106,0.2636036862292919,0.6578121427192156,35.001743448093784,30.49973785827671
0.1241626654876146,0.3100789331761294,0.1561947799435285,0.3959990847756758,0.203508951482495,0.525156911785777,35.001549071744364,30.589939546508248
0.0931720647750793,0.2329030921757286,0.1160796317406111,0.2959231962161704,0.1494570261251859,0.3902853602632619,35.00135381367169,30.680139982389683
0.0818890898148759,0.2022744306979278,0.1026503491622431,0.2590420537875447,0.1331682608375193,0.3448933307817481,35.001157670463726,30.770339163785316
0.0778324056595536,0.1910269003617656,0.0979426789949161,0.2458681759387195,0.1275010963415883,0.3288091163007992,35.00096063868574,30.86053708857199
0.0760622055225624,0.1861997523845355,0.0957508422651733,0.2398435026787765,0.1246263065068993,0.320776333194632,35.00076271488016,30.950733754639
0.0746854847759274,0.182648082766583,0.0937583174348947,0.2345774158664764,0.1216724533779151,0.3127173538807663,35.00056389556636,31.040929159888176
0.0742046464701754,0.1816094411406794,0.0928021536444915,0.2322259156473979,0.1199619303715393,0.3081628231252313,35.00036417724049,31.13112330223386
0.0759462406110742,0.1862050898874275,0.0950598462031241,0.2380264907160723,0.123235886505761,0.3161572314380934,35.00016355637537,31.221316179602994
0.0803897604538702,0.1967801859813094,0.1020842324909946,0.2542755672556623,0.1356248715335547,0.3436758527925979,34.999962029420196,31.311507789935177
0.082629990094201,0.2021823422599876,0.1054591710954563,0.2621655323427421,0.1411835458726934,0.3562206796663274,34.9997595928005,31.40169813118245
0.0810055815739195,0.1980621269447707,0.1032525826245981,0.2564028068942289,0.1382765400877502,0.3482963821232645,34.99955624291785,31.491887201309556
0.0766493512061012,0.1873472836618415,0.0967751283283772,0.2405407594468438,0.1281653584025262,0.3238025856417483,34.99935197614982,31.582074998293937
0.0716289861172415,0.1751138462846384,0.0888067160977715,0.2213617813439332,0.1144025368312549,0.2914780623598458,34.99914678884962,31.672261520125552
0.0689283772805013,0.1682070180727271,0.0846558183927502,0.2108049513455503,0.1075288633540659,0.2741999021611442,34.998940677346155,31.76244676480715
0.0683970480243156,0.1666649546430907,0.0838604887338193,0.2085689290909879,0.1062679545500145,0.2707619350859899,34.998733637943594,31.85263073035415
0.069167436950305,0.1685813852479853,0.0848309017669771,0.2110797658311179,0.1075221375434718,0.2741590277862083,34.99852566692139,31.942813414794617
0.0702754420652463,0.1714668449342452,0.0861679940633024,0.2146663028100987,0.109163966285818,0.2787248083236219,34.99831676053396,32.03299481616944
0.0714347241563855,0.1745378364323898,0.0875011957258877,0.2183009097807936,0.1107018499534624,0.283074879554377,34.99810691501057,32.123174932532216
0.0731247598222572,0.1790153252128182,0.0895452807556958,0.2238479122380478,0.113238313816102,0.2901648531281753,34.9978961265551,32.2133537619493
0.0752115508424996,0.1844771707312092,0.0922847167853877,0.2311596672380906,0.1169866932258971,0.300421709411833,34.99768439134592,32.30353130249987
0.0790325967708189,0.1943609563074776,0.0976961374548513,0.2453932308813996,0.1250013149476381,0.321973108374562,34.99747170553562,32.39370755227578
0.0852608079722573,0.2102577137971119,0.1070869902925342,0.2697016520125448,0.1397000085800057,0.3608141208869195,34.99725806525085,32.48388250938188
0.0945410802164899,0.2334292916423356,0.1221786454094435,0.3077085504983571,0.164719983287329,0.4249326285636163,34.997043466592174,32.57405617193579
0.1079314677407096,0.2658488652307673,0.1457944668941152,0.3645356383194706,0.2061547156673461,0.5251033798612826,34.99682790563377,32.66422853806792
0.1263607894732301,0.3083332072091873,0.1796464652046556,0.4410471291228865,0.2646224022267615,0.6571985395222113,34.996611378423296,32.75439960592159
0.1380171659311867,0.3343652656179153,0.1990465740725331,0.4840671908152493,0.293402143198048,0.7231761129718112,34.9963938809817,32.84456937365307
0.1364891059288017,0.3318854571282498,0.1950583271840738,0.4764773864375349,0.2866771433527167,0.7087396662539409,34.99617540930295,32.93473783943143
0.1267551838432911,0.3108742212367066,0.1764610311960241,0.4366765435104009,0.2551010820088,0.6402569742552051,34.99595595935393,33.02490500143878
0.1153938616783523,0.2845982653086183,0.1565221039536642,0.3911771454098248,0.2222288092429784,0.5644980041485818,34.995735527074125,33.11507085787003
0.1109066366671033,0.2734391486474768,0.1510125042481305,0.3766245363224194,0.2175909105437739,0.548984175439117,34.99551410837546,33.20523540693315
0.1086896115988151,0.2673672970536981,0.1495734190747736,0.3713649495800193,0.2181329745358535,0.5476613426431172,34.99529169914214,33.29539864684905
0.106514811079322,0.2619510447313233,0.1463361837260542,0.3634699903345079,0.2139045495753321,0.5366506499786382,34.99506829523031,33.3855605758516
0.1454329327987892,0.3654340300110656,0.1900129095545675,0.4872266310478551,0.2566154268428212,0.673916042440054,35.05566830817546,29.32707310907013
0.1591447190978883,0.397181069411632,0.2123535190170675,0.5386540804163464,0.293151591540559,0.758084139025011,35.05553050135875,29.417291136497088
0.1687165560671258,0.4184467793399857,0.2284866758954615,0.5739887333837828,0.3204168859891743,0.8168721919133517,35.05539206267864,29.507507940910298
0.1750523591132547,0.4306660502778176,0.2405989568052513,0.5980506184717114,0.3414447000548023,0.8598844701500762,35.05525298977858,29.59772352001615
0.1824108618611006,0.4446468201539437,0.2532936875010505,0.62404977961928,0.3604634110928082,0.901966410144734,35.0551132802864,29.687937871533155
0.1839673378818296,0.4453952326017875,0.2572120607467544,0.6306822854605351,0.3656672592609137,0.9145905745610112,35.05497293181429,29.778150993192185
0.1831289159380338,0.4433591540261204,0.256965837931825,0.6286592322896205,0.3673961380641879,0.9148360736480609,35.05483194195865,29.868362882736367
0.1799568242815979,0.4395553315408638,0.2481501413812109,0.6117120336955968,0.3528715804654962,0.8819547197239629,35.05469030829993,29.958573537921005
0.178647714952556,0.4366246481357246,0.2393956252414641,0.5926537751257586,0.3315422349610931,0.8351925519980625,35.054548028402586,30.048782956513875
0.162186167904723,0.4026131406866833,0.2138888732437002,0.5385644618141535,0.2928904018311603,0.7509416828451333,35.054405099814915,30.13899113629501
0.1545611887712181,0.3849472955293543,0.1992334075687012,0.5045040141160306,0.2657569919218737,0.6873088037705153,35.05426152006898,30.229198075056757
0.1603269556665439,0.395943343117341,0.2054827798869182,0.5145217922374397,0.2724697005914665,0.6940443586790689,35.05411728668048,30.319403770603937
0.1568957599449818,0.3904250310642181,0.1985197504854278,0.5006940208167459,0.2602531328858593,0.666868994244193,35.05397239714862,30.4096082207537
0.1634036526370476,0.4035582828855978,0.2068942130709652,0.5173170815180835,0.2712175033094652,0.6881112118068,35.05382684895597,30.49981142333564
0.1382763617259731,0.3441172577438304,0.1751033655166775,0.4423085987752874,0.2295467495905641,0.5901181109039506,35.05368063956842,30.590013376191795
0.1033460291738749,0.2590386870603173,0.129992623727384,0.332520444272212,0.1690111935313711,0.4432747992417904,35.053533766434974,30.680214077176625
0.0914383134578866,0.2269521418725319,0.1159136968970755,0.2941721291197167,0.1520376727192493,0.3963859216986527,35.053386226987676,30.77041352415709
0.0869875611196385,0.2148562037434945,0.1103454727191564,0.2789900729381397,0.1446505042619882,0.3760292416263411,35.05323801864151,30.860611715012656
0.0852647577365457,0.2102064377745708,0.10814751687414,0.2730105275392015,0.1416931138418457,0.3678278842106154,35.05308913879416,30.950808647635338
0.0834038443138687,0.20546994447325,0.1053501855797253,0.2656920920718556,0.1374537096599649,0.3563597444474808,35.05293958482607,31.041004319929645
0.082351795454961,0.2029769489004445,0.1035157726163292,0.2610233682795065,0.1344114366989023,0.3481592974102246,35.05278935410015,31.131198729812592
0.0835336203226615,0.2059976357114634,0.1049692493091317,0.2644447045570313,0.1365497069555928,0.3525475557476119,35.0526384439617,31.22139187521392
0.087144067334076,0.2144933744720093,0.1104841538190081,0.2769567804922345,0.1459958606061746,0.3729525384649213,35.05248685173835,31.311583754075826
0.0874345726875087,0.2150868974358635,0.1109682988523087,0.2777249728897401,0.1470411883846609,0.374454842236152,35.05233457473981,31.40177436435319
0.0843702051188633,0.2073303417950189,0.1067587891518531,0.2668849080382341,0.1412214274793387,0.3591415207115958,35.052181610257854,31.491963704013536
0.079271465178452,0.1948006260654113,0.0991676181523328,0.2483323654644663,0.1291816020476242,0.3301801864088531,35.052027955566075,31.58215177103702
0.0750037034458777,0.1841868199952841,0.0926643627554088,0.2322549262317838,0.1185075139558268,0.3041973278267947,35.051873607919866,31.67233856341645
0.0734445836205286,0.1800703598853447,0.0903548714153781,0.2261892298323589,0.1148872970406768,0.2947519409647688,35.051718564556175,31.762524079157355
0.0736501583356547,0.1804858537192259,0.090592470663548,0.2267220400377868,0.1151507205490586,0.2954249550672282,35.051562822693455,31.852708316277976
0.0749993223338149,0.1839668857043445,0.0923387683933842,0.2313458308231862,0.117490528583971,0.3018068058272053,35.05140637953149,31.94289127280927
0.0762599061473063,0.1872815607579948,0.0938721115882446,0.2354846487470389,0.1193915839041133,0.3071051352632193,35.051249232251244,32.03307294679493
0.0774267025599013,0.1904188518925089,0.095142819917071,0.2390135848207818,0.1207331999653483,0.3110030466640404,35.05109137801472,32.12325333629145
0.0789184990791668,0.1944239883690585,0.096840331961149,0.2436998231413642,0.1226617255758793,0.3165266772835963,35.050932813964856,32.213432439368084
0.0811709281104905,0.2003356298501465,0.0997779873287106,0.2515561575943222,0.1266395768930801,0.3274297874088052,35.050773537225346,32.30361025410692
0.0855084992761306,0.2114976186323075,0.1060861467500343,0.2680262873755153,0.1362340843112943,0.3529886071839508,35.050613544900536,32.39378677860276
0.0932115779313584,0.2309244544410784,0.1182351567026698,0.2989720770984461,0.1560750457782908,0.4043896028145621,35.05045283407517,32.48396201096335
0.104956119842477,0.2596779227855841,0.1384555058111559,0.3484057715865141,0.1913183725346742,0.491264994326048,35.05029140181441,32.57413594930931
0.1203092614495098,0.295841978802129,0.1666547769080359,0.4134632984176841,0.2418074501376046,0.6070383969763185,35.05012924516354,32.66430859177401
0.1348294200394306,0.328617909720121,0.1920065484189346,0.4698242493004979,0.2817380381610855,0.6979824039858962,35.049966361147874,32.754479936503785
0.1377866777872789,0.3362000986752818,0.1950426998424341,0.4776558600653801,0.2849982430233471,0.7063052025460238,35.049802746772656,32.84464998165789
0.1291614163636835,0.3181766245372049,0.1774316852180118,0.4405752634578245,0.2549757263487675,0.6403253334858396,35.04963839902277,32.934818725408455
0.119617649173567,0.2964025465767266,0.1599056799582689,0.4012529704802137,0.224023740023216,0.5711035332333405,35.04947331486275,33.024986165940575
0.1117621112665873,0.2770888562555895,0.1500506132707958,0.3757890317649051,0.2156933517979939,0.5434859140431374,35.049307491236505,33.11515230145231
0.1074145593938039,0.2656149903547106,0.1459046392140107,0.3636916410110306,0.2139429258979373,0.5349904264078211,35.049140925067206,33.20531713015472
0.1058730921692702,0.261149341509179,0.1439818514418722,0.3585542829452898,0.2091049539691074,0.5258178089151698,35.04897361325708,33.29548065027172
0.1060171328910198,0.2610702259361246,0.1460506698903388,0.3622410861228354,0.216281886155669,0.5391734512299907,35.048805552687384,33.38564286004039
0.1207765727621443,0.3032656389210764,0.1549913840122364,0.3982389094680389,0.2053807414934639,0.5422387862112761,35.10714515778801,29.327123426149054
0.1304119732200048,0.3270166974616348,0.1697067738632643,0.4349617505199414,0.2281560040196453,0.6001209837291291,35.10705275913801,29.4173416393067
0.1395390385615473,0.3485489103849875,0.1848250513460294,0.4707240695330525,0.2532837184912165,0.6599705709468079,35.10695993612624,29.507558629770408
0.1478019595545344,0.366846940782833,0.2000113906394946,0.5042305029264769,0.2804940754508371,0.7198273221859857,35.10686668717081,29.59777439524839
0.1583287524555588,0.3892667842279774,0.2185142546112498,0.5444993032147304,0.3103550581251471,0.7868897550428773,35.10677301067931,29.687988933460982
0.1688782477764159,0.4109010355143274,0.2372125058715684,0.5836392139228931,0.3405364200266322,0.8519205642004931,35.10667890504886,29.778202242140758
0.1795848313834536,0.4340345996814786,0.2532176000216919,0.6189872410607486,0.363102196730732,0.9037864823707118,35.10658436866589,29.86841431903265
0.1837154109723739,0.4445255751347882,0.2575905815155028,0.6298169241880169,0.3681271472495952,0.916207003766752,35.106489399906245,29.958625161893803
0.184067779502547,0.4468722083320534,0.2542872398754905,0.6244924339705656,0.3598452070243068,0.8998987762397245,35.106393997134866,30.048834768493805
0.171286667135813,0.4198100722330388,0.2362668728556435,0.5838486442023837,0.3371301034226986,0.8437948693955653,35.10629815870606,30.139043136614475
0.1604951117805879,0.3981474039837467,0.2149407408006524,0.5400149481538972,0.2989762590141784,0.7638690326806123,35.106201882963056,30.229250264050044
0.1632418315133429,0.4053345908747919,0.2117669172239092,0.5344891280266627,0.2840624257167751,0.7323281621269787,35.10610516823814,30.31945614860716
0.169105446500111,0.418263302542145,0.2170571137288602,0.5444022572176757,0.2884322943784434,0.7362943374189813,35.106008012852534,30.409660788104805
0.1724908513352158,0.4262664978583577,0.2192083600058296,0.5498900194002937,0.2876530593603798,0.7352666792828385,35.10591041511632,30.49986418037449
0.1530328073293315,0.3790434021539068,0.1958680843643371,0.4925572708722822,0.2592957589657659,0.6642112032898547,35.10581237332835,30.59006632326005
0.1157401144135131,0.2902989518216661,0.1478646268208691,0.3786755314114102,0.1953469617977586,0.5133351406490966,35.1057138857761,30.680267214617903
0.1040841861499238,0.2592860569493929,0.1339821981709692,0.3414451653250706,0.1783416393332767,0.4671334890553432,35.105614950735756,30.770466852316876
0.0998505226981758,0.2480294113527715,0.1283118653294314,0.3264617049277848,0.1701809583445077,0.445469477983574,35.105515566471944,30.86066523423838
0.0975679526004298,0.2421572028332141,0.124993995977021,0.3178036086234014,0.1652661750211951,0.4322948566299294,35.10541573123775,30.95086235827626
0.0946742457145917,0.2348583054260891,0.1206142987360724,0.3064540998816436,0.1586230307363066,0.4145231447681738,35.10531544327463,31.041058222337018
0.0931520673110322,0.2312295242336516,0.1179149909417015,0.2996026731414412,0.1541047309672078,0.4024570852014312,35.1052147008123,31.131252824339647
0.0939176895909586,0.2329252009281359,0.118754364316832,0.3009181150799802,0.1554074885421586,0.4035590220708321,35.10511350206864,31.22144616221574
0.0961633743632516,0.2379481144656244,0.1220870090154001,0.3078560834740346,0.1611127268087486,0.4145006531051961,35.10501184524968,31.31163823390958
0.0945413263132975,0.2336941601916477,0.1199126349666305,0.3018340452527848,0.1583218008626548,0.4061349089724938,35.10490972854938,31.401829037377915
0.0896460144076357,0.2214541360582172,0.1130951657530425,0.2846150668929563,0.1485587935548163,0.3812828165743583,35.10480715014968,31.492018570590254
0.0836262939260299,0.2066721984502645,0.1042026954309279,0.2628785089489759,0.1345293253606646,0.3475406103333368,35.104704108220346,31.58220683152881
0.0801406088733035,0.1977774469870099,0.0991340142675503,0.2499070140046526,0.1267765296025374,0.3277076819414138,35.10460060091883,31.672393818188354
0.0794275337183306,0.1958446760549349,0.0980373571325867,0.2469738681921281,0.1250309752014844,0.3230535457019228,35.104496626390315,31.762579528576463
0.0804302988059181,0.1984049164920469,0.0993278994527614,0.2503709400799556,0.1267291618728747,0.3276777248106983,35.104392182767484,31.852763960713393
0.0824477181262875,0.2036329900476593,0.1020688600528842,0.2576062241776011,0.130618615451391,0.3381670265233815,35.10428726817053,31.94294711263211
0.0840467027792487,0.2078510004078696,0.1040673491685538,0.2629837548590611,0.1331988648266332,0.3452774292434054,35.104181880706925,32.033128982378436
0.0852770939560942,0.2111972548290415,0.105359547001021,0.2666296651461778,0.134469741986475,0.3490738279731231,35.10407601847156,32.123309568010896
0.086577052252808,0.2147406593697766,0.1067385476526979,0.2705190499230088,0.1358731984854523,0.3532332902876162,35.10396967954638,32.21348886760077
0.0889236385014883,0.2208900828021787,0.1098341924624104,0.2787638677721996,0.1401252518447267,0.3648071312081276,35.10386286200046,32.30366687923226
0.0940416338705404,0.2338787786875072,0.1177218312932059,0.2989619499499643,0.1528777738618137,0.3979341032108514,35.10375556388993,32.39384360100236
0.1042240926070137,0.2590913130344179,0.1347688329926573,0.3411479379872236,0.182431931720969,0.4715116588096851,35.10364778325768,32.48401903102081
0.1178890972401987,0.2915360720932207,0.1600952092598801,0.4000403032243155,0.2292380622997041,0.579370880787563,35.1035395181335,32.57419316741038
0.1351898586777467,0.3309225320639301,0.1911228514315623,0.4690375390645293,0.2807135464213982,0.6948702503092916,35.103430766533826,32.66436600830662
0.1429735888804263,0.3488206813967275,0.2026328685586256,0.4951942951330933,0.2961387657796788,0.7317452762598762,35.10332152646167,32.75453755185801
0.1389081736141347,0.3414922828947203,0.1917246661490717,0.4733269787644169,0.276813806275586,0.6888916145348625,35.103211795906574,32.84470779622595
0.1271299100660178,0.3155446744262509,0.1674195944903508,0.4207160647660185,0.2305985731784617,0.588531277961231,35.10310157284446,32.9348767395847
0.1175124487873708,0.2927153952458414,0.152568696113114,0.3852027929184875,0.2084435901620127,0.5338058523056042,35.10299085523745,33.0250443801217
0.109663041758593,0.2730914944979171,0.1434301980260248,0.3613652372764261,0.2012444652964345,0.510305803477854,35.10287964103398,33.11521071603703
0.1042799030480093,0.2591291460379316,0.1384172712413374,0.347286194463833,0.2004873030841306,0.5032049377474058,35.102767928168426,33.205375745544025
0.1039335882347584,0.2572177462927057,0.1401718664810981,0.3497280007589861,0.2050550970964484,0.5133363373101552,35.10265571456124,33.29553946686886
0.1052984724940189,0.2600709806547855,0.1442009079042351,0.3581921230541217,0.2150440079291293,0.5339308875990555,35.10254299811863,33.38570187825086
0.1028432904982809,0.256818786061569,0.1304068295126133,0.3333916555237745,0.1707506025744119,0.4487526710587565,35.15862211309768,29.327153892789926
0.109628777170841,0.2740653560511115,0.1403475203689272,0.3591820630369733,0.1855836474035731,0.4882449662623503,35.15857512300724,29.41737221877373
0.1169864721439119,0.2923619720463639,0.1516355231971498,0.3877308829878752,0.2031026164032682,0.5335526984623619,35.158527916059306,29.507589322257623
0.1235675521702564,0.3079871676507412,0.1628190559091943,0.4146538760871466,0.2218666439762125,0.5795978737065408,35.158480491446625,29.59780520095083
0.1329023887283688,0.3294371967075956,0.1791486911495581,0.4527829839086945,0.24928922603066,0.6448889914382494,35.15843284835655,29.688019852574737
0.147323319176462,0.3622794662425574,0.2037773477718406,0.5087164960351368,0.2904178340534757,0.7380553682826768,35.158384985971104,29.77823327486312
0.1601983488961999,0.3908858605315465,0.2243191645603308,0.5547573071452157,0.3213287455923647,0.8091193424266333,35.15833690346687,29.868445465561873
0.1717358938273335,0.4164386745168871,0.2417712796165028,0.5933243939880395,0.3466225246049686,0.8665167591240547,35.158288600015,29.958656422429357
0.1817444688406389,0.4391358446697117,0.2553342107023433,0.6240873593692147,0.3647476603100967,0.9087043347862253,35.15824007478111,30.048866143236136
0.178262661700146,0.4315309578459685,0.2506465794912739,0.6132291607636137,0.3586896819698601,0.8942449826245384,35.15819132692531,30.139074625765208
0.1725278492033512,0.4209146759027256,0.2405907131400843,0.592350824043195,0.3440486794404373,0.8609419387274142,35.15814235560214,30.22928186781193
0.1726467034877532,0.4252499641407545,0.2340319522990009,0.5827584615727852,0.3285881442141878,0.8306810171653103,35.15809315996049,30.31948786718404
0.1781540720398131,0.4388579919612326,0.2357292630839909,0.5876830721470092,0.3239377715473129,0.8201723810744349,35.15804373914363,30.409692621701645
0.1820888786075491,0.4487198509915313,0.2363209306130199,0.5912274007280129,0.3169667072187947,0.8088627331892042,35.15799409228915,30.499896129197396
0.16580674312393,0.4095744289639326,0.2165824343948842,0.5431664627681491,0.2927414688109567,0.7484908403237069,35.15794421852885,30.5900983875163
0.1345355649372406,0.3363629386545558,0.1765970785393407,0.4502168632195577,0.239811573577664,0.6263860826911624,35.1578941169888,30.68029939451585
0.1220219221258228,0.3040730029407236,0.1609086691792196,0.4096405382741235,0.2194291474194409,0.5730368048691387,35.15784378678923,30.770499148066083
0.117416186156334,0.2926090827513237,0.1535500141288348,0.3917283716958368,0.2070411606676541,0.5430351546266415,35.157793227044515,30.860697646049523
0.1141762503946249,0.2846361414872919,0.1485455052800069,0.3791759145296909,0.1993890400411716,0.5232668136517211,35.157742436863096,30.95089488636123
0.1100897989652392,0.274645354709594,0.1420152861288516,0.3628320781120779,0.1890475494441672,0.4966815323534957,35.15769141534752,31.041090866908842
0.1073805975676471,0.2681626898324495,0.1372823691166854,0.3509925426306067,0.1811342053788681,0.4761077081968239,35.157640161594294,31.13128558561254
0.1067173154615665,0.2660939942871964,0.1359104533024336,0.3463854840731726,0.1789395451777584,0.467673829751613,35.15758867469393,31.22147904040511
0.1069475009839039,0.2663021416156519,0.1359919579802926,0.3455736250059646,0.1790986857193338,0.4655956010869935,35.15753695373084,31.31167122923197
0.1028554713046751,0.2557705351405928,0.1304730699884509,0.3309408695788476,0.1716327800180076,0.4450305454061005,35.15748499778329,31.401862150051137
0.0963290661594002,0.2394987582151261,0.1213791542442219,0.3080748519861609,0.1585108088930415,0.4118849211424834,35.15743280592343,31.49205180083332
0.0902364067028405,0.224247704389539,0.1126879911761773,0.2862015875019192,0.1455347810003688,0.3792364862451046,35.15738037721713,31.582240179561897
0.087464358017151,0.2170951076795036,0.1086760903530412,0.2757361959109349,0.1395687503893691,0.3634326589709175,35.15732771072407,31.67242728423289
0.0871849385145776,0.216374747387898,0.1080636761428485,0.2741808469812531,0.1383521159430921,0.3602880405576262,35.157274805497536,31.76261311285511
0.0891403802406974,0.2214762637199973,0.1106181429202489,0.2809875712741015,0.1417795539589564,0.3696448250973587,35.157221660584554,31.852797663449973
0.0921415180777954,0.2292162761873736,0.1149078404815788,0.2921717401576056,0.1482458393725591,0.3867202679355862,35.1571682750257,31.942980934051775
0.0944294279811639,0.2352008571606062,0.1179442177178134,0.3002154721483709,0.152459869569797,0.3980605333873637,35.15711464785507,32.033162922707554
0.0955164213197303,0.238218473992316,0.1189374819861784,0.303148171242725,0.1531196412741373,0.4003729194460709,35.15706077810034,32.123343627477034
0.0966969381623611,0.2415046829698716,0.120071062469356,0.3064615795446412,0.1540704000844419,0.4034069153935787,35.15700666478257,32.21352304643286
0.0987673489082554,0.2468696508328103,0.1228953752273781,0.3138625361923177,0.1580933938630511,0.4141371197103919,35.156952306916246,32.30370117766045
0.1052912237790409,0.2631279634432616,0.1335032960451679,0.3403262567202305,0.176189502878409,0.45954483049342,35.15689770350923,32.393878019257976
0.1177369248359668,0.2931047256053198,0.1557432263333335,0.3930269395045604,0.216993628536274,0.5554040909428285,35.15684285356266,32.48405356933664
0.1321127520187918,0.3261351806403935,0.1823869539347993,0.4525387724392308,0.2642956222230685,0.660710536263552,35.156787756070955,32.574227826020376
0.1425640901360225,0.3499081854584607,0.1992757918933305,0.4904034355216419,0.2888836133138482,0.7182585963826298,35.15673241002172,32.664400787446105
0.1425367503360065,0.3512836806233277,0.1960443205518376,0.4848827594043591,0.2818468576996657,0.7029076623006753,35.15667681439571,32.75457245176355
0.1359870929790821,0.3373014854879557,0.1801706542479057,0.4508004777146697,0.2508106143864866,0.6339940989343337,35.15662096816676,32.84474281713543
0.1260810455743663,0.3145355327908724,0.1609295467058517,0.4070683005849483,0.2141369462851386,0.5504097358555324,35.15656487030181,32.93491188173743
0.1185814253522049,0.2960191216397541,0.1504765124961989,0.3808535112533586,0.19968912493876,0.512888469235009,35.156508519760756,33.02507964375816
0.1096638865194796,0.2738693707574829,0.1394560465789841,0.3532849133039645,0.1866799371146563,0.479770758048664,35.15645191549644,33.11524610139914
0.1017525020970132,0.2541303739635592,0.1301566257529694,0.329932320816127,0.178164039577105,0.4566359247366098,35.15639505645457,33.205411252874995
0.1002147971043477,0.2494282207828199,0.1296988274216669,0.327356620781708,0.1804981044649048,0.4600715761292189,35.1563379415737,33.295575096413344
0.1039151116327418,0.2579478184183174,0.1382701305125855,0.3466094516755826,0.2003184626300754,0.5031567517292297,35.15628056978521,33.385737630254745
0.0901979923170867,0.2236370604635083,0.1135417696515547,0.2881515938920557,0.1476098273499825,0.3849868206684358,35.210099122420914,29.327164508881125
0.0948323925832449,0.2355659657056912,0.1201782689802374,0.3056401982012438,0.1573230927592723,0.4113388870249641,35.210097541090526,29.41738287478607
0.0997391913631078,0.2480519206278583,0.1274133984945168,0.3244893462596492,0.1681435584126676,0.4403559650967358,35.21009595040825,29.507600018259236
0.1041817551185133,0.2590222780488539,0.1345150665690678,0.3424727694152054,0.1794217508774248,0.469798944810456,35.21009435034145,29.59781593701018
0.112391559382366,0.2791688905167968,0.1476543245364375,0.3753429410855166,0.2002906462175344,0.5233684485707732,35.21009274085729,29.68803062876072
0.1215678017053537,0.300895805115228,0.1634051169765903,0.41315535403236,0.2265637343803974,0.5876946721657642,35.21009112192273,29.778244091244936
0.1338356703600113,0.3300278033558474,0.1829035639395867,0.4598877967548828,0.2569187903793578,0.6615481239298091,35.21008949350445,29.868456322209198
0.147701003165351,0.361530205446837,0.2065443061534514,0.5128613235743833,0.2962353081004293,0.7494744481580397,35.21008785556897,29.95866731941219
0.1610342510366108,0.3915480832092397,0.2272639339067762,0.5593221584997263,0.3274296781539775,0.8201989082152914,35.210086208082494,30.048877080624898
0.1715228083943598,0.4143120317357157,0.2440821135998588,0.5954326349051001,0.3532010516120116,0.8762888955263439,35.210084551011086,30.13908560363067
0.1775605882143373,0.4283107081006304,0.2520576130906073,0.6138816749993693,0.3633596349341972,0.9009396842014064,35.21008288432049,30.229292886225323
0.1777194785044328,0.432136549437515,0.2482662049478836,0.6093629358433641,0.3547407173262868,0.8855934671302046,35.210081207976316,30.319498926216916
0.1861607005213918,0.4544011624195718,0.2556736731372002,0.6294138749378798,0.3621348672858164,0.9041149597830164,35.21007952194383,30.409703721426002
0.1876750153638834,0.4603346114805845,0.252472639610763,0.6261931609014649,0.3517722344137373,0.8854218336715894,35.210077826188105,30.499907269685593
0.1746044438100897,0.4294684926903526,0.2354643144614259,0.586125678081282,0.3288621300924055,0.8312969567179908,35.210076120673996,30.590109568841147
0.1576209229889228,0.3898058174977815,0.214428611678939,0.5379385259791211,0.3012099225896648,0.7694224149409623,35.210074405366065,30.68031061675052
0.1462406915195674,0.3621898183299477,0.1989035356198735,0.500576263991463,0.2798068380151832,0.7172220035284111,35.21007268022866,30.770510411284167
0.1410179408177872,0.3506849697044661,0.1886852747112949,0.4787245608804782,0.2602247995569904,0.6760174047000254,35.210070945225915,30.860708950325023
0.1375175273213931,0.3427237496176461,0.1828106648712449,0.4650635210555915,0.2507972176993477,0.6535197906298762,35.21006920032167,30.95090623176857
0.1316838559955168,0.32904092841294,0.1731919262669881,0.442274052140743,0.2351600423219952,0.6159517006255827,35.210067445479496,31.041102253522837
0.1269859786661206,0.3179969143048987,0.1650745624167484,0.4227620721987233,0.2215070041338062,0.5824802710021064,35.21006568066276,31.131297013508405
0.124749453860871,0.3121307395165919,0.1608341381636882,0.4111936725233452,0.2142256722536488,0.5616383067608388,35.210063905834595,31.221490509658526
0.1215757215826461,0.3039841328042963,0.155861589537417,0.3979438019977198,0.2066001768159149,0.5403792031661854,35.2100621209578,31.311682739919
0.1150019400009851,0.2873932008648032,0.14687325926949,0.3747973524984717,0.1941057053483129,0.5074072169707041,35.21006032599499,31.40187370224828
0.106878082370678,0.2672965034926214,0.1355296895840363,0.3465164738071044,0.1777204725665834,0.4663741177140796,35.210058520908454,31.492063394617496
0.1008505021273729,0.2520395235287889,0.1270670149547081,0.3247895638386058,0.1655463719483586,0.4346062058224523,35.21005670566031,31.58225181501044
0.0977523896692127,0.244165118499481,0.1223760372035231,0.3126514125049329,0.1583577839588681,0.4155161105052458,35.21005488021232,31.672438961423588
0.0976395361771715,0.2440686848248349,0.1216838940288236,0.3111461653557466,0.1565829247018425,0.4112139391916187,35.21005304452605,31.762624831866148
0.1004939560947673,0.2515614716873804,0.1254056027415084,0.3210757741192842,0.161583124254661,0.4248025115641684,35.210051198562766,31.85280942436006
0.1051343658683305,0.2633323480891565,0.1325350687424232,0.3391589349219256,0.1732641668450895,0.4544142083292574,35.210049342283476,31.94299273693996
0.1085951426115399,0.2721735252076514,0.1375309209697344,0.3519361853638402,0.1808461520940627,0.4738877563688801,35.21004747564893,32.033174767653335
0.1096680381861486,0.2752611095151424,0.1382247162462771,0.3543411718437591,0.1805045698733865,0.4742071670902423,35.21004559861955,32.12335551456041
0.1101871118542571,0.2768335734201007,0.1384680158544462,0.355304986095267,0.1802593684217193,0.4739968376618869,35.21004371115556,32.213534975734184
0.1122931165901869,0.2822546896748669,0.14129449457526,0.3626465986376596,0.1841542799722174,0.4843175824744765,35.210041813216854,32.30371314926059
0.1199329358588185,0.3006920118434572,0.1546738435482224,0.3945280196607858,0.2086394292689174,0.5421104850205253,35.21003990476308,32.393890033238264
0.1345972109070508,0.3346086495879538,0.1822103483487014,0.4561294937914661,0.2603378299866053,0.6556161308210369,35.21003798575357,32.48406562577881
0.147410651823424,0.3630904795612756,0.204464063196702,0.5047021741323708,0.2953188322854382,0.7344542533971515,35.21003605614745,32.57423992500666
0.1498873045868081,0.3695845178599906,0.206783061194014,0.5108313297380904,0.2974789911828154,0.7402367856291246,35.210034115903454,32.66441292905911
0.1445446830149242,0.3591025834944263,0.192670085411596,0.4817616229326168,0.2701803404193518,0.6805976828940201,35.2100321649801,32.75458463608644
0.1366248349888048,0.3412337076437516,0.1750000230289049,0.4423886099183517,0.2340905541320116,0.5999734963938256,35.210030203335585,32.84475504425181
0.1292593797827594,0.3236299789965826,0.1625382233749082,0.4123793512843882,0.212932898279234,0.5478017178755189,35.21002823092787,32.934924151731316
0.1230774317992852,0.3077277244088915,0.1545892396478013,0.3914729185825978,0.2027712242422429,0.5198641274480404,35.210026247714524,33.02509195671409
0.1122816075541897,0.2812982581731457,0.1403830781613008,0.357042015028959,0.1833016428874412,0.4734870085874829,35.21002425365293,33.11525845740212
0.1035087307154753,0.2597689530612596,0.1296084827645659,0.3309628332129571,0.1705353909718497,0.4434259799152448,35.21002224870009,33.20542365201049
0.1026776773185373,0.2566658101714699,0.1308448232414723,0.3322714585348258,0.1770789890809539,0.4563055967259621,35.210020232812745,33.29558753876725
0.1047804167265179,0.2614271351267557,0.1363846117776909,0.3445702540758854,0.1923230178258214,0.4880814244063155,35.210018205947335,33.385750115913545
0.0805872735103109,0.1983063863818591,0.1009556080285668,0.2541832329838087,0.1306492710869594,0.3378916965125754,35.26157613407387,29.327155274383387
0.0836495818992706,0.2062246273041855,0.1052906640295919,0.2656741001027959,0.1369399805217018,0.3550805864778495,35.26161996151167,29.41737360730426
0.0867768650484436,0.2142999131416005,0.1097185569351241,0.2774035817959682,0.1433336386929638,0.3725519569030536,35.26166398710317,29.507590717735575
0.090640716072392,0.2240598120221111,0.1156474992319989,0.2927767528924394,0.1524791649023466,0.3970360817383053,35.26170821159048,29.597806603386616
0.096000680820007,0.2375338804302539,0.1239205114467423,0.3140809485684238,0.1652554704283509,0.4309688827447184,35.261752635720484,29.688021261978825
0.1028655917198327,0.2545721538611122,0.1347828995172308,0.3416458603705787,0.1822843908557342,0.4754516705406192,35.26179726024511,29.778234691246
0.1117334975003215,0.276252733336187,0.148991176037758,0.3770432992120051,0.2046188468808014,0.5326004593927788,35.26184208592118,29.868446888934177
0.1238023187988907,0.3055332396567993,0.1681420846627317,0.4237549535362867,0.2349356232244991,0.6074245266434692,35.261887113510504,29.958657852801704
0.1346989178837495,0.3316769576076555,0.1847258479678604,0.463805111923933,0.25991427129173,0.6685903949845009,35.26193234377996,30.048867580619252
0.1483341992643881,0.3624119695180074,0.2081765521504767,0.516030119753144,0.298965725561906,0.755560835828271,35.261977777501485,30.13907607016986
0.1635417914046724,0.3963741886812812,0.2327205206860039,0.5697615713059592,0.3376778996612655,0.8400806706227021,35.26202341545214,30.229283319248974
0.1735863908996344,0.4201070243175694,0.2453859664426586,0.6000909941774292,0.3528416077985252,0.8787541499178891,35.26206925841409,30.319489325664378
0.1858090475751365,0.4501873543013842,0.2596015149670899,0.6353750769697278,0.3700842231013513,0.921948277102486,35.26211530717466,30.409694087236236
0.1897142893888543,0.4617212320737151,0.2618677572884391,0.6439998934739583,0.3706405332561608,0.9266407055960963,35.262161562526494,30.499897601797272
0.1880608066582457,0.4581114529377227,0.2591452866326505,0.6389390729663965,0.3655412378492708,0.917692443404427,35.26220802526741,30.59009986719255
0.1799068389427686,0.4390101863486734,0.2497489877170462,0.6162590606720721,0.3555573450662277,0.890860097346713,35.26225469620053,30.68030088127967
0.1734310701546905,0.4249190398405458,0.2399912113592495,0.5949595400033003,0.341523686482564,0.8590786635525934,35.2623015761343,30.770500641928706
0.169688716825025,0.4177554062718666,0.2327883411819649,0.5806963503370316,0.3291157794174397,0.8336049109570406,35.26234866588255,30.860699147022228
0.1661457897794238,0.4104951232024481,0.226165289798446,0.5670875618860918,0.3171474278120414,0.8094485481510449,35.262395966264556,30.950896394455384
0.1611539482769897,0.4003229532184578,0.2171067903470412,0.5480117802766381,0.3021872796130398,0.7768121583743389,35.26244347810496,31.041092382135897
0.1527530609321278,0.3812751238557192,0.20321854027713,0.5164313791908888,0.2795875497648044,0.7253442739961208,35.262491202233946,31.131287107983965
0.147441677388181,0.3685420095343508,0.1939614086882032,0.4941792787481355,0.2637875987173868,0.6873696217757542,35.262539139487245,31.221480569932492
0.1402012146118101,0.3511718474305647,0.1823738089257293,0.4661759898452265,0.2451667177534079,0.6419036416909055,35.26258729070611,31.311672765926943
0.1320228030567772,0.3309861596461824,0.1710746207203916,0.4379869859031181,0.2292005339221475,0.6015610038128164,35.26263565673743,31.4018636939254
0.1226130895879443,0.3077406835350128,0.1578682833785831,0.4050323838660869,0.2102137972077546,0.553623997469931,35.26268423843374,31.49205335189864
0.1156641238227763,0.2902630244590154,0.1478515047767435,0.3794599972072931,0.1955109671542022,0.515329169391961,35.26273303665328,31.582241737830113
0.1114945390630492,0.2800734820874362,0.141056647820795,0.36248696003632,0.1845071388387836,0.4870482734766045,35.26278205225999,31.672428849715942
0.1108835822916119,0.278979116262922,0.1392220875220362,0.3584417661364454,0.1804509145225983,0.4773565273575492,35.262831286123664,31.76261468556493
0.1150792789725881,0.2899825769774745,0.1446677782942703,0.3729425815497553,0.1876946024511626,0.4969849490307765,35.26288073911982,31.85279924339866
0.1228000484537131,0.309228315584041,0.1570317210864058,0.4033069635083602,0.2090300219551506,0.5483617569784864,35.26293041212993,31.942982521251476
0.1278613391209844,0.3216800180803962,0.1650974108262491,0.4227036052126292,0.2227202903259466,0.5805044855040932,35.262980306041314,32.03316451717038
0.1283763801422134,0.3234067819519186,0.1646606615117093,0.4226071522288734,0.2197836140345862,0.5756904667898658,35.263030421747246,32.123345229215325
0.1281713980286349,0.3232093407310879,0.1638790408081759,0.4209948564878796,0.2181927856078241,0.5719146331751439,35.263080760147076,32.21352465545892
0.129496073318409,0.3265559496786237,0.1655320996720677,0.4252411901045982,0.2201028016437523,0.5771804479578325,35.263131322146066,32.303702793986695
0.1373553772996737,0.3448265270419599,0.1798832934849346,0.457627279892786,0.2473198811928614,0.636891350598886,35.26318210865571,32.393879642896934
0.149419372613081,0.3717427388264098,0.2018680029749733,0.5052268749750315,0.2858351385104678,0.7203528550996925,35.263233120593526,32.4840552003008
0.1545260699227522,0.3833504353933009,0.2095900175155498,0.5225314440768277,0.2965468088649008,0.7457659346087712,35.26328435888326,32.574229464322435
0.1507380746776555,0.3761770196235094,0.2004824508419861,0.5035650388715038,0.2804677068316556,0.7091403860105145,35.263335824454884,32.66440243309871
0.1434274255922747,0.3599616299572128,0.1840673502939756,0.4674900206607627,0.2472540766996818,0.6359352323403368,35.263387518244635,32.754574104779515
0.1363830249015573,0.3435969009001958,0.1706779152447808,0.4362652064746481,0.2220882876016509,0.5767108237214086,35.263439441195075,32.8447444775276
0.1312801538490766,0.3309473671937363,0.1631127873962473,0.4170759183673322,0.2107974179198567,0.5469248984587977,35.26349159425513,32.93491354951874
0.1267518117899395,0.318685021240643,0.1578631184068436,0.4023889894558356,0.204857199854768,0.5293197849784835,35.2635439783802,33.0250813189416
0.1165140931277542,0.2934420243987241,0.1444682448886355,0.3698195127485917,0.1863385815796904,0.4853345609156546,35.26359659453206,33.1152477839978
0.1065632837893693,0.2688286282956965,0.1313260038272281,0.3378974313897618,0.1677775944004539,0.4418511327896264,35.26364944367907,33.205412942902086
0.1040807277331206,0.2617262703618129,0.1290792327612924,0.3310299863081159,0.1665268100151477,0.4369139535481642,35.26370252679615,33.295576793882034
0.106028197583411,0.2661248813603038,0.133560405925988,0.3412978491255792,0.177028889119223,0.4606514386270064,35.263755844864775,33.385739335178386
0.0728206632350821,0.177830910977345,0.0909155278132022,0.2270625989232063,0.1172913968275171,0.3007445999565092,35.31305309637267,29.32712618932972
0.0749508136088655,0.1833485960645955,0.0938943619984045,0.2349782564822515,0.1215726359539311,0.3124819687952619,35.313142332394314,29.417344416361487
0.0775594389467831,0.1901101318996265,0.0975348748723683,0.2446605105044125,0.12677460552831,0.3267583732912239,35.31323197407413,29.507561420720023
0.080420086880429,0.1974492522250999,0.1017135371313648,0.255660084501417,0.1329812652846351,0.3436274193824897,35.3133220229288,29.597777200113637
0.0841437782003015,0.2068948752177032,0.1074041256780045,0.2704801267437481,0.1417150348582005,0.3671319497181823,35.31341248048501,29.68799175226277
0.0893278763136151,0.2200333701355011,0.115272262982591,0.2909106244387342,0.1536859322616203,0.3992110479561961,35.31350334827963,29.778205074900118
0.0956133150598376,0.2358494797318829,0.1249125108593109,0.3157195644600392,0.1684141589783758,0.4382748042197039,35.31359462785957,29.86841716577079
0.1035010403172178,0.2555920293946321,0.1369465442494768,0.3464156631118431,0.1867565854667766,0.4862635713854248,35.31368632078199,29.95862802263202
0.1136196623922695,0.2805770707550148,0.1524793249847723,0.3853501061566843,0.2104766341992344,0.5470717318400746,35.31377842861439,30.048837643253517
0.1250420349457152,0.3080003997988612,0.1710355042459864,0.4299916272569783,0.2404728582267129,0.6198310788453191,35.31387095293459,30.139046025417244
0.1373636676891604,0.3373491708474861,0.1900747760532943,0.4752839050970052,0.2695605595921027,0.6897460113084815,35.31396389533092,30.229253166917534
0.1560591090723774,0.3808113251106933,0.2195027741640313,0.5421792306840485,0.3162906733209062,0.7943701745686349,35.31405725740214,30.319459065561183
0.170453310452975,0.4147089884605887,0.2388932156825007,0.5880543963860564,0.341978665800589,0.856733549775984,35.31415104075767,30.40966371916732
0.1824946365977097,0.4430978530618113,0.2542824194020511,0.6250180902795373,0.3613190466478755,0.9048397411629068,35.31424524701761,30.499867125567523
0.1913436692575474,0.4636873480126524,0.2655308728470256,0.6521834419633752,0.3750566536934673,0.9397798849095446,35.31433987781277,30.59006928260585
0.1923966050653234,0.4671822121826288,0.2655828340375257,0.6547979661503336,0.373318885583222,0.9396513036250694,35.314434934784806,30.680270188138785
0.1931113472764629,0.4703448845001116,0.265501140364561,0.6562692156884693,0.3725527374191171,0.9390654335203082,35.31453041958628,30.770469840035314
0.1950469503584377,0.4766180831663545,0.2670050372957608,0.6614028431658173,0.3741301644500293,0.9433838844420328,35.314626333880746,30.860668236176945
0.1968562242360219,0.48190833680057,0.2686030013833823,0.6664506884533015,0.375646654085686,0.9483705843018428,35.31472267934281,30.950865374457713
0.1934400035568846,0.4750955889610358,0.263521116092852,0.6553261634375772,0.3690484749073238,0.932219263249882,35.31481945765825,31.04106125278423
0.1854680378722294,0.4579503723539591,0.2514555791579714,0.6286603787775195,0.3517214236721516,0.8924891747019692,35.31491667052404,31.131255869075567
0.1774204067499822,0.4397721509191858,0.2389701501017605,0.6002594285170415,0.3328843767646932,0.8491310306436278,35.31501431964851,31.22144922126355
0.1678576807807114,0.4176079546116318,0.2244100333722301,0.5666462704716065,0.3104516609144221,0.7977662168897579,35.31511240675129,31.3116413072925
0.1561570868566517,0.3902052048108687,0.207062233208035,0.5264978883922166,0.2840570346504118,0.7372471440240398,35.31521093356364,31.40183212511938
0.1461707320471565,0.3659232549833603,0.1931555250827732,0.4924748556616022,0.2644097041976642,0.6887409584420175,35.315309901828215,31.492021672713825
0.137124440739648,0.3441783380865598,0.1791171488484129,0.4587718635639639,0.242180211335702,0.6353949850411459,35.31540931329946,31.582209948058157
0.1306570217511563,0.3290863443333277,0.1681658205732503,0.4327929784977705,0.2239837302962791,0.5912792466565131,35.31550916974344,31.67239694914731
0.129455888921081,0.3272733617495376,0.1644214011400095,0.4252127706362696,0.2156508588470254,0.5727671884235676,35.315609472938156,31.762582673988998
0.134853891183081,0.3414003029415742,0.171178263461542,0.4432526209535946,0.2241165340761145,0.5959688415228529,35.31571022467341,31.85276712060357
0.146653449242886,0.3698419016018354,0.1906996747337695,0.488804424897251,0.2588242573534638,0.6737999471637525,35.315811426751054,31.942950287024235
0.153878445719161,0.3870299793075883,0.2022717523326971,0.5151530423778755,0.2783875666593363,0.7164727201988419,35.31591308098505,32.03313217129688
0.1535163258779914,0.3866300778661666,0.2006542151939872,0.5123345669272793,0.2740449442750495,0.7086393532754295,35.316015189201494,32.12331277148016
0.1521418006250497,0.3834827657476204,0.1985531010051822,0.5071795721003904,0.2712725408073456,0.7011077414685501,35.31611775323877,32.21349208564556
0.1518534694194103,0.3828944268722294,0.1976081970557234,0.5053007197097296,0.2687579823438475,0.696383663015635,35.31622077494763,32.30367011187742
0.1579061178891293,0.3962788113231555,0.2083948304394419,0.5284171430902137,0.2879077043625053,0.7367987442311758,35.31632425619131,32.39384684827281
0.1653370773765279,0.4121380323586427,0.2215088621825557,0.555782738272373,0.3096007145630098,0.7831122924695525,35.316428198845486,32.48402229294169
0.1636808957281751,0.40909699459798,0.2178087811850403,0.5478238654002104,0.3037192850457749,0.7687730864202656,35.3165326047986,32.574196444006965
0.1561429229233769,0.3931168810226971,0.201388053455136,0.5128109113395188,0.2721508847740078,0.7004503975215969,35.31663747595179,32.66436929960432
0.1478705106159806,0.3739461619844941,0.1853425752684018,0.4758746082928041,0.2413245314613757,0.6300359795844211,35.31674281421902,32.754540857882375
0.1424741943355663,0.3610001510533557,0.1766845038983114,0.4546375105550592,0.2273535828345868,0.594762941664487,35.316848621527164,32.84471111700265
0.1390479208944849,0.3520042241763226,0.1723154809258486,0.4427501619781666,0.2218242610429014,0.578867607796159,35.31695489981622,32.93488007513968
0.1356522302765392,0.3425321524015371,0.16866659008256,0.4321902843241476,0.2180429384657494,0.5672504220369718,35.31706165103919,33.02504773048088
0.1254625024031677,0.3173551501370588,0.1555859106076989,0.4003691767314996,0.200276659863319,0.5251723156239115,35.31716887716245,33.11521408122665
0.1144013856530436,0.290043427794293,0.1409152310283822,0.3647407654216247,0.179432302563552,0.4761177018595408,35.31727658016556,33.20537912559037
0.1109018617930462,0.2803744709041303,0.1369968837022696,0.3536633560739983,0.1751519430818485,0.4635736317601673,35.31738476204164,33.29554286179842
0.1119437079217656,0.2826640961883858,0.1391319078536709,0.3585870532707665,0.1794013694494275,0.4736269969275728,35.317493424797306,33.38570528809025
0.06663078948278,0.1615442105929669,0.0829853487139237,0.2056802703953713,0.1068312108207647,0.27170460722481,35.36452995763372,29.32707725382546
0.0681590358062664,0.1655023098192263,0.0851005219224286,0.2113006534102285,0.1098507543268118,0.2799849456848998,35.36466460186254,29.417295302063568
0.0703621900734303,0.1712153658953461,0.0881415785572538,0.2193905729003064,0.1141659800705629,0.2918312947637608,35.36479985925147,29.507512127318922
0.0723696547406113,0.1763865859130916,0.0910281266784865,0.227021605160641,0.1184044103207459,0.3034039841223157,35.36493573209182,29.597727727298103
0.0748036042123763,0.1826227048929219,0.0946292855408704,0.2364871663093528,0.1238127164070151,0.3180904503705772,35.36507222269007,29.68794209971987
0.0787127563300275,0.192637248809316,0.100394596126188,0.2516300089138516,0.1324112955258107,0.3414119649211487,35.365209333367915,29.7781552423152
0.0834150971099266,0.2046527131144715,0.107349523712688,0.2698427927316464,0.1427552931805643,0.3693818373399286,35.36534706646244,29.868367152827446
0.0888832062346376,0.2185891677900927,0.1154324159056088,0.2909248873229629,0.1547612259937049,0.4016562028513752,35.3654854243261,29.95857782901213
0.0962866858494857,0.2372468225686811,0.1265983305527714,0.3196883506305576,0.1715732386819086,0.4462571495674795,35.365624409326976,30.048787268637163
0.1052138296446518,0.2596623866843325,0.1399904611769138,0.3538341444354002,0.191867517589583,0.4991026530153529,35.365764023848804,30.13899546948276
0.1153608384347776,0.2848011544909615,0.1552996158233068,0.3922317048846453,0.2149944806124578,0.5582736440174348,35.36590427029109,30.22920242934152
0.1292106438671648,0.3187082701301846,0.176327212522082,0.4436768197616925,0.2474189686350237,0.6379638080087987,35.36604515106926,30.31940814601845
0.1439609389901502,0.3537923590468884,0.1994151342930196,0.4977482150355477,0.283981978385332,0.7229446840584862,35.36618666861472,30.40961261733085
0.1616929878102702,0.3955597418537984,0.2256693850772338,0.5587302822256867,0.3236498204480404,0.8136961898603543,35.36632882537505,30.499815841108518
0.1763714855921868,0.4290033995562975,0.2461746970840844,0.6062832647536475,0.3509384484188053,0.8795455021339849,35.36647162381404,30.59001781519371
0.1883274987396331,0.457447463658352,0.2614206483445995,0.6431343129175854,0.3705459408035947,0.9276798096022636,35.36661506641185,30.680218537441075
0.1970752731915209,0.4798347840451276,0.2706618419508149,0.6684831838649368,0.3798016600384385,0.9556727106777366,35.366759155665164,30.770418005717765
0.2041290985583415,0.4987954997264284,0.2769832306412996,0.6881930472208938,0.3839096518155951,0.9740640782165864,35.36690389408717,30.860616217903473
0.210786140662253,0.5155084709078287,0.2847589364835756,0.7080988297224549,0.3931633602248712,0.9984243211082208,35.3670492842079,30.950813171890378
0.2092778782975951,0.5138565695107965,0.281753304178923,0.7028209631086879,0.3886209608425776,0.988705408694512,35.367195328574105,31.04100886558318
0.2053023994229877,0.5053448282992988,0.2764976290510814,0.6903200865115049,0.3823730129558075,0.9719903648881554,35.36734202974962,31.131203296899166
0.2000975696068455,0.493319034345426,0.2697891236591663,0.6738751843843456,0.374265034421759,0.950495329025137,35.36748939031532,31.2213964637682
0.1929549752453681,0.476597895876674,0.260338452522883,0.6511800962511087,0.3620766922040386,0.920059740283082,35.36763741286926,31.311588364132742
0.1835912133834158,0.4547531174384471,0.2475475985545506,0.6212627605441321,0.3444912214822431,0.8785489695086482,35.36778610002692,31.40177899594785
0.1744896767857207,0.4330135101833503,0.2355441804830623,0.5921407291946342,0.328891716395085,0.8395887347300128,35.36793545442117,31.491968357181243
0.1655557001136636,0.4125746829949398,0.2219656874810056,0.5610872564538749,0.3083243498766085,0.7924479301604855,35.36808547870259,31.5821564458133
0.1563270069950947,0.3922998872109233,0.2061601983971821,0.526178414742044,0.2819805538186445,0.7338541995071209,35.36823617553936,31.672343259837035
0.1542174536126318,0.3896450881362632,0.199420980854736,0.5141722153010269,0.2666863488045236,0.703951630118176,35.36838754761765,31.762528797258216
0.1621518132767059,0.4102939690076611,0.2087913287468348,0.5394635764101089,0.2772123512105258,0.7342567870800165,35.368539597641536,31.85271305609524
0.175162772617024,0.4409751264579818,0.22890171548138,0.5852851105134494,0.310037397426146,0.8061731923074965,35.368692328333275,31.942896034379313
0.1812258989291069,0.4556509690888174,0.2372008348844158,0.604765228950487,0.3218533314999204,0.8329930484688067,35.36884574243335,32.03307773015438
0.1803401509299487,0.4539559107148028,0.2355751696349397,0.6011685318690692,0.3193423025813764,0.8268734297908595,35.3689998427007,32.123258141477066
0.1769158673039221,0.4456745434423286,0.2310580064196449,0.5897060084033173,0.3137754021395554,0.8115266513146505,35.369154631912764,32.213437266416896
0.1751154719942733,0.441349324990223,0.2284495481282553,0.5833583629895426,0.3100768049735275,0.8022508339533736,35.3693101128657,32.303615103056146
0.1770878771063719,0.4453831656196959,0.231667971764077,0.5900207572717892,0.3149271660436687,0.8128421760496394,35.36946628837444,32.39379164948986
0.1766867790482499,0.4438646679020261,0.2316901463898381,0.5885268616470286,0.316087122343156,0.812590799121153,35.369623161272905,32.48396690382601
0.1700606721636726,0.4294691295398827,0.2195136748657641,0.5615555272500771,0.295642085146496,0.7659027362473345,35.36978073441412,32.574140864185395
0.1614706319071421,0.4101766341463032,0.2030062868357539,0.5246208235854577,0.2644774876534739,0.6969073245991445,35.369939010670365,32.66431352870167
0.1552213716690597,0.3956279879607298,0.192524666071252,0.4996329962987352,0.2469272723795438,0.6541570944408001,35.37009799293333,32.75448489552134
0.1519289883783094,0.3872330719453059,0.1880927715213211,0.4878981074529545,0.2409926952989161,0.6376858254589366,35.37025768411425,32.84465496280388
0.1499006604734731,0.3815463265509043,0.1858612847462735,0.4813307306501579,0.2386047640559366,0.6301739298806452,35.370418087143996,32.934823728721724
0.1476174674244743,0.374907094002576,0.1836239729949513,0.4745385560257331,0.2365163102679333,0.6234415125609026,35.37057920497333,33.02499119146013
0.1382822834473366,0.351422118213659,0.1722223983330409,0.4461148151029221,0.221973680756708,0.5879207709936453,35.370741040573044,33.11515734921741
0.127158259389733,0.3236635838734881,0.1580157628927414,0.4108935864318086,0.2029862120452129,0.5416092422671753,35.37090359693403,33.20532220020479
0.122432261506028,0.3110688721615376,0.1520213736263437,0.394679824679089,0.1951621250959877,0.5199708159513855,35.37106687706749,33.29548574264651
0.1221404500084354,0.3100336479389093,0.1519708916006205,0.3940946552899601,0.1956349626194772,0.5204691130118483,35.37123088400509,33.38564797477984
0.0614168427606487,0.1478662788448997,0.0763465326697617,0.1878330877693071,0.0981289452980415,0.247617092494241,35.416006666174056,29.327008468048298
0.0627352017770744,0.1512864667645819,0.0781240334315611,0.192562614829562,0.1006092934158379,0.254425926611398,35.416186718040976,29.417226264589047
0.0643921127061346,0.1555742703243058,0.0804103659397946,0.1986326308560913,0.1038612316506509,0.2633370118104429,35.41636759056618,29.507442837711643
0.0659851846222323,0.1596888168227754,0.0826495146650855,0.2045618136770816,0.1071006513235474,0.2721909040199286,35.416549286815595,29.59765818512026
0.06802056675868,0.1649213423788977,0.0856101011859669,0.2123684194796412,0.1114974044630716,0.2841651769920719,35.416731809875444,29.68787230453129
0.0707472594765325,0.1719400383087853,0.0895536137725202,0.2227747403890665,0.1173014998474007,0.299982245953674,35.416915162852284,29.77808519367324
0.0742636734107688,0.1809839874352876,0.0946553129911487,0.2362200053195384,0.1248065149679578,0.3203996851151019,35.41709934887327,29.868296850287024
0.0783184146112699,0.1914040222381959,0.1005253590706701,0.2516741128528412,0.1333983849506071,0.3437406763446065,35.41728437108615,29.958507272125708
0.0840140236779444,0.2059946647972196,0.108772881196651,0.2733142695268487,0.1454460441057512,0.3763398420504521,35.41747023265959,30.048716456954807
0.090220282525806,0.2218351524166536,0.1178040822133484,0.2968732495817782,0.1587272127754367,0.4119781920919567,35.417656936783146,30.13892440255199
0.0985453334259106,0.243029994292062,0.129780221564654,0.3279940246390049,0.1761105923521266,0.4584015572224136,35.41784448666756,30.22913110670737
0.1088001755813986,0.2688126432371862,0.1450473176232075,0.3668315007860556,0.1992311495541758,0.5182697007765145,35.4180328855448,30.319336567223434
0.1198652934658364,0.2966327218994983,0.160714080775001,0.4067626852533192,0.221641723651469,0.5765688000387024,35.41822213666832,30.40954078191501
0.1339286412596584,0.3311429484948345,0.181754168911978,0.4582898013334591,0.2538942260213288,0.6556124439153297,35.41841224331309,30.49974374860935
0.153442692909022,0.3774007896905569,0.2112579460879968,0.5275890619783941,0.2992186123226775,0.7613272492866082,35.41860320877587,30.589945465146133
0.1697578211253525,0.4157850449994994,0.2349155533093967,0.5822537647538434,0.3347868766194177,0.8416715188041953,35.418795036375315,30.680145929377435
0.1865289061788052,0.4555764802179979,0.2572352287979937,0.6356764203242362,0.3640465053011446,0.9134693685043423,35.418987729452134,30.770345139167922
0.2014464047842306,0.4921271693509788,0.2743380162309829,0.6802116384958946,0.3819617755692887,0.9657824163841936,35.419181291369206,30.860543092394582
0.2169248853036976,0.5300051370340785,0.2926537878694391,0.7267862006873896,0.4037163179822299,1.0232603321146303,35.41937572551187,30.950739786947043
0.2208172655099647,0.5415238661367162,0.2959196763117687,0.7378271155854623,0.4061502399817986,1.0332595651564789,35.41957103528793,31.040935220727413
0.2218494282635602,0.5453077332570242,0.2965067253490025,0.7405929477394971,0.4063622334837,1.0349550494449695,35.41976722412795,31.131129391650294
0.2203901350549491,0.5420318730018668,0.2947743290918316,0.7361119651196831,0.4045477742140031,1.0294560916385087,35.41996429548535,31.2213222976429
0.2174350442891665,0.5346157578683,0.2915721862548461,0.7272901769076481,0.4013392547581981,1.019447058919539,35.42016225283659,31.31151393664506
0.2122732912342322,0.5216372930225734,0.2858471884148047,0.7119935830339393,0.3952386983995699,1.0017357211201925,35.42036109968134,31.401704306609155
0.2059677123802593,0.5058763779660952,0.2788370417178172,0.6932800028515895,0.3878426136247551,0.9800980728106428,35.42056083954268,31.491893405500186
0.1972273229651542,0.4858506495602848,0.2674427522578891,0.6661145128292236,0.373639242372982,0.9442250045328052,35.42076147596718,31.58208123129582
0.188402517999126,0.4676585789693714,0.2534957999256555,0.6363343307870687,0.3530060311070652,0.8981924400214591,35.42096301252524,31.672267781986367
0.1868035395282941,0.4680129510041701,0.2465846168149691,0.6271128289844151,0.3370624413544015,0.8716618135370542,35.42116545281108,31.7624530555748
0.198958511136688,0.4979758922285645,0.261581574560596,0.6649563720163981,0.354868325246259,0.919139332768642,35.42136880044305,31.852637050076847
0.2118275706739479,0.5291351711993281,0.2780776832940744,0.7046559152352203,0.3764829197410819,0.9706591379011744,35.42157305906372,31.942819763520877
0.2143771908641823,0.5369420279988418,0.279490530639178,0.7109403820832945,0.3755044707648637,0.9730555475620696,35.42177823234017,32.03300119394804
0.2130391804041416,0.5337901542692505,0.2778440060063272,0.7064437613505181,0.3737543544118574,0.9672775072933476,35.421984323964075,32.12318133941219
0.2067086856097334,0.519794825478132,0.2684087630429721,0.6854863926628294,0.3597289074768429,0.9354756013331486,35.4221913376519,32.21336019798002
0.2043861933595614,0.5136301958816272,0.265896376518961,0.6781183686090384,0.3573038483091216,0.9269981569063258,35.422399277145146,32.30353776773098
0.2023795273262303,0.5084994560588731,0.2634184770931284,0.671526018230716,0.3542838039736178,0.9185049876367212,35.422608146210486,32.39371404675723
0.1958050815579255,0.4935776228337752,0.2537963352139937,0.6489621299747396,0.3408498211939615,0.8853025353770628,35.422817948639974,32.48388903316392
0.1860357922383096,0.4715092992505582,0.2370581932676267,0.6112968176281993,0.3124298269683841,0.8220193848635938,35.42302868825122,32.57406272506887
0.1770202979917364,0.4509324413572867,0.2221141683584233,0.5767777295035124,0.287735266772905,0.764455435671167,35.42324036888764,32.664235120602925
0.1738798263449616,0.4439346680148578,0.217047243678162,0.5648952777287647,0.2798075046123332,0.7450118422489344,35.423452994418554,32.75440621790962
0.1736647457184838,0.4432564099300382,0.2169390825306578,0.5643509153375268,0.2799387207550184,0.7449484667440736,35.42366656873946,32.84457601514552
0.1729469822439423,0.4409708587416104,0.2163394421405353,0.5622752125496937,0.2794879473310217,0.7432046121547269,35.423881095772224,32.93474451048007
0.1699904848750863,0.4323406195668296,0.2133686768103343,0.5532239643893845,0.2765362488004189,0.7337313288589895,35.42409657946524,33.02491170209559
0.1618490512547343,0.4117198671299401,0.2040909231120694,0.5298069457423039,0.2656890365712436,0.7068235347742732,35.424313023793715,33.11507758818737
0.1488945382532398,0.3792560090078744,0.1882691914576227,0.4898031036090772,0.246015162478433,0.6567557666568239,35.42453043275975,33.20524216696366
0.1409809847417603,0.3591042417067167,0.1775609362845503,0.4620029037055681,0.2313337030157489,0.6175128837694295,35.424748810392664,33.29540543664566
0.1390755932304272,0.353978660888839,0.1753623732019453,0.455649879358673,0.2291034950074404,0.610165961309366,35.42496816074915,33.38556739546754
0.0570484503844218,0.1364468768304623,0.0708134180178031,0.1730127660640638,0.0909131381062758,0.2277199089640472,35.467483170311624,29.326919832248162
0.0581097678364775,0.1391945532543531,0.072230820663272,0.1767755863117326,0.0928781767609,0.2331015267592732,35.46770862905522,29.417137304189048
0.0596082527160724,0.1430758785229568,0.0742465193302177,0.1821291146824821,0.0956831004600045,0.2407865346932229,35.467935115950205,29.50735355215055
0.0608092449332621,0.1461726275933264,0.075932325069897,0.1865855942910025,0.0981273419857335,0.2474573351172695,35.468162634837135,29.597568573833716
0.0626115842733857,0.1508235669922614,0.0784683959648304,0.1932924057171241,0.1017996789721566,0.2574793062005914,35.46839118958193,29.687782366951783
0.0645477614109994,0.1558088262070195,0.0812603348239831,0.2006604106164137,0.1059160884343588,0.2686965377140754,35.46862078407599,29.777994929230225
0.0667408034635508,0.1614794869610179,0.0843627721584034,0.2088735325270019,0.1104042081567387,0.2809537272422424,35.46885142223648,29.868206258406783
0.0702697647261065,0.1705824110673586,0.0893777241244889,0.2221304906140887,0.1176551938992042,0.300734698851662,35.469083108006465,29.95841635223132
0.0745217945711484,0.1815329045965472,0.095433948565601,0.2381179479137888,0.1263999156739733,0.3245581643885233,35.46931584535504,30.048625208466177
0.0794759125439353,0.1943175805397227,0.1023910652423836,0.2565048231760837,0.1363275878364216,0.3515961516896327,35.469549638277655,30.138832824885885
0.0856508867620936,0.21020681507918,0.1111097797946512,0.2794681574547684,0.1488056328028087,0.3854491132275412,35.4697844907962,30.2290391992773
0.0931812776635209,0.2295458985631864,0.1218034727240902,0.307453583988342,0.1643261989857535,0.4270783607379809,35.47002040695917,30.319244329439677
0.1018399657386367,0.2517806654592504,0.1337888059889734,0.3388658231275782,0.1811711941947551,0.4724006292646613,35.470257390841994,30.409448213184614
0.1136258989254734,0.2817183671246699,0.1505502476178876,0.3819753663525275,0.2056380368578945,0.5363492642508678,35.47049544654701,30.49965084833607
0.1285312764413124,0.3187508211789221,0.1715989501383379,0.4347575836895015,0.2359461504573207,0.6133982819387235,35.47073457820396,30.58985223273043
0.1455073684184286,0.3600367755051215,0.1960367888320513,0.4939766214584845,0.2723199868586102,0.7013077290461796,35.47097478996986,30.680052364216554
0.163034203696835,0.4023492925673839,0.221844771864837,0.5554849685694278,0.3116790195080586,0.7936566044444722,35.47121608602946,30.770251240655686
0.1824929328435158,0.4483569682717483,0.2494338157964611,0.6204387796879456,0.35099956175794,0.886505863864457,35.47145847059527,30.860448859921483
0.199357238615723,0.4892731171331914,0.270140068897014,0.6726161322470154,0.3754742297578355,0.9521201313707848,35.47170194790791,30.950645219900277
0.2103048546793303,0.5168532951596904,0.2826497255072576,0.7055711325140519,0.3894195862361321,0.9912838142758084,35.47194652223619,31.04084031849073
0.2160985836013217,0.5322256445507697,0.2886276728558934,0.7226675229534617,0.3952778018475838,1.0098930878348509,35.47219219787736,31.131034153604094
0.2183891263130207,0.5386670592720313,0.2907884158551276,0.7293376347905837,0.3971881497826941,1.0165951918673664,35.47243897915736,31.221226723164193
0.2184069583284918,0.5387777192060975,0.2907876549491968,0.7293677159266733,0.3971811370215628,1.0165829289492745,35.47268687043097,31.31141802510732
0.2168872908819317,0.5345879703862516,0.2893390399409883,0.7249237819707199,0.3959037615239296,1.0120888028194697,35.47293587608207,31.401608057382465
0.2146464189445761,0.528467806880268,0.2871788375250536,0.718368685474756,0.3939706936682937,1.0053976416337371,35.47318600052381,31.491796817951133
0.2110759057177728,0.519799506639135,0.2831703848554066,0.7076067891923592,0.3898337823031691,0.9928309115454216,35.47343724819885,31.581984304787547
0.2076745403208406,0.5133150362918271,0.278174690283852,0.696634984847485,0.3834815455077766,0.9768160815748596,35.4736896235796,31.672170515878452
0.2146945075937331,0.5334476355159142,0.2842608844814021,0.7167557403955995,0.3877545925495562,0.9952671215899092,35.473943131168426,31.762355449223346
0.2351481015458315,0.5811258580617283,0.3112260580985471,0.7795736048740892,0.4239269989391996,1.0801803966388484,35.47419777549782,31.852539102834303
0.241515894860839,0.5998156095311445,0.3163387401635059,0.7974110348563089,0.4265657208102894,1.0949846151325628,35.47445356113069,31.942721474736175
0.240642914242675,0.5998548720825506,0.3137873288855882,0.7938572851739324,0.4216578566648397,1.0859512000099936,35.4747104926606,32.032902562966505
0.2394112259159366,0.5964427877425903,0.3126276172204157,0.7898961593844984,0.4208252866169115,1.081804663050994,35.47496857471192,32.1230823655756
0.235284883078015,0.5878008207378282,0.3062205057753834,0.7765986826862178,0.410636520947181,1.0607748566078776,35.475227811940144,32.213260880626386
0.2321050139948051,0.5794525487185103,0.3027455696764144,0.7668100075830879,0.4070248059162978,1.0494334706732311,35.47548820903206,32.30343810619475
0.22838161113916,0.5702632172522816,0.2981889613673466,0.7551809032782301,0.4014888299448135,1.0346408085666363,35.47574977070599,32.39361404036914
0.2185910133949246,0.548585121902132,0.2835410651607258,0.7228637165241194,0.3792702735374614,0.985790951247662,35.476012501712084,32.48378868125097
0.208777541359353,0.5264475329708699,0.2686623215512492,0.6888809997723551,0.3570185584176453,0.934392328457508,35.47627640683255,32.573962026954455
0.2026718384806335,0.5132513989882723,0.2592485151153836,0.6679300798168128,0.3428760860132472,0.9019744958911408,35.47654149088179,32.664134075606555
0.2028347082282412,0.5144724078305428,0.2584104505272101,0.6676125397574548,0.3398474404525508,0.8981168192000848,35.47680775870678,32.75430482534712
0.2052117563778504,0.5206660452421024,0.2612002270414335,0.6752100300022754,0.3430772199378309,0.9073944966390391,35.47707521518724,32.844474274328924
0.2039852053953141,0.5171504893744521,0.2598801417485306,0.6713563998254929,0.3416007586063155,0.9030086317435664,35.477343865235916,32.93464242071755
0.2026706256379156,0.5128721019056381,0.258844402370419,0.6676149728816737,0.3408895709258984,0.899992103494635,35.477613713798846,33.02480926269153
0.1958371794692689,0.4945855923565976,0.2519827177180576,0.6487088938012491,0.3341091872944192,0.8808407375930738,35.47788476585554,33.11497479844227
0.1820438540135021,0.4599660340868828,0.235949040195853,0.6070971097952262,0.3157013954786529,0.8309691105099936,35.4781570264193,33.20513902617415
0.1678472600649065,0.4259152339601062,0.2160202874320968,0.5584117283125596,0.2878316836904755,0.7608566283321858,35.47843050053752,33.295301944104516
0.1650085603893284,0.4185065844429039,0.2129022231735007,0.549287266546179,0.2851308601845918,0.7509048352210873,35.47870519329181,33.38546355046354
0.0533152753580415,0.1267237279086783,0.0661015843670876,0.1604413481373124,0.0847895074661662,0.2109046229050091,35.51895941836565,29.32681134674732
0.0542148420494773,0.1290484570240532,0.0672839576620257,0.1635735809710658,0.0864068607603101,0.2153235915674386,35.51923028303201,29.417028421187446
0.0554657965176005,0.1322797555115827,0.068958963559233,0.1680092563261564,0.088732865846205,0.2216775321103246,35.51950238333668,29.507244270961028
0.0565496496584833,0.1350763254090084,0.0704434401156285,0.1719338819928585,0.0908433578335376,0.2274342903621128,35.51977572389467,29.597458893765417
0.0579204306104205,0.1386100704490499,0.0723565280227507,0.1769859542733458,0.0936041626880428,0.234956311585454,35.52005030935156,29.687672287309958
0.0593305711126149,0.1422486426300071,0.0743474510862937,0.182246095430944,0.0965014224457088,0.242854171098813,35.520326144383546,29.777884449316353
0.0614105675846157,0.1476210766566634,0.0772609450239236,0.1899535978462483,0.1006904324227072,0.2542860950123973,35.52060323369781,29.86809537751843
0.0639500527128729,0.154187661227323,0.0807968987923825,0.1993202019454203,0.1057278232190108,0.2680520379260611,35.520881582032565,29.95830506966225
0.0673806333911706,0.163053997929513,0.0855773625913238,0.2119837272894266,0.1125220174298876,0.2866202480765088,35.521161194157465,30.048513523506227
0.0710888972609036,0.172649504401695,0.0907203549769192,0.2256204359567792,0.1197921650442542,0.306497187412394,35.52144207487368,30.138720736821018
0.0758395502079499,0.1849727345770509,0.0972201096897671,0.2428952039277283,0.1288517010527166,0.3313157822006701,35.52172422901421,30.228926707389462
0.0818083016756354,0.2004449718041211,0.1054268708125034,0.2646618540911737,0.1403738451491775,0.3627645367543597,35.52200766144408,30.319131433006955
0.0885102423085755,0.2178786543971466,0.1144722130311885,0.2887185126861222,0.1528524906379185,0.3968793334538493,35.522292377060595,30.40933491148105
0.0978332977336525,0.2420102640002052,0.1272214789961051,0.322349205347729,0.1707204979948998,0.4451510546731385,35.52257838079349,30.499537140631716
0.1091048344771934,0.2707710928860519,0.1421492212255732,0.3610077634325732,0.1910258661430857,0.4985647211736455,35.52286567760529,30.589738118291343
0.1241929097320196,0.308543058560553,0.1627593725643809,0.4131064255769169,0.220089169381954,0.5728770569089415,35.52315427249148,30.679937842304742
0.1393151729159184,0.3465416589180159,0.1841724707489187,0.4672761132888295,0.2513757880738593,0.6529296704399019,35.52344417048073,30.770136310529026
0.1586390228236563,0.3933253372175384,0.2132131583807287,0.5371766826252189,0.2961453934791256,0.7603118026651081,35.52373537663516,30.86033352083389
0.1788877674315044,0.4416685252069122,0.2423084220987854,0.6063121550819369,0.3387022455323027,0.861087563463014,35.52402789605057,30.950529471101426
0.1969195075922199,0.484062893840071,0.2673223644642722,0.6650115506855212,0.3735546668832374,0.9434120244159208,35.524321733856745,31.04072415922623
0.2096017025564078,0.5146478042018249,0.2829165186860403,0.7039336266231024,0.3921384396262966,0.9924990768249902,35.5246168952176,31.130917583115348
0.216926406820257,0.5330374591301206,0.2911379781106686,0.7258321287561749,0.4009668232849179,1.0181126574696877,35.52491338533151,31.22110974068845
0.2199836234624943,0.5408911449647817,0.2944083661680191,0.7348997006885692,0.4042604614062645,1.0283069832724532,35.525211209431546,31.311300629877653
0.2206164807137887,0.5425297191603714,0.2950681684440666,0.7367688931467663,0.4048961474874182,1.0303684057188167,35.5255103727857,31.40149024862765
0.2210731460195235,0.543440292320862,0.2956897918356639,0.7381773677333535,0.4056252922006843,1.0323398933679986,35.52581088069718,31.491678594895756
0.2211614723935109,0.5437046822851813,0.2958334570932486,0.7384219760923453,0.4058634591000408,1.03277426387619,35.52611273850467,31.581865666651872
0.2225884721220506,0.5489304545500565,0.2966450941666262,0.7422610237661232,0.4061504522698156,1.035113748050229,35.526415951582564,31.672051461878436
0.2357759713338646,0.5823578016540927,0.3114181742403074,0.7816051074215109,0.422328485310452,1.0812746669018634,35.526720525341204,31.762235978570608
0.2625517499640584,0.6445026190186477,0.3455442319577439,0.8616449205320806,0.4665833253474019,1.1867403787095303,35.527026465227316,31.8524192147362
0.2688891618394854,0.6631755691203058,0.3513060454932177,0.8802143488855506,0.4716154780333922,1.2048266668486491,35.527333776724,31.942601168395615
0.2684986594640272,0.6638415143858059,0.3502122556130567,0.8788579073260195,0.4699077425372999,1.2012125771313635,35.52764246535127,32.032781837581986
0.2671493037817557,0.6601882399455462,0.3488493400556206,0.8746528535112789,0.4686326805753328,1.1966373829089678,35.52795253666616,32.12296122034118
0.2619118635757447,0.648179106313027,0.3422032205236409,0.8589725877812407,0.460281440117635,1.1759886779705155,35.528263996263085,32.213139314731734
0.2602103470705028,0.6429711894162059,0.3406830200844393,0.8536918360027879,0.4590034393711836,1.170748241030232,35.528576849774055,32.30331611882498
0.2572347715029973,0.6349892694712164,0.3375556228220207,0.8447391283732497,0.4558003893202687,1.1607729441329375,35.528891102869075,32.39349163070493
0.2487068827371693,0.6156144349850218,0.326354630138951,0.8187456890942086,0.4410617356754638,1.1256967933493014,35.52920676125629,32.48366584846844
0.2423196959208043,0.6006949462829707,0.3184727439801266,0.799031338336133,0.4319479163789275,1.100881579714564,35.52952383068232,32.57383877022514
0.2410942365416751,0.5992471336454727,0.315687621573067,0.7950839267311279,0.42642471290327,1.0923976502622186,35.52984231693265,32.664010394097396
0.2491659844624613,0.619180009824576,0.3250079000454673,0.8192366984260858,0.4370310204409033,1.1214481250044477,35.53016222583178,32.75418071822055
0.2528836119264073,0.6292486863991112,0.3288086275686812,0.8302697934291982,0.4408013808161262,1.1332948699507177,35.530483563243635,32.84434974074261
0.2533714577907546,0.6304705378684656,0.3293629569337309,0.8317530676473227,0.4414263621403573,1.1350538482204056,35.53080633507172,32.93451745982456
0.2505074495114122,0.6219027889906803,0.3266966084272675,0.8231683711842964,0.4389824340681927,1.1265549276886024,35.53113054725966,33.02468387364022
0.2458430779211514,0.6080100937728078,0.3227919025028529,0.8103842022448049,0.4359427368590809,1.1154089862335508,35.53145620579125,33.114848980376294
0.2288303615209301,0.565838700817446,0.3039279004917817,0.7606400653776044,0.4157795641372014,1.0576353297092198,35.53178331669092,33.20501277823239
0.2034722729068878,0.5102244191120769,0.2675303160570262,0.6797178525564431,0.364273610343451,0.9401755543414096,35.532111886024026,33.29517526542105
0.1996065373719822,0.5003232014330222,0.2635867559408186,0.6679048638594909,0.3612606630620442,0.9278481754379976,35.53244191989709,33.385336440167706
0.0501044889102097,0.118393075272057,0.0620560300227809,0.1496911933490939,0.0795399058944195,0.1965512178176878,35.5704353586568,29.32668301194035
0.0508544661795484,0.120325337519428,0.0630334387968109,0.1522721861982881,0.0808684529414045,0.2001694680603639,35.57075162809978,29.416899615980668
0.051957739955616,0.1231692246319627,0.0644917503943677,0.1561245493682275,0.0828722463770887,0.2056279120314332,35.571069340660344,29.50711499454148
0.0528396938529692,0.1254398009577093,0.0656911210988249,0.1592880646930349,0.0845712680152388,0.2102519032713128,35.57138850172803,29.597329145315634
0.0540130696534766,0.1284634822429767,0.0672970271062378,0.1635250414039401,0.086854504968521,0.2164635765312665,35.57170911672796,29.68754206600801
0.0553172089703428,0.1318311221143926,0.0690851741226538,0.1682511467762024,0.0893956049708905,0.2233874340350365,35.57203119112112,29.77775375433573
0.0568461567652106,0.1357745823673835,0.0712208103841434,0.1738911948395174,0.0924710635615755,0.2317652813417119,35.57235473040456,29.867964208028123
0.0589227730998906,0.1411435984217265,0.0740732595746285,0.1814434948735301,0.0964997727294313,0.2427635181242736,35.57267974011172,29.9581734248266
0.0612963170854732,0.1472998617952512,0.0772875792661934,0.1899825047063565,0.1009659033862719,0.2549937639013196,35.57300622581262,30.048381402485035
0.0645819680155612,0.1558048419786968,0.0817887432697736,0.2019243312616164,0.1072708632820536,0.2722444484181044,35.5733341931142,30.13858813876938
0.0683869638753437,0.1656898052660717,0.0869261060039579,0.2156024341095041,0.1143563541323116,0.2916917960386342,35.57366364766048,30.228793631457933
0.0730195652864676,0.1777556299494211,0.0931497811328061,0.2321986880512336,0.1229166332233773,0.3151948553303945,35.57399459513294,30.318997878341275
0.0786591189485298,0.1925169605396632,0.1006015463844169,0.2521564906111797,0.1329970560703675,0.3429687149568038,35.57432704125069,30.409200877222325
0.0859313882211378,0.2115878375358704,0.1101727583215035,0.2777853984593137,0.145907204669993,0.3784347188236948,35.57466099177081,30.499402625916343
0.0966006097994802,0.239038746342612,0.1242404792053686,0.3145168697266572,0.1650451016299419,0.4291045715478005,35.57499645248865,30.58960312225093
0.1095342749554749,0.2718086335157318,0.1415118849564224,0.3587817311596855,0.188914013504084,0.4909547722264347,35.57533342923795,30.679802364066077
0.1204078495313326,0.2999719350904696,0.1558781566440494,0.3967818424957446,0.2083126526980272,0.5438181458922756,35.57567192789132,30.770000349214147
0.1343816045383146,0.3352729552526539,0.175714747284793,0.4475652976576063,0.237218318951844,0.6192791177453711,35.57601195436041,30.860197075559935
0.1493316642425925,0.3722629792935686,0.1975957166866193,0.5018339651018021,0.2702301047871114,0.7015018603931618,35.57635351459619,30.950392540980697
0.1671727252230454,0.4153025850285665,0.2241476838806207,0.5652354689551793,0.310932674915118,0.7977862816303887,35.5766966145893,31.040586743366145
0.1812015232307757,0.4484396090174618,0.2444907804652971,0.613004127850688,0.3406956406505841,0.8677712823344272,35.57704126037023,31.13077968061839
0.1923731020845201,0.4747452214294849,0.2598854111009406,0.6494935459701004,0.3617717771935623,0.9186559882048528,35.577387458009795,31.22097135065216
0.1987973200789015,0.4899196022880989,0.268439033187427,0.6699192003987099,0.37300926188862,0.9462613201281062,35.577735213619256,31.31116175139457
0.2013685713300692,0.4965714932915109,0.2711860561266335,0.6775805283132591,0.3757422907835069,0.9547846232813196,35.578084533350655,31.401350880785355
0.2044675166317429,0.5038262814148303,0.2751844015608499,0.6872394638671617,0.3806743532251803,0.9675058067160212,35.57843542339723,31.491538736776757
0.2078957380525368,0.5123543092470503,0.279299525138817,0.697682376571051,0.3855384683790933,0.980474226814756,35.57878788999357,31.581725317333618
0.2141871928157714,0.5296912607588496,0.2853797626415394,0.7160150433260036,0.3910215056550133,0.9991840984732682,35.57914193941598,31.671910620433305
0.2334703710000506,0.5754473900067842,0.3095761625390824,0.7748289906358037,0.4212918566569749,1.0753862035506976,35.579497577982835,31.76209464406584
0.2591068946118215,0.637108426040392,0.3403462266880201,0.8513745427064271,0.4582433490601712,1.1712530169632285,35.57985481205487,31.85227738623386
0.2640734538207477,0.6523080281713097,0.3447017169031316,0.8660747080882721,0.4619034158923108,1.185157996117716,35.580213648035404,31.942458844952636
0.2643663454815054,0.6540286974700131,0.3447040108486196,0.8668197104612755,0.4617209617864069,1.1850504478952335,35.58057409237077,32.03263901825008
0.2635697551727746,0.651710843109157,0.3439694047199478,0.8643387235895412,0.461105087397399,1.1825859318325531,35.58093615155062,32.12281790416681
0.2618966577186248,0.6471144672279395,0.342293362279457,0.8592467395359703,0.4595277984972616,1.1771113230339865,35.581299832108236,32.212995500756094
0.2605159062521232,0.6428060891734043,0.3410793111136474,0.8550564867066672,0.4584910909004973,1.1731322509895823,35.58166514062083,32.303171806083945
0.258771382006892,0.6376557695909595,0.3394706785506809,0.8498082973793952,0.4570749309124584,1.1679231828393637,35.58203208370986,32.39334681822908
0.2547703125989805,0.6274020607078079,0.3351845271261765,0.8378516465052211,0.452686024489815,1.154354904590917,35.582400668041494,32.48352053528298
0.25302149005812,0.6230067307364293,0.3333610794363872,0.8326840559947426,0.4509551299720838,1.1487072684213433,35.58277090032678,32.57369295534985
0.2596307845808425,0.6388248160906093,0.3411596477019802,0.8524062617865333,0.4599617354369875,1.1730503798641612,35.583142787322075,32.6638640765467
0.2763503051631952,0.6785065159397737,0.3613454774298736,0.9017726220652208,0.484666942675225,1.2352433364915414,35.583516335829394,32.754033897003325
0.2798934513633808,0.6893533945249225,0.3644158165305409,0.912434637252372,0.4871473701909194,1.2452773047599897,35.58389155269673,32.84420241486234
0.2794821212080576,0.6880542383187174,0.3640730488660427,0.9111622703050076,0.4868923773237367,1.2441141111755856,35.58426844481836,32.93436962827912
0.2755305079653972,0.6767626325725704,0.3603264024922851,0.8993026889000608,0.4835280373906184,1.2319778159337142,35.58464701913537,33.024535535422
0.2720927847944032,0.6656781079368015,0.3575884284117455,0.8892104143810591,0.4815043963262364,1.2232186482054372,35.58502728263576,33.11470013447204
0.2539645916882767,0.6221441801364551,0.3368050380718946,0.8363263942292942,0.4581862143067564,1.1594086252694062,35.585409242355,33.20486342362328
0.2296261122737778,0.5720222732058629,0.3017174228144679,0.7619310805951017,0.4087548367621507,1.0503556684752566,35.58579290537636,33.29502540108256
0.2232977666647099,0.5574422874357253,0.2940071043406241,0.7423698014832423,0.4001843360662174,1.0257328728998012,35.586178278831184,33.38518606506969
0.0472891309087064,0.1111154482348721,0.0585182585204172,0.1403278414688318,0.0749604846593247,0.1840842995479659,35.62191093950772,29.32653482829412
0.0479378072073435,0.1127816447812792,0.0593522197410849,0.1425224458646382,0.0760811715156714,0.1871249896727887,35.622272612388755,29.41675088903785
0.0488971453590443,0.1152481113461477,0.0606069476545437,0.1458274741286205,0.0777899963027043,0.1917652722853376,35.62263593585782,29.506965723363297
0.0497197285691138,0.1173618843370219,0.0617087094600924,0.1487271000768104,0.0793311178391301,0.1959484730233543,35.62300091607892,29.5971793289581
0.0507157513274419,0.1199242636182114,0.0630550818488603,0.1522730788096972,0.081226991747068,0.2010964583525989,35.62336755925665,29.687391703521914
0.0517772608643267,0.1226606059986543,0.0644940229213325,0.1560681697246412,0.0832572476956489,0.2066150158754638,35.6237358716367,29.777602844766662
0.0531529244407264,0.1262058656506534,0.066381600607899,0.1610482037200578,0.0859382830337013,0.2139078250429906,35.62410585950601,29.86781275041637
0.054706300436922,0.1302228549444333,0.0684802901873834,0.1666032222834582,0.0888664072827658,0.2218948071931631,35.62447752919307,29.958021418207224
0.0567712995022631,0.1355645423182615,0.0712705440369847,0.1739941468673884,0.092747873984458,0.2324908536191982,35.62485088706827,30.04822884588774
0.0593924825249629,0.1423554134383415,0.0747981237403378,0.1833567251039781,0.097620448730864,0.2458197475205043,35.62522593954419,30.138435031218513
0.0625175097811914,0.1504861521074358,0.078936548273153,0.1943870943303299,0.103237814514648,0.2612448194995439,35.62560269307586,30.228639971972488
0.0662861112982409,0.1603194597700502,0.0839197015746147,0.2076988478675748,0.1099929106558783,0.2798229644049856,35.62598115416111,30.318843665934835
0.0708701292775584,0.1723699442516328,0.0898644719346522,0.2236814650377509,0.1178914933463903,0.301657545308882,35.62636132934086,30.409046110903045
0.0772504582900979,0.1892161511265852,0.0980561224980686,0.2457661690121635,0.1286565549764622,0.3314134132619383,35.62674322519941,30.499247304686907
0.0870319709187979,0.2143584587686316,0.1111033909549487,0.2796687137852989,0.1468232394610792,0.378941363047415,35.627126848364824,30.58944724510852
0.0987821912531574,0.2441421284769901,0.1267433184766223,0.319611431466656,0.168547377458711,0.4345742427238841,35.62751220550909,30.679645930002316
0.1071036141225516,0.2660537256808885,0.137136019651078,0.347684334211299,0.1816897159263035,0.4713985295803103,35.6278993033487,30.769843357215155
0.117428970237264,0.2927961003319103,0.1509466684947692,0.3843623138506022,0.2004847812885824,0.5231186302333186,35.62828814864471,30.860039524606226
0.1288941359373477,0.3220565258685465,0.1669638397396015,0.4259230920861978,0.2235068294291162,0.5842427953335894,35.62867874820319,30.950234430047143
0.1414051122028642,0.3534021753108697,0.1849239519087653,0.4714317185135556,0.2499073469752037,0.6522955284760634,35.62907110887557,31.040428071421967
0.1548025836926951,0.3860572049982729,0.2051360845771252,0.5204630334959107,0.281358790313912,0.7283993931679924,35.629465237558925,31.13062044662717
0.1670094013029253,0.4151054176367912,0.2236364687758464,0.5640411513412609,0.3098452774902402,0.7953087833259576,35.629861141196336,31.220811553571718
0.1756431390212624,0.435475431164384,0.2366950702781398,0.5942493940290791,0.3302978081208887,0.8415371715314984,35.6302588267772,31.311001390177008
0.1799426374821005,0.4462438613828818,0.2418742169613701,0.6077717662370142,0.3362245111556169,0.8581619018692381,35.63065830133759,31.40118995437695
0.1851793619861397,0.4582924936234103,0.2498320441410937,0.6256566102883103,0.3484314234316795,0.8853823145581505,35.63105957196059,31.49137724411805
0.1908897617164309,0.4718393778376852,0.2579717442386788,0.6444537698826506,0.360301723566643,0.9124730810985708,35.63146264577671,31.5815632573592
0.1984567519580398,0.4920721987265061,0.2656926176286005,0.6667875157681329,0.3675531527532163,0.9361178454695744,35.631867529964076,31.671747992071964
0.2217664472462357,0.5466655290171976,0.2964190194048941,0.7395299818455405,0.4079077368899836,1.033931811245917,35.63227423174898,31.761931446240453
0.2469676738839925,0.6060261416927128,0.3279210793189346,0.8155308648530506,0.4471898823574262,1.1319828014676856,35.63268275840608,31.852113617861303
0.2534088370466021,0.6247899862786834,0.3337982313278409,0.8344337392271771,0.452246421904329,1.1505063498490813,35.63309311725885,31.94229450494386
0.2540723300112483,0.627408745501901,0.3341914546957684,0.8362974546303996,0.4524443807362112,1.1516949838854316,35.63350531567995,32.032474105509955
0.2537779060859115,0.6265798079796108,0.3339274117986564,0.8353723382289036,0.4522458127191414,1.150812759392682,35.63391936109146,32.1226524175942
0.2529508565827685,0.6240551558099853,0.3332163938496226,0.832879698734587,0.4516936954284418,1.148503818948439,35.63433526096547,32.21282943924379
0.2523530289342368,0.6219789877748167,0.332778868490267,0.8311021164585815,0.4514074654222431,1.1470924777832354,35.63475302282429,32.3030051685186
0.2513994898199451,0.6188376460885292,0.3320403106083868,0.8282905946426297,0.4508893159691344,1.144732854137902,35.63517265424086,32.39317960349116
0.2497329481042562,0.6139900634663233,0.3305577093984245,0.8233652622730757,0.4496870405736906,1.1400144622216115,35.63559416283916,32.483352742246794
0.2498409789475151,0.6145851883832029,0.3305689726948204,0.8237125685495098,0.449620167245747,1.140115297403423,35.63601755629459,32.5735245828835
0.262635382937691,0.6449260140926844,0.3459430728688589,0.8616855219341623,0.4679390626008185,1.1876164367259558,35.63644284233437,32.66369512351196
0.2838617319218852,0.6933361912298608,0.3722603413868438,0.9237197551649764,0.5004582041621762,1.2676235604380437,35.63687002873788,32.753864362255705
0.292527801526634,0.7169350478553251,0.3809071024643212,0.9494688874353312,0.5087813360252494,1.295237333837696,35.63729912333711,32.84403229725098
0.2921711603106025,0.715721347946665,0.380726653385823,0.948301400297892,0.508877439275562,1.294410354762562,35.63773013401706,32.93419892664685
0.2826925761776232,0.693725698006168,0.3694113253370692,0.9206976036465304,0.4956369224341235,1.2598277563235338,35.638163068716125,33.024364248605174
0.2772915080944232,0.6778393496699284,0.3645163682949268,0.9045597090176428,0.4914524148863103,1.243953761252892,35.63859793542647,33.11452826130058
0.2629426018903996,0.6460463485211465,0.3460519752596342,0.8626992764105088,0.4675407272870135,1.1881563932199493,35.6390347421945,33.20469096292062
0.2458518608907168,0.6113612147460723,0.3216194049571159,0.8114152922770115,0.4333195664558894,1.113252848032815,35.63947349712128,33.29485235166562
0.2440867627884569,0.6085548893311327,0.3190192375216705,0.8059259882398631,0.4301163202482087,1.1049352046492038,35.63991420836289,33.38501242574881
0.0448526165805952,0.1048392242916306,0.0554594301357006,0.1322626995789152,0.0710038662505212,0.1733571626457613,35.673386109243125,29.3263667963478
0.0454079739295599,0.1062610093621306,0.0561650225015757,0.134112658995367,0.0719426964786039,0.1758944274747019,35.67379318403134,29.416582240900794
0.0462341224610376,0.1083783745169559,0.0572378118125559,0.1369289675253304,0.0733956974826191,0.1798262817034424,35.67420211686796,29.50679645797088
0.0469731303624905,0.1102736287150244,0.058211836576584,0.1394865189633116,0.0747389434057929,0.1834624689156525,35.67461291469129,29.59700944523976
0.0478588950009504,0.112547867866288,0.0593906643466757,0.1425842544285801,0.0763769891652662,0.1878986426061325,35.67502558448544,29.687221200401275
0.0487566222474321,0.114856478391842,0.060595556233983,0.145754065773062,0.0780653914970223,0.192475759466993,35.67544013328065,29.777431721161392
0.0499316801770142,0.1178796115780707,0.0621872026565181,0.1499450230033125,0.0803053056481232,0.198554456449063,35.67585656815367,29.86764100523815
0.0512840809145143,0.1213699666210133,0.0639972019889449,0.1547255916410213,0.0828143505715035,0.205381350514494,35.67627489622804,29.957849050361762
0.053050857442432,0.1259352613862589,0.0663528926380211,0.1609568697242603,0.086057079019364,0.2142172766212811,35.676695124674396,30.048055854274654
0.0551210134600888,0.131295788547342,0.0691056129866415,0.1682552118962271,0.0898264822790652,0.2245115664688057,35.67711726071093,30.138261414731424
0.0575662516825495,0.1376601661550275,0.072296287797698,0.1767566667830047,0.0941055408851264,0.2362485796916087,35.67754131160355,30.228465729498907
0.0608943627836439,0.1463496863416976,0.0766354647104346,0.1883504378906962,0.0999127408912323,0.2522151185140898,35.67796728466639,30.31866879635614
0.0649331541393456,0.1569953062143592,0.0817893924774816,0.2022371437576609,0.1066452150414935,0.2708555007991444,35.67839518726206,30.40887061309442
0.070467201764459,0.1716561902358226,0.0888464473290848,0.2213061117131611,0.1158694011811261,0.2963635080547624,35.67882502680204,30.499071177517326
0.0796069052940552,0.1951936439661616,0.101089241799697,0.2531246969406396,0.1331217719360778,0.3413535216302306,35.679256810746985,30.589270487440807
0.0899755795105163,0.2214814344514074,0.1149873227572295,0.2884989119336335,0.1527502701032514,0.3911291567725741,35.67969054660717,30.67946854069293
0.0971635725454356,0.2404912791792584,0.1237935447415334,0.3124020024922449,0.1635920287283332,0.4217193533804057,35.680126241942716,30.769665335114308
0.1042524762231508,0.259122363733277,0.1328367852477285,0.3368590694108521,0.1752708171703973,0.4546369292853846,35.68056390436412,30.85986086855778
0.1125912673962605,0.2808044530582951,0.1439035488064774,0.3664046031262712,0.1902224022545845,0.4960410366773053,35.681003541532476,30.95005513888861
0.1212231781727634,0.3030564594665914,0.1556507462143725,0.3973889369378798,0.2065517151620594,0.5404879397938891,35.68144516115988,31.040248143984407
0.1312467400085125,0.3283600282775325,0.1700993266297225,0.4343354595986334,0.2279957893101426,0.59637290094502,35.681888771009895,31.13043988173521
0.138510587087562,0.3466238333756934,0.1804489876108322,0.4606792226909562,0.2430541510938425,0.635474873646676,35.682334378897814,31.22063035004351
0.1459756386522799,0.3650532129809754,0.191636545653263,0.4881711468964397,0.2604812630756204,0.6782343943896656,35.68278199269107,31.31081954682417
0.1500335605944718,0.375530624169359,0.1967067210594014,0.5016571184950791,0.2667256537062386,0.6956519553005974,35.68323162030967,31.40100747000461
0.154756774912951,0.3870034083152141,0.2041143168235179,0.5191463297134904,0.279001437198633,0.7239493537283916,35.68368326972651,31.491194117524607
0.1601149751157364,0.4004233820666962,0.2116673506199936,0.5377542432621358,0.290156385757345,0.7511090174255232,35.68413694896786,31.581379487336537
0.1678428214567286,0.4209354686443386,0.220289430241432,0.5619485880552999,0.2992106378006118,0.7788123763223457,35.68459266611362,31.67156357740528
0.1862884174876971,0.4657167390784236,0.2454783598553473,0.623682498493366,0.3338161745001211,0.8652462505653812,35.6850504292979,31.761746385708225
0.2061715594586906,0.5131149888901574,0.2728351370578585,0.6886803440145499,0.3724872821625439,0.9568344938222736,35.68551024670924,31.851927910235258
0.212516704999072,0.5306498643837984,0.2793019316321809,0.7076754193563645,0.3788647448431444,0.9771331867867804,35.68597212659111,31.94210814898893
0.2135249294688857,0.5340621760675999,0.280029523105228,0.71046258051028,0.3793347053287298,0.9792478667313984,35.68643607724238,32.032287099984266
0.2134508652315166,0.5339642129845309,0.2799200582658142,0.7101675256963412,0.3792301741118757,0.9788623339816552,35.686902107017545,32.122464761249034
0.2129828321728702,0.5325509518528794,0.279513164090831,0.7087649742854573,0.3789200764017827,0.977594982342766,35.6873702243274,32.212641130823506
0.2125042531636818,0.5309899421095963,0.2791438981567957,0.70738378785747,0.3786709970332715,0.9764844017986588,35.68784043763922,32.302816206760596
0.2119231851891297,0.5291545106261131,0.2786755674512849,0.7056962465351765,0.3783371803381148,0.975060203214154,35.68831275547731,32.39298998712591
0.2113995746055416,0.5276548303406868,0.2782017973113195,0.7041453693929357,0.3779589002818767,0.9735920956390792,35.68878718642345,32.48316246999768
0.2130765407075928,0.5324701529080117,0.2797762139188665,0.7091547648071398,0.3792996688162559,0.9785282866347672,35.689263739117244,32.57333365346685
0.2248888750244344,0.561029247220893,0.2945414913113899,0.7460677465035847,0.3975453636177461,1.0261422546881005,35.68974242225666,32.66350353563709
0.2432960708836527,0.6035197290765549,0.3189986549407455,0.8032426666194522,0.4305122450674032,1.1043813013528998,35.690223244598386,32.753672114624656
0.2531346151044279,0.6280596064618958,0.3303972510647676,0.8329778220903079,0.4435663256801447,1.1403942413071602,35.69070621495831,32.84383938855866
0.2552702159859198,0.6313285333648453,0.3348386007912751,0.8396851011417396,0.4521862809294077,1.1539097834169854,35.691191342211965,32.93400535558098
0.2430669708233363,0.6067214779762665,0.3159523865556672,0.8017218517431751,0.4227610860073296,1.0944425487083305,35.691678635295055,33.024170013846124
0.2364824268578153,0.5896374695283843,0.3087398975452988,0.7817468337028763,0.4151123688270567,1.0713981760343103,35.69216810320374,33.114333361521446
0.234481285533166,0.5849694642016481,0.3065217914101159,0.7761371947569737,0.4128594325711763,1.065025054213432,35.69265975499529,33.20449539678712
0.2405205283433565,0.5995677064207539,0.3144488372090266,0.7949862431384846,0.4236671953400016,1.0905873456657087,35.693153599788495,33.294656117836105
0.246229597464852,0.6163118472128389,0.3196821359754436,0.8121282665356909,0.4279357607812904,1.10736436153622,35.69364964676401,33.384815522874106
0.0426762998129749,0.0992522828635998,0.0527303221470691,0.125093449381635,0.0674769921314375,0.1638338145831713,35.72486081619027,29.326178916712813
0.0431371362651406,0.1004278239412039,0.0533085813263391,0.1266034866486736,0.0682384077160683,0.1658830007520992,35.725313291162465,29.416393672183887
0.0439068727307059,0.1023940990528269,0.0543002070396976,0.1291974081927934,0.0695716554972611,0.169476798431007,35.725767831632076,29.50660719898154
0.044599785390514,0.1041666767071928,0.0551993482726973,0.13155162091844,0.0707931251865642,0.1727723014850538,35.72622444531164,29.596819494781013
0.0453374063668921,0.1060551968560282,0.0561735538977533,0.1341040873091632,0.0721399156034741,0.1764088242065929,35.72668313996461,29.687030557269498
0.0461570645381991,0.1081580317491041,0.0572604700177659,0.1369564569020118,0.0736473274805298,0.1804840667105233,35.72714392340581,29.777240384146307
0.047213821907842,0.1108726192987886,0.058663696553126,0.1406441876800329,0.0755880087459575,0.1857372445231707,35.72760680350169,29.867448973122865
0.0483352422127414,0.1137609280450265,0.0601535869089518,0.1445701594102331,0.0776448336078996,0.1913193279620068,35.728071788170695,29.957656321922595
0.0498595746992881,0.1176922456221393,0.0621675291334066,0.1498857622050739,0.0803988151566311,0.1988042342910792,35.7285388853837,30.047862428281274
0.0514934729891368,0.1219259705127942,0.0642953218812088,0.1555271431410776,0.083259701013583,0.2066102596733121,35.72900810316433,30.13806728994668
0.0537021344873832,0.1276671454783672,0.0671597837308369,0.163145528151335,0.0870847422145971,0.2170770822802613,35.72947944958938,30.22827090467878
0.0565957494990454,0.1352262237947326,0.0708924521208429,0.1731174401945195,0.0920309237402638,0.2306646142860957,35.72995293278917,30.318473270249825
0.0601516357959906,0.1446280344186641,0.0753811734183372,0.1852355184848011,0.0978294493680165,0.246728501004296,35.73042856094791,30.4086743844442
0.0654376039107699,0.1586470732752599,0.0821234576132366,0.2034511939295352,0.1066784089973169,0.2711316827284171,35.73090634230412,30.498874245058545
0.0740211675760169,0.1806441158789796,0.0938777646350995,0.2337313777851302,0.1238285776462972,0.3151813810669903,35.73138628515112,30.589072849901797
0.0840872103836493,0.2060097026468756,0.1076269163354591,0.2683415264787692,0.1438234760436695,0.3649452344390523,35.73186839783713,30.679270196795123
0.0904077340571085,0.2227234054527277,0.1152349928941511,0.2889719341454449,0.1529396640602671,0.3906576913310575,35.73235268876607,30.769466283571973
0.0957149708059725,0.2368065449980597,0.1216711801936559,0.3066078945088743,0.1607207940145565,0.4130650574332075,35.732839166397596,30.859661108078164
0.1016206403496893,0.2523187676586827,0.1291642838319805,0.3269113384623501,0.170285767137484,0.4401944199889472,35.73332783924777,30.949854668171785
0.1075619067446584,0.2678616235247404,0.1368735899160131,0.3476702527702099,0.180423177397436,0.468633813914226,35.73381871588934,31.040046961723345
0.1145909666473865,0.28600003064915,0.1464528806571116,0.372988794679054,0.1937452019279393,0.5050732006194116,35.73431180495221,31.130237986615636
0.1204183245057473,0.301037734028739,0.1543692998139777,0.3938728841602247,0.204740968195102,0.5350092744584792,35.73480711512376,31.220427740743872
0.1249775114804541,0.3128108687687354,0.1605636095699416,0.4101600055733839,0.2134075800588462,0.5583905581790591,35.73530465514942,31.3106162220157
0.1283457629004384,0.3216838289107061,0.1647979210032763,0.4216279332882577,0.2187860016359726,0.5735438013750642,35.73580443383301,31.400803428351086
0.1321388394367822,0.3314432714996286,0.1701015270708205,0.4352980570017005,0.2266188071260428,0.5938690401595104,35.73630646003716,31.49098935768259
0.1362357986625247,0.3422013433141754,0.1754197720960179,0.4494399461451241,0.2338026666704482,0.6132954134023593,35.73681074268375,31.581174007955102
0.1422417260127825,0.358318781480811,0.1824586344938589,0.4691305839357848,0.2418977634467661,0.637272148422172,35.73731729075444,31.671357377125993
0.1535643330977485,0.3873610729724446,0.1974315301753922,0.5083487360322473,0.2620098553178494,0.6914903873115191,35.73782611329093,31.76153946316522
0.1667087208116302,0.4204029852004069,0.2153846074140723,0.5539628363544401,0.2871935769236141,0.7564642165973933,35.73833721939562,31.851720264055125
0.1722547772092866,0.4355390013432063,0.22157365900831,0.5715651787554549,0.2940409266093902,0.7769917742345834,35.73885061823192,31.94189977779062
0.1735957241130057,0.4396569219409149,0.2227471351980094,0.5754342869121201,0.2950142414053429,0.7804970605019997,35.739366319024725,32.03207800237919
0.1737254323492772,0.4401563105148854,0.2228026095380402,0.5757042726317279,0.29501750269122,0.7805737829878734,35.739884331060914,32.12225493584086
0.1735146943003578,0.4395670151881245,0.222580525271744,0.5750116348942955,0.29481112509128,0.7798492809288865,35.74040466368977,32.212430576208156
0.1731763179335294,0.438543722591752,0.2222729010187029,0.5739903627870232,0.2945582041990563,0.7789117661572981,35.740927326323536,32.30260492152633
0.172859432066837,0.4376068589929755,0.2219730275721349,0.5730165902391089,0.2942997229406959,0.7779754320555086,35.741452328437724,32.39277796985308
0.1727840106672724,0.4374389228852357,0.2218766050452242,0.572754623041921,0.2941953813499331,0.7776455083293299,35.7419796795718,32.48294971925886
0.1747013757182264,0.4428027810019651,0.2238842833320165,0.578770605063836,0.2961758505801757,0.7841589540134971,35.742509389329484,32.5731201678267
0.1834975345660752,0.4651716480492893,0.2350527217247072,0.6081018341647019,0.3103203178370246,0.82287502855015,35.74304146737936,32.663289313652236
0.1990963567284289,0.5026448745148423,0.2569168519331196,0.6609502387744404,0.3417583882629655,0.8994527522187377,35.74357592345534,32.753457154843886
0.2098099048306947,0.5289037010062596,0.2707975419754012,0.6957496015242778,0.3598418281078997,0.9462029087030248,35.744112767357066,32.84362368952265
0.2097086416969062,0.5274602025654372,0.2725390323167049,0.6964623786801717,0.3660082203357086,0.953024261443076,35.744652008950546,32.933788915822234
0.1977503606966533,0.5027280384687247,0.2520443046125929,0.6542773222491038,0.3307523649746003,0.8804515457923245,35.74519365816859,33.02395283188916
0.1932363016155087,0.4916154591710123,0.2463994201741413,0.6398471226392435,0.3236978826759809,0.8615729216877905,35.74573772501135,33.114115435882546
0.2038700904187496,0.5148315506333296,0.2641875710225104,0.6779450476046408,0.3539400416717619,0.9257622705722688,35.746284219546745,33.2042767259743
0.2339366877951753,0.580848488802211,0.3093280630440787,0.7757200335420785,0.4225103289454384,1.074350550897468,35.74683315191117,33.294436700349074
0.2551049563745929,0.6345581357016987,0.3329477625825059,0.8394585685835176,0.4478061996653034,1.148873910416442,35.74738453230986,33.38459535720436
0.0407296046002303,0.0942715408979092,0.0502873560443458,0.118698796744593,0.0643159881357912,0.1553313167588756,35.77633500867916,29.32597119007293
0.0411544101693553,0.0953508901758757,0.0508165563909881,0.1200749572466058,0.065007937700297,0.1571854868951139,35.77683288191987,29.416185183574147
0.0418707986007629,0.0971750611485302,0.0517315270332153,0.1224599573551099,0.0662276083760312,0.1604603108963322,35.77733302809432,29.506397947085706
0.0425332756815928,0.0988653039013218,0.0525811718620462,0.1246780684993282,0.0673679014120015,0.1635263282148116,35.77783545568923,29.596609478275532
0.043129107665889,0.1003854733410664,0.0533643341393101,0.126722570186046,0.0684492925582155,0.1664362800324811,35.778340173247365,29.686819774823594
0.0438889392728324,0.1023296874230657,0.0543579833657022,0.129323111017769,0.0698089227060462,0.1701008715721694,35.778847189367966,29.7770288344218
0.0447974458814242,0.1046580051368814,0.0555517862346205,0.1324522554448816,0.0714467139815443,0.1745211182345932,35.779356512707096,29.86723665477424
0.0458135691834006,0.1072691168931962,0.0568865565458791,0.1359607016593566,0.0732721710059789,0.17946103479955,35.77986815197803,29.957443233596944
0.0470813097644553,0.1105337249075266,0.0585488599445106,0.1403399392643261,0.0755336023808753,0.1855930176710301,35.78038211595178,30.047648568618154
0.0486198953947948,0.1145134974616482,0.060534799319297,0.14559401093226,0.0781835110415612,0.1928041881921935,35.78089841345733,30.137852657578204
0.0505214880923462,0.1194558759146549,0.0629761241465443,0.1520815689270306,0.081415343812833,0.2016333430018002,35.78141705338224,30.228055498229562
0.0530692216585159,0.1261257408419952,0.0662129968411864,0.1607403378783889,0.0856379588780139,0.2132365783640535,35.78193804467292,30.318257088336797
0.0561657322052799,0.1343430157886217,0.0700886456975638,0.1712308670353146,0.0906009768637675,0.227000745757486,35.782461396335094,30.408457425676733
0.0612035735950877,0.1476922803690637,0.0765752147452016,0.188721993838537,0.0992424819395638,0.2507354762911261,35.78298711743429,30.498656508038373
0.0695721789052482,0.1690949602789252,0.0882181870683804,0.2186172492236358,0.1166130069847881,0.2951385940572341,35.78351521709618,30.588854333222855
0.0787946086477561,0.192311227074761,0.1009756330972845,0.2506320118214427,0.1354924630445981,0.3418721281781182,35.78404570450713,30.67905089904369
0.084224180894499,0.2067107613740983,0.1073924165797579,0.2680769963162177,0.1429767639936755,0.3630562667857658,35.784578588914506,30.76924620332652
0.0883840984006023,0.2177908900921729,0.1122691850540024,0.281507374738063,0.1486021134917464,0.3794109308624935,35.785113879627154,30.859440243909283
0.0924873860476573,0.2286406458914274,0.1172530783811274,0.2951319378256351,0.1546279570458355,0.3967461404795392,35.78565158601602,30.949633018642214
0.0972961522161672,0.2412721808707989,0.1233179634765602,0.3115748799465306,0.1623042910232378,0.4185572029232137,35.786191717514306,31.039824525387864
0.1021024287171199,0.2538398294715575,0.1295487408499122,0.3283426649076693,0.1704842027491141,0.4415098454013837,35.78673428361814,31.13001476202109
0.1063165727169476,0.2648723142095899,0.1350225321035408,0.3430707618421043,0.1777158446229804,0.4617433498692753,35.78727929388698,31.2202037264291
0.1092458908344485,0.2726328209057022,0.1386913758116416,0.3530693257406878,0.1823935278600949,0.4750001745648252,35.78782675794413,31.310391416511457
0.112330823082645,0.2808801087134827,0.1424524093213917,0.363427033884324,0.187041888459888,0.4883375927124107,35.78837668547704,31.400577830180065
0.1148040483787088,0.2874005033784072,0.145679149106236,0.3720741041535778,0.1914431000455186,0.5004143610176198,35.788929086238014,31.49076296535926
0.1182206867452137,0.2965793542198026,0.149847334209055,0.3835718576988009,0.1966511438888559,0.5152770357915865,35.78948397004448,31.580946819985762
0.122842317227188,0.3090088815875866,0.155396851379178,0.3990373532778626,0.2033014650367073,0.5347275665079697,35.790041346779624,31.67112939200874
0.1305265530409886,0.329144598408952,0.1654232615015877,0.4259661472579688,0.216649067174492,0.5717880961857703,35.790601226392795,31.761310679389805
0.1378672124552045,0.3484269640830965,0.1749050672788469,0.4514655411494405,0.229176567925332,0.6065248798324554,35.79116361890003,31.851490680102962
0.1420190784202039,0.3597693997018978,0.1797275240621575,0.4650885706851191,0.2348237354866716,0.6231524972573126,35.791728534384525,31.941669392134806
0.1434264152668236,0.3638921359696196,0.1810980315164766,0.4693083819477738,0.2361242273958093,0.6274092661164529,35.79229598299715,32.03184681348429
0.1437480709375995,0.3649137630468949,0.1813440234643109,0.4701434342508104,0.2362961788557751,0.6280428623616975,35.79286597495701,32.12202294216301
0.1436676535695214,0.3647251888222658,0.1812207522432717,0.4698006611853778,0.2361457793957586,0.6275747318142549,35.79343852055186,32.21219777619497
0.1434448113412572,0.3640951966441706,0.1809782054811734,0.4690615988714641,0.2359036352523946,0.6267743660075814,35.79401363013866,32.30237131361678
0.1433064148336324,0.3637150643387246,0.1808160822438433,0.4685738441885583,0.2357329478818396,0.6262111076477936,35.79459131414412,32.3925435524776
0.1435104132384524,0.3643212462393992,0.1810110857936116,0.4691778402996663,0.2359155690968186,0.6268104168171199,35.795171583065205,32.4827144908391
0.1454248661907059,0.3695952321571222,0.1831826507501734,0.4754348140855583,0.2383319222018433,0.6341907394877683,35.79575444746967,32.57288412677561
0.1514188637372952,0.3853208785332708,0.1908168983193449,0.4961039439555789,0.2481180021497933,0.6617663550242858,35.79633991799658,32.66305245837404
0.1601783086912961,0.4075944746393972,0.2026910437320984,0.5269827902830492,0.2645272768529407,0.7056337684580215,35.796928005356854,32.75321948373387
0.1669842487304097,0.4249474964136304,0.2116869897859527,0.5504864065955196,0.2765862588291711,0.7381487198790784,35.79751872033391,32.84338520096731
0.1673514909678102,0.425732862293294,0.2125867955005518,0.5521065396720292,0.2787918943930386,0.7420402101782106,35.798112073784004,32.93354960819907
0.1611812427640532,0.4116100460666899,0.2027643909105924,0.52919226383713,0.2629950758736829,0.7042676822953577,35.79870807663702,33.02371270356668
0.1606086465990714,0.4109743225565365,0.201788894700401,0.5275289621282742,0.2616873502103214,0.7014031331160194,35.79930673989685,33.113874485220194
0.1731170537671996,0.4412275687591533,0.2206938661672193,0.5733361966119381,0.2910856379996596,0.7732554417655227,35.799908074642055,33.2040349513225
0.2082672923166778,0.5219061685243587,0.2740099599428331,0.6946329869009809,0.3734769196866012,0.960830925169852,35.80051209202642,33.29419410004905
0.2453647281524402,0.6094266918651317,0.3220237608100747,0.810091855663885,0.4354009055021137,1.1144891588329071,35.80111880327955,33.3843519295881
0.0389793879890502,0.0898069883469519,0.048094423571151,0.112977827587527,0.0614826806128943,0.1477392072015372,35.827808635042935,29.325743617184155
0.0393975736878492,0.090865397343382,0.0486124837324165,0.1143192590038826,0.0621552522050695,0.1495328950780752,35.82835190444441,29.415956775831262
0.0400303902159921,0.0924715512073613,0.049412688741837,0.116397500754286,0.0632117932279655,0.1523581897711269,35.828897654202024,29.50616870304668
0.0406044138412148,0.093930723248004,0.0501434350008416,0.1182978221986613,0.0641862998549919,0.1549679848596534,35.8294458935766,29.596379396490374
0.0411788071089245,0.0953918055333831,0.0508889059527517,0.1202377203867818,0.0652024996029133,0.1576927629993158,35.82999663189009,29.68658885383428
0.0418604288073638,0.0971311836484829,0.0517709410156391,0.1225393112744132,0.0663984331799047,0.1609055075148401,35.83054987852607,29.77679707276233
0.0426591806197262,0.0991730615568004,0.052810417306423,0.1252567029156858,0.067812621617264,0.1647111952368724,35.83110564293013,29.867004050970486
0.043598941372494,0.1015820218581218,0.0540329582747469,0.128461578101725,0.0694703816475694,0.1691836386430119,35.831663934610305,29.957209786166676
0.0447410098804376,0.1045174341489343,0.0555152787653299,0.1323579284676517,0.0714695960644859,0.1745899384809718,35.83222476313752,30.04741427607099
0.0461015272625429,0.108032707390894,0.0572546731683125,0.1369527595192278,0.0737705847069155,0.1808385779166339,35.832788138146164,30.137617518415528
0.0478125712768761,0.1124781929972196,0.0594342811468928,0.1427398048586982,0.0766349871665579,0.1886524938311791,35.83335406933432,30.227819510944485
0.0498504186632311,0.1178358150282951,0.0619764998047903,0.1495616280046982,0.0798872128856631,0.1976050367950982,35.833922566464445,30.318020251414126
0.0528794552451134,0.1258770069304892,0.0657765507247557,0.1598461870060359,0.0847715825263503,0.2111370600118933,35.83449363936369,30.408219737592976
0.0579086543784229,0.1391714233356987,0.0723571537567756,0.1775243066012485,0.0937555556181471,0.235653376116055,35.83506729792444,30.498417967261567
0.0664065170346126,0.1607224170271337,0.0845846911953348,0.2085117559558298,0.1128607217004042,0.2835299922105846,35.835643552104706,30.588614938212682
0.075480373630687,0.1834595288629997,0.0973155858388077,0.2402341313206883,0.1319762363768807,0.3304193801927057,35.836222411928716,30.678810648251243
0.0804592749695629,0.1966450207516743,0.1031379317791489,0.256030857983765,0.1386221596721795,0.3492198544829599,35.83680388748733,30.769005095194395
0.0837720316210845,0.2055100156234193,0.1068544078560344,0.266344833633385,0.142626385971766,0.3610647738830307,35.83738798893843,30.859198276871496
0.0870446276857526,0.2141925401637719,0.1106660226988184,0.2768345461668694,0.1469576842342852,0.3737273308345055,35.83797472650764,30.949390191124156
0.09055317642594,0.2234544601041659,0.1148959535746929,0.2883996032468402,0.1519885873176345,0.3882724969821076,35.83856411048858,31.039580835806245
0.093943711193455,0.2323830885007227,0.1190809140519176,0.2997902148765526,0.1571359431922424,0.4030187243436514,35.83915615124357,31.12977020878387
0.0969849171865535,0.2404105409879783,0.1228452805927693,0.31004422726881,0.1618132767809956,0.4163816639285356,35.83975085920394,31.219958307935467
0.099261211282525,0.246486949476332,0.1255651814796485,0.3175482072640916,0.1650715463014957,0.4258174236010668,35.84034824487069,31.310145131151756
0.1017517144689879,0.2531769555720042,0.1285070185517652,0.3257117507019301,0.1685601838242452,0.4359656215227442,35.84094831881489,31.4003306763358
0.1039189926088649,0.2589867768625802,0.1311253230153238,0.3329237733671398,0.17179106372219,0.4452154711967852,35.84155109167832,31.49051494140293
0.1062808441337905,0.2653584538004047,0.1339241107571173,0.3407172687028029,0.1751378275464792,0.4549557617969151,35.842156574173885,31.58069792428098
0.1099227754228635,0.2751807748063712,0.138254010338812,0.3528113006139368,0.1802764402041444,0.4700360014969988,35.84276477708617,31.670879622910036
0.1149798167123592,0.2885902494600779,0.144667948537193,0.3703162341958901,0.1885262796448606,0.4934801306889519,35.843375711272,31.76106003524259
0.1195403036536345,0.30080428271792,0.1502993702102133,0.3858580493414266,0.1955732242882263,0.5137354936871997,35.84398938766097,31.851239159243597
0.1225567489839833,0.3090678400055906,0.1537926520203112,0.3957602241351441,0.199641465779926,0.5257943819856589,35.84460581725594,31.941416992890357
0.1238667233302081,0.3128060084803641,0.1551426361154314,0.3997767542718364,0.2010135803695092,0.5301014111760044,35.84522501113367,32.03159353417269
0.1242931055189612,0.3140832664293513,0.1555143981831102,0.4009468133916082,0.201322458952981,0.5311355011852283,35.84584698044527,32.12176878109282
0.1243411363462249,0.3142624478194314,0.1555111004401021,0.4009756215815757,0.2012719303820599,0.531010573590383,35.84647173641687,32.211942731665424
0.1242656556561575,0.3140747471050866,0.1553938861358831,0.4006458213422441,0.2011232811533762,0.5305523213506104,35.847099290350066,32.30211538391772
0.1242747727728236,0.3141256893418244,0.1553673276859842,0.4005860644615261,0.2010655551326147,0.5303844797800327,35.84772965362255,32.39228673588941
0.1246796932349265,0.3152785020782759,0.1557847251317608,0.4018221014265785,0.2014888309544119,0.5317075372879135,35.84836283768874,32.48245678563265
0.1263475753880709,0.3198342976476541,0.1577355464173288,0.4073584562231047,0.2037544993534249,0.5384757256873945,35.84899885408019,32.57262553121218
0.1301344441563746,0.3298945773814941,0.1625218914863797,0.4204975311060646,0.209842380423065,0.5559239618181626,35.8496377144064,32.66279297070531
0.135540132125187,0.3440097218163691,0.169642312879051,0.4396376354098637,0.2193525313287659,0.58246071747251,35.85027943035521,32.752959102201835
0.1390728739227215,0.3531942369425955,0.1743159847726762,0.4521321884740204,0.225625363243395,0.5998387831170253,35.850924013693515,32.84312392380419
0.1399268020336073,0.355521448635202,0.1755784562428742,0.4554850148988095,0.2276775662630136,0.6051201937552196,35.8515714762678,32.933287433627356
0.1375437961643056,0.3502981499045915,0.1719275598527983,0.4471236943928224,0.2222614593499408,0.5919946470552203,35.85222183000477,33.02344962979898
0.1376762385960546,0.3513332720834574,0.1718905971207738,0.4478431133347946,0.2222417956474182,0.5926021650431744,35.852875086912064,33.113610510459225
0.1507347959134262,0.384662507163585,0.1901866521065856,0.4951332200253607,0.2485874376410596,0.6621078315748706,35.8535312590786,33.20377007376092
0.1834573901595359,0.4636209099278688,0.2383510719557496,0.6117448495803708,0.3208408535134647,0.8392060184170286,35.85419035867553,33.29392831786961
0.2340148410121003,0.5800599859525054,0.3100046370835591,0.7762125833883727,0.4239475113377398,1.0767212660081351,35.85485239795668,33.38408524096339
0.037407963180832,0.0858101615419713,0.0461258136225304,0.1078582071636032,0.0589383028051942,0.1409450229558308,35.87928164361816,29.325496198874795
0.037798815296514,0.0867955295710534,0.0466060545550074,0.109096240318959,0.0595562350661231,0.1425849724252283,35.87987030688036,29.415708449787534
0.0383701103447983,0.0882403419130427,0.0473244633170864,0.110954913313052,0.0604997151877185,0.145097698714275,35.88046165790595,29.505919467700753
0.0388909049445068,0.0895597409584732,0.0479806484038791,0.1126548070512986,0.0613656463614453,0.1474067398801164,35.881055706729704,29.59612925026582
0.0394262206888879,0.0909173723749396,0.0486677702595527,0.1144371765813532,0.0622922324613024,0.1498825036673648,35.88165246345269,29.686337795145946
0.0400703363425655,0.0925557268901471,0.0494943226565552,0.1165868425231382,0.0634035536267879,0.1528574221271786,35.88225193824269,29.776545100016342
0.0407854303009648,0.0943793467195109,0.0504154791163206,0.118988411891967,0.0646452516284569,0.1561885421943461,35.88285414133467,29.866751162564125
0.0416376432775563,0.0965588507243569,0.0515114484074683,0.1218537856976509,0.066115767176529,0.1601431259785568,35.88345908303132,29.956955980488488
0.0426606962896688,0.0991836829242419,0.0528304445017879,0.125313918353538,0.0678846787424582,0.1649155718748283,35.884066773703466,30.047159551500563
0.0438757738302644,0.1023190129210808,0.054375775502753,0.1293890123703411,0.0699211436930146,0.1704336514361024,35.88467722379064,30.13736187332356
0.0454273469527789,0.106349567089686,0.056332740462268,0.1345817069505311,0.0724667857096372,0.1773693785749098,35.88529044380147,30.22756294369264
0.0473192592454503,0.1113267514833303,0.0586862537315606,0.1408981187571351,0.0754683529276422,0.1856282160689429,35.88590644431428,30.317762760355148
0.0501490579820541,0.118850788914835,0.0622441099900908,0.1505372879953117,0.0800597834689292,0.1983502661078257,35.88652523597751,30.407961321070374
0.0549105848100418,0.1314328201389994,0.0685487064095779,0.167453736517491,0.0888220906974964,0.222195601922715,35.8871468295103,30.498158623609868
0.0632380629400189,0.152476457215151,0.0808060119836813,0.1983460075296242,0.1085367205897932,0.2712182225496144,35.8877712357029,30.58835466575714
0.0719002869598707,0.1742125446337104,0.0930117184220599,0.2288301195227949,0.1268436376460109,0.316368902926706,35.88839846541732,30.678549445307922
0.0763485676825458,0.1860337981235848,0.0981252850052682,0.2427667386526065,0.1325052798555894,0.3325204471316831,35.88902852958764,30.768742960070067
0.0791212481093336,0.1934696101828333,0.1011368116065096,0.2511504055464507,0.1355936617616751,0.3417209502923758,35.88966143922081,30.858935207863606
0.0817455461536784,0.2004394297122782,0.1040923039578336,0.2593024372466969,0.1387955827358355,0.3511429088713966,35.890297205396976,30.949126186520747
0.0844190110418674,0.2075057206961039,0.1072082904922362,0.2678447689789089,0.1423329207168326,0.361444207414307,35.890935839270036,31.039315893885927
0.0869006619330169,0.2140604108067469,0.1101511142121254,0.2758938955735556,0.1457668848564952,0.3713809329065761,35.89157735206836,31.129504327815766
0.0892497963924628,0.2202793948046192,0.1129477898719435,0.283554026247813,0.1490637320016121,0.3809079553118537,35.892221755094994,31.219691486179155
0.0910038041105507,0.2249716302530449,0.1149639533596462,0.2891403028844375,0.1513554582973962,0.3876091726910207,35.89286905972856,31.309877366857183
0.0928034429952302,0.2298052958278572,0.1170263966855685,0.2948732186659559,0.1537009375095525,0.3944758786686733,35.89351927742365,31.400061967743277
0.0947497064588452,0.2350439083829912,0.119272543103082,0.3011201232015102,0.1562911323409531,0.402035815868332,35.89417241971132,31.490245286743107
0.0968291300698496,0.2406575181326715,0.1216678472216368,0.3078122619472988,0.1590370180949061,0.4101026248762782,35.894828498199836,31.58042732177466
0.099330039101208,0.2473843788283624,0.1246170801973036,0.3160246880975138,0.1624981511783395,0.4202422385437641,35.89548752457506,31.67060807076824
0.1030710163311034,0.2573639239884691,0.1292190589333351,0.3286889971959325,0.1681960101400037,0.436646668798159,35.89614951060119,31.760787531666505
0.105997830996452,0.2652486619604531,0.1327270377255361,0.3384487027762455,0.1724258794898864,0.4489598563707291,35.896814468121185,31.850965702424404
0.108259314977651,0.2714195598113863,0.1353388288730008,0.3458212758080279,0.1754492318404926,0.4579015138555352,35.89748240905748,31.9411425810093
0.1094322408269961,0.2747062432093553,0.1365794274271415,0.3494327091607727,0.1767469679365338,0.4618777231901571,35.89815334541252,32.031318165400904
0.1099297950442192,0.2761392129305521,0.1370494049521716,0.3508422576877331,0.1771784953883163,0.463240509057516,35.89882728926939,32.121492453591394
0.1100785744724471,0.2765922136364514,0.1371481116160577,0.3511653179817711,0.1772242530450139,0.4634143795765734,35.89950425279233,32.21166544358528
0.1103258749630124,0.2773033349563733,0.1373745468944164,0.3518350454310741,0.1774330179682532,0.4640539162924381,35.90018424822749,32.30183713339955
0.1102705880419179,0.2771746929712077,0.1372619236205014,0.3515360376944796,0.1772575122112064,0.463549840277899,35.900867287903445,32.39200752106356
0.110758048210875,0.2785268097137298,0.1377828941173051,0.3530356963229731,0.1778071656135783,0.4652171541228917,35.90155338423182,32.48217660461922
0.1121514074288061,0.2823064303023364,0.1394136199921435,0.3576223735625088,0.1797035539194458,0.4708261293967917,35.902242549707935,32.57234438212084
0.1148030782712995,0.2893477875661486,0.1427465535267357,0.3667760831666571,0.1839011758085895,0.4828975085028049,35.90293479691148,32.662510851635204
0.118141595884894,0.2980789513019937,0.1471347100558886,0.3786220682282972,0.1897132512630925,0.4992620810107592,35.903630138507104,32.75267601124166
0.1209524815504101,0.3054246713709009,0.1509625265963166,0.3888791008758758,0.1950597786546003,0.514016067625484,35.90432858724503,32.842839859032026
0.1205924669522439,0.3048744406291973,0.1505751887591273,0.3883390945020151,0.1949394839201594,0.5141162815760296,35.905030155961846,32.93300239311063
0.1194874437010131,0.3026535962133074,0.1489358399047447,0.3848139995059873,0.192904270360246,0.5092710398616492,35.90573485758095,33.0231636115944
0.1217815147876207,0.3090612535772933,0.151734361130965,0.3927965610942291,0.1965360729628555,0.5197104209306529,35.90644270511342,33.11332351261274
0.132682511390509,0.3375127870309849,0.1664082166817228,0.4318312434201612,0.2166642768579317,0.5748022993105099,35.90715371165857,33.20348209430767
0.1589120994780173,0.4036856245020204,0.2033407276735798,0.5262610247447306,0.2696175068767826,0.7133398010364123,35.90786789040464,33.29363935483373
0.2048978544970293,0.5128779653012169,0.2699941013515583,0.6841409001283625,0.3681189896068704,0.94767631548501,35.90858525462951,33.383795292358165
0.0360042015600215,0.0822497137628021,0.0443680353701991,0.1033007086716751,0.0566665242161925,0.1348992750013378,35.93075398274511,29.325228936045384
0.0363531094664743,0.0831254955129523,0.0447930265391256,0.1043909713813909,0.0572084805580023,0.1363300998486183,35.931388037375775,29.41544020634785
0.0369424636871787,0.0846118449418456,0.0455300762740104,0.1062917595398788,0.0581690492873328,0.1388782184340157,35.93202498716066,29.50565024195724
0.0373096481978604,0.0855376686448377,0.045985355423156,0.1074648149490454,0.0587632786489066,0.1404544380913561,35.93266484290839,29.59585904051557
0.037860399501322,0.0869302131930778,0.0466877495288417,0.109281076043653,0.0597028650819873,0.1429560151743982,35.93330761549891,29.686066599676675
0.0384513771182742,0.0884290968668145,0.0474389226732703,0.1112284533425696,0.0607032594385677,0.1456242584393876,35.93395331588419,29.776272917106304
0.0391115537767722,0.090107809604646,0.048283645768798,0.1134242476709017,0.0618345831303496,0.1486497897567285,35.93460195508843,29.86647799048215
0.0399180142704129,0.0921653995776302,0.0493132421941079,0.1161092907048271,0.0632059579578685,0.1523270917662644,35.93525354420885,29.956681817493784
0.04082102232158,0.0944791787374427,0.0504657500760839,0.1191273324448175,0.0647378539454119,0.1564506584307103,35.935908094416064,30.046884395842785
0.0419240334872631,0.0973228256425366,0.0518572111470244,0.122792004827411,0.0665569933129278,0.1613710454853769,35.9365656169546,30.137085723242706
0.043340801041786,0.1010045015808908,0.0536338504122787,0.1275052942348555,0.0688549234602277,0.1676267972023316,35.93722612314356,30.22728579741901
0.0451513147818261,0.1057722387204147,0.0558812992249534,0.1335407734377804,0.0717142171009762,0.1754947503497613,35.93788962437695,30.317484616109272
0.0478651356089004,0.112998819222784,0.0593159719234345,0.142856906055141,0.0761916515902044,0.187902926159605,35.93855613212441,30.407682177063048
0.0525710266644027,0.1253946803030032,0.0656925942805635,0.1598908484106298,0.0853464970702144,0.2126444347028319,35.93922565793169,30.497878478041898
0.0611188730314445,0.1468459169667442,0.0786420231221181,0.1922180277056021,0.1068696559318885,0.2655115786827161,35.93989821342115,30.58807351681952
0.0698972274617252,0.1687479566036941,0.0912034174309538,0.2233471816462297,0.1259177318051753,0.3120931382913178,35.9405738102924,30.678267291181662
0.0741763279412214,0.1801003577981447,0.0960812255406117,0.2366174117866698,0.1312140602229233,0.3272054294063716,35.94125246032278,30.76845979892611
0.076552424714946,0.1865042515138286,0.0985470747392736,0.2435440056399706,0.1335547485497519,0.3343236662434851,35.94193417536798,30.858651037862828
0.0786794538680277,0.1921745961539851,0.1008279305309514,0.2498850146206923,0.1358422711221667,0.3411864707429695,35.94261896736261,30.94884100581389
0.0807250990978996,0.1975994083163598,0.1030948144648093,0.2561454666503907,0.1382266831718685,0.3482599827856056,35.94330684832079,31.039029700613558
0.0826448623899524,0.2026842046934035,0.1052634531794475,0.2621183888497458,0.1405776372746172,0.3551869115681125,35.943997830336606,31.12921712010813
0.0844604045031479,0.2075023312743915,0.107325409419279,0.2678022504376982,0.1428425231533151,0.3618438545248955,35.944691925584884,31.219403262156238
0.085893844479709,0.2113414508058942,0.1089026188052955,0.2721938815764153,0.1445179967054418,0.3668173547541284,35.945389146321666,31.309588124628622
0.0873649593838605,0.215290708119567,0.1105293464130826,0.2767293309068215,0.1462637639854967,0.3719934922290271,35.946089504884846,31.39977170540824
0.0889692881531631,0.219608048095777,0.1123130246291246,0.2817101746114385,0.148198331008139,0.3777239332653997,35.94679301369474,31.489954002390316
0.0906075069555913,0.2240262759537911,0.114141989206941,0.286832089829941,0.1501899246125582,0.383642636832002,35.94749968525475,31.580135013482195
0.092717861857075,0.2296989908179281,0.1165650789883521,0.293589159911055,0.1529182829531504,0.3917026745184622,35.94820953215189,31.670314736603693
0.0951693393789094,0.2362485388545399,0.1194900469144594,0.3016761363714519,0.1563781551380593,0.4017913606159365,35.94892256705755,31.760493169686708
0.0972917287173388,0.2419756929593019,0.1219505794811157,0.3085534520581278,0.1592043901936033,0.410121723289885,35.949638802728,31.850670310675493
0.0989963728273019,0.2466147173062739,0.1238795232861133,0.3139943818659373,0.1613649035543453,0.4165473460894443,35.950358252005024,31.940846157526618
0.1000022041181726,0.2494029057173967,0.1249427381464754,0.3170586770227641,0.1624653532689433,0.4199036429717872,35.95108092781664,32.03102070820899
0.1004795748602773,0.2507542658478552,0.1253984534147291,0.3184043970505483,0.162883086722755,0.4212139781835819,35.951806843177664,32.1211939607038
0.1007094953297839,0.2514204346384331,0.1255827017402251,0.3189670891107676,0.1630118424652099,0.4216414274135151,35.95253601119048,32.211365913004585
0.1009232731567628,0.2520277690081625,0.1257654544391145,0.3195045850509859,0.1631602318864728,0.4220963622225439,35.95326844504549,32.301536563117295
0.1011932917612899,0.2527828370851747,0.1260150195020747,0.3202310283878701,0.1633787034602637,0.4227722146988966,35.954004158022,32.391705909060235
0.1015998192512257,0.2538835185615502,0.1264490870456472,0.3214529275301586,0.1638292034491186,0.4241173323260143,35.95474316348875,32.48187394886406
0.1027604698195267,0.2569815424404201,0.1278223899720826,0.3252592098176938,0.1654269613544405,0.4287975760341109,35.95548547490462,32.5720406805719
0.1047055839574363,0.2620875386513032,0.1302789924066395,0.3319351929024001,0.1685148615107788,0.4376144420656214,35.95623110581938,32.66220610223923
0.1066766781140979,0.267198895366818,0.1329510249074529,0.3390875071683115,0.1721858315335903,0.4478465670596506,35.95698006987426,32.752370211934
0.1078521096551395,0.270474929871189,0.1346754818822539,0.3440344277753949,0.1749363649792725,0.4558470503219401,35.95773238080272,32.84253300773661
0.1069509537690053,0.2687783883694326,0.1334321036667579,0.3417784744676212,0.173507078938795,0.4535143202192227,35.9584880524312,32.9326944877399
0.1073292492988494,0.2701665842734644,0.1338328271736562,0.3433262503362229,0.1743378574232052,0.4559936804073509,35.95924709867966,33.02285465004922
0.1102236697462865,0.2779954290353089,0.1373306337584716,0.3530303662264467,0.1785593212953716,0.4681519849076869,35.96000953356253,33.113013492782315
0.1197953301094371,0.3032672147362222,0.1498654417219419,0.3868658883712312,0.1951425400013933,0.514425313622503,35.96077537118922,33.203171014069504
0.1399748110675403,0.3553619474426626,0.1774967497744769,0.4595354254566823,0.2335407679467857,0.6183401212224087,35.96154462576496,33.29332721205357
0.1760189954535154,0.4447476277912575,0.2283672720832014,0.5868875612864833,0.3065350682846883,0.8044583461988625,35.96231731159152,33.38348208488989
