X,Y,Z_10,Ss_10,Z_5,Ss_5,Z_2,Ss_2
70000,860000,0.06264617386037966,0.1514104350226689,0.07678897687386428,0.18939494965028417,0.09734281369852059,0.2458894578883139
70000,870000,0.06289693951042334,0.1518549441836108,0.07738449755775666,0.19069423750986791,0.09837452045002217,0.2483300327171538
70000,880000,0.06597154807615369,0.15920767880585715,0.08308443332336159,0.20468786512568743,0.10861509512382371,0.27421532035992224
70000,890000,0.07348374221941803,0.176925286690666,0.10012700889407782,0.24496051684840534,0.14429232319611932,0.36014202550539093
70000,900000,0.08176931759682876,0.1961310252409105,0.1276148834095113,0.303713479838,0.21477634646484284,0.5072310532140485
70000,910000,0.07759026835627729,0.18618415765970356,0.10979015067355573,0.26726331532997033,0.16340545564705225,0.4049085053121357
70000,920000,0.06968725744091635,0.16721090582373183,0.09145798600384873,0.22459448653225178,0.12354211087731631,0.31200470109118433
70000,930000,0.06465452819724461,0.1544517001093438,0.08556149639493091,0.2088355672375694,0.11839299216642225,0.2963625768738917
70000,940000,0.06059031187455205,0.14410458970373838,0.08208703864531083,0.1989661056546529,0.12045153951587327,0.29744563134796365
70000,950000,0.0566769395261371,0.1341583763209204,0.07570387261135038,0.1829144182172404,0.1079643428749042,0.2670620496314648
70000,960000,0.05425596516914834,0.12782667599229575,0.0729238082026227,0.17545080478718458,0.10372106664566642,0.25632030019809043
70000,970000,0.05242893393602247,0.12317453723297445,0.07560785310048249,0.18047275469579577,0.12720395117948352,0.305958564237138
70000,980000,0.04951994416516198,0.11593343091502083,0.07368580338509176,0.1748337309942332,0.1389302874558455,0.3270065286757769
70000,990000,0.04567764078962318,0.10624535173911223,0.06256023588711225,0.1482363159815716,0.09720728126024859,0.23524507489959187
70000,1000000,0.04191002669439938,0.09692187271260895,0.05364268241595198,0.12655363471854186,0.07332265499703688,0.17744422499224105
70000,1010000,0.0390209654457723,0.08976695550162435,0.0483381605535857,0.11334190508271025,0.06262218503490898,0.15036989623958
70000,1020000,0.03707853213767955,0.08491338715580213,0.04525917860830309,0.10554288966003002,0.05737452683422512,0.13679233515515815
70000,1030000,0.03576929347044618,0.08160457589813383,0.0433788545018019,0.10070630391232212,0.05452638381631785,0.129284449001045
70000,1040000,0.03490506605761518,0.07939992444058855,0.042214562951213196,0.09767293145028044,0.052900526234372455,0.12492769802175992
70000,1050000,0.034372277662226454,0.07803051031033507,0.04152357822960198,0.09585353945110746,0.05198178276625622,0.12243135588131335
70000,1060000,0.0341189621440924,0.0773767540349882,0.04119966705958137,0.09499455899151536,0.05155777671208802,0.12126862372231087
70000,1070000,0.03405672533403634,0.0772269510614498,0.04110756274517515,0.09476238105434394,0.051413548487696976,0.12089107501409166
70000,1080000,0.03422515233328074,0.07768804485335931,0.041301897890742595,0.09530770447781849,0.05162935668383919,0.12152461371124726
70000,1090000,0.03464455337887228,0.07882387031438218,0.04181903786946924,0.09674125218717795,0.05227521095504126,0.12337738160979494
70000,1100000,0.03540029374445146,0.08086421878292563,0.04279664246345188,0.09943863548080428,0.05358993483165396,0.12710823157787451
70000,1110000,0.036623038226579106,0.08415660121918304,0.044468510098064185,0.10403624827178047,0.05602019949297594,0.1339482178381044
70000,1120000,0.03861180613101061,0.08941361898835376,0.047377698866039215,0.11189057791265221,0.060622747437956696,0.14661706423637247
70000,1130000,,,,,,
70000,1140000,0.04591463266849576,0.10752155739922496,0.06005007095169572,0.14348952491811107,0.08476611015399134,0.2065263049136417
70000,1150000,0.04819033855582479,0.11296416762860317,0.06400419483781673,0.15296472986168583,0.09188126316307582,0.2234686278983522
70000,1160000,0.047228813073418044,0.11078405349166817,0.06148773360264268,0.14748539624325543,0.08532070867992668,0.20984251454856367
70000,1170000,0.04637238995196488,0.10854415332733966,0.06061888746307977,0.14511618253668232,0.086502758934335,0.21232609053064191
70000,1180000,0.047260032847458694,0.11038520206557248,0.06375005804609613,0.15227258412562922,0.09903896526250335,0.241381724437384
70000,1190000,0.0497203458078895,0.11620380510116883,0.06968446064103909,0.1665279839313229,0.11446360117074329,0.2781475709368182
70000,1200000,0.05200866137063627,0.12179799783722434,0.07369527803969922,0.1765293811193811,0.11986797931995834,0.29252318694057594
70000,1210000,0.05365717704065148,0.12596042884336575,0.07559759302584572,0.18155189420187504,0.12014417986489832,0.29449997059314664
70000,1220000,0.05507789518709841,0.1296655242694149,0.0771513181678425,0.18580326186424148,0.12232870908099483,0.3000463114386044
70000,1230000,0.05608293897962824,0.13232967397873507,0.07798081659599145,0.18815868017939577,0.1226921656479355,0.3012917482235666
70000,1240000,0.05687587817194847,0.13444918983512436,0.07839427400901534,0.1894205575629742,0.12151712771208475,0.2990731810898271
70000,1250000,0.05798837585402526,0.13740453240932662,0.07953551172984114,0.19258519453461576,0.12335987923939865,0.30359827279738255
70000,1260000,0.05911159077601499,0.14038392378121592,0.08053899385482564,0.19540314920277865,0.12387415567873503,0.30531416401349626
70000,1270000,0.060498558008150204,0.14403803267839752,0.08171078042114077,0.19870036745226632,0.12334517259647605,0.30507311267146847
70000,1280000,0.06252685701090574,0.14935003981396536,0.08408953704947654,0.20514581027149073,0.12633631569826154,0.31302528314856415
70000,1290000,0.06521281887639083,0.15631028906757044,0.08734588696354666,0.21385189181920042,0.12936029848540587,0.32190328909413557
70000,1300000,0.06914764761518419,0.16633756347670728,0.09262950736836899,0.22764166622268214,0.13457396680694592,0.33715351859580217
70000,1310000,0.07488993612983508,0.1807470417788172,0.10162240493234392,0.25045515867678864,0.14749147166627447,0.37112834535540284
75000,860000,0.0665773593268341,0.16173590893287143,0.08183970016939456,0.20297693442127623,0.10403435825651293,0.2643950649106355
75000,870000,0.06654285379670542,0.16145609597413976,0.08192805916700283,0.20296167420237465,0.10417357267065475,0.2644568492116677
75000,880000,0.06958579213374144,0.16871467487966207,0.08743171191944152,0.21646006844158536,0.1137908586336427,0.2887498232415447
75000,890000,0.07807126148380673,0.18873764788585634,0.10574525165569648,0.259793009823993,0.1508606352524099,0.37799915920310717
75000,900000,0.08797038820367804,0.21146481546807008,0.1360425035507306,0.3242086708071082,0.2254086735239836,0.5322304584471848
75000,910000,0.08353612471980944,0.2010826129261048,0.11700544934688567,0.28609881976746054,0.17073888195873133,0.42561104019399226
75000,920000,0.07537851365852341,0.18148203865982007,0.09967584054389458,0.24562722614617877,0.1353216797088986,0.34295084658708824
75000,930000,0.0709759345905233,0.16999815390092984,0.09748182017276054,0.23785664985210644,0.1411508101151207,0.35175696802128265
75000,940000,0.06591758450723142,0.15726444715534862,0.09488568071122705,0.229100767757554,0.15268458683852462,0.3702315370369291
75000,950000,0.0602955979114124,0.14320019147600196,0.0831464297058155,0.20105862553703135,0.12514648859776342,0.3077480992311958
75000,960000,0.05682851888407098,0.13428877695166463,0.07689646731376501,0.1855025359723662,0.10973936362949757,0.27189869041034975
75000,970000,0.054498497008759327,0.12841340607452015,0.07833867053970911,0.1874995765730013,0.12937737478466332,0.31231210219763794
75000,980000,0.0512846276585195,0.12042881346733744,0.07570068925562246,0.1801423702589842,0.13832140264851606,0.32719270371542136
75000,990000,0.047074389630001275,0.10984279132501067,0.06407861664224297,0.15231360634033803,0.09765543785006495,0.23714888701102266
75000,1000000,0.04304287671747461,0.09986330485828322,0.05495656264004716,0.13006101884862473,0.07460181908566178,0.1810565358301417
75000,1010000,0.04001581402879019,0.09234561067491429,0.049536473565677266,0.11651556299964454,0.06403207489341518,0.15421229185175914
75000,1020000,0.0379514828541334,0.08716464321551207,0.046336053465421564,0.10837382950083288,0.058726239205745434,0.14042816634938418
75000,1030000,0.03661512706358515,0.08377555250139958,0.044439535567207054,0.1034793610738403,0.055901812777948964,0.1329581168529164
75000,1040000,0.035712997979933776,0.08146416866101396,0.043238742602498194,0.1003386265635752,0.05425169701596106,0.1285205679245152
75000,1050000,0.03518450343521367,0.08010126273440409,0.042558953493800414,0.09854321514286482,0.053358263383880535,0.12608559474484082
75000,1060000,0.03493531676438293,0.07946046754525765,0.04223988506419268,0.09770019335328942,0.05293954508616087,0.12494229852843856
75000,1070000,0.03491513808090001,0.07942278450052986,0.0422005111042202,0.09761173751307797,0.052861462180871746,0.12475046408817728
75000,1080000,0.035126138687201304,0.08000818520661367,0.042446693170871415,0.09831196704706481,0.05314031872162411,0.1255787883816599
75000,1090000,0.035648420591715975,0.08143502805219277,0.04309958527033466,0.1001351108674481,0.05397331868117197,0.12797756802505514
75000,1100000,0.03656311582374008,0.08392074037671195,0.044303903127982935,0.10347598340480689,0.05563521262860235,0.13270379552113423
75000,1110000,0.03814785958145998,0.08817717551300937,0.04651582169988246,0.10953682801085146,0.05894044899928619,0.1419450483891801
75000,1120000,0.04080085369576927,0.09513537937029239,0.050524993958547725,0.1202438639129204,0.06551760416995457,0.1597670511753083
75000,1130000,0.045157216125645695,0.10607133835488243,0.05786502685371253,0.13883498601893857,0.07897095916449567,0.19386859642640356
75000,1140000,0.050257846442604434,0.11825547152493557,0.06733749667643804,0.16129101030583395,0.0974762514763255,0.23703379166764796
75000,1150000,0.05264481578659733,0.12382854074482445,0.07148612147037385,0.17101281580061306,0.10453444413697022,0.25366968019955893
75000,1160000,0.05074456362895001,0.1194372054698966,0.0674090628260125,0.1619295970513253,0.09584810384468986,0.23510688504402688
75000,1170000,0.048465336020918015,0.1138495131493053,0.06371898861002337,0.15303338854674794,0.09078758991833434,0.22347760888854112
75000,1180000,0.04845839024506079,0.11352110495138697,0.06521636489393628,0.156175984062486,0.10008076642509223,0.24459348237853615
75000,1190000,0.05077323494913791,0.11892232713376642,0.07086320434489117,0.16959933093771695,0.11405461697929829,0.2781846174601416
75000,1200000,0.05262718979369478,0.12343023032666685,0.07388178724495316,0.17716463474299202,0.1177063706024041,0.2881635241392204
75000,1210000,0.05386797685027148,0.126614814993645,0.07463139563011842,0.17945591354989893,0.11559373090794829,0.28425005336598425
75000,1220000,0.05562412458041334,0.13112721489591964,0.07718857932935132,0.18608129246070515,0.1201076462532407,0.2954803296841354
75000,1230000,0.05662989709406414,0.13379651665481454,0.07802599637276739,0.18846472147522406,0.12049208853894022,0.29679033221660656
75000,1240000,0.05715893879343788,0.13530419037328895,0.077586935032582,0.18775232185915505,0.11724388973446573,0.2895875969861279
75000,1250000,0.05876734413263364,0.13948749784994283,0.07985807265737639,0.19366542804057899,0.12139160011949839,0.2998240503395605
75000,1260000,0.06006846443300708,0.14292685748482167,0.0810971201456939,0.19712110115347464,0.12213397979840791,0.3022283723163471
75000,1270000,0.06116986876161387,0.1458902498573796,0.08152039389378604,0.19866182166758642,0.11985262595959038,0.29781100216724476
75000,1280000,0.06358648190573532,0.15213951068428982,0.08489707388844929,0.20749463291425033,0.1250699381978532,0.3112212355392958
75000,1290000,0.0668812194001151,0.1606357742970939,0.08909104045398102,0.21863081842088178,0.12942495141454996,0.3237008267191135
75000,1300000,0.07107405354472117,0.1712931571461574,0.09485691658723366,0.23363843117968158,0.13573341516573365,0.34166277906184217
75000,1310000,0.07813797602501812,0.18891796213008208,0.10707143216630675,0.2639772578218784,0.15657260782543275,0.39370357030129455
80000,860000,0.07150013105639859,0.1747100701426615,0.08815998885102067,0.22003388363060342,0.11240075339556448,0.2876210780830424
80000,870000,0.07095736887934996,0.17311359812025615,0.0874755891958033,0.21798003440130204,0.11133963740634446,0.2844336951841428
80000,880000,0.07360145710012193,0.17931544837252575,0.0922816024038218,0.22963432342580653,0.11964476678230532,0.30522017621458036
80000,890000,0.08263406193543714,0.20054551049713878,0.11121402058434386,0.2743469494083155,0.15707622793658002,0.3951512842163634
80000,900000,0.09467160665128639,0.2279514311887908,0.1445957238986637,0.3452780599769299,0.2345044116924868,0.555452143810722
80000,910000,0.09016456381732078,0.2176182403395844,0.1251868920331986,0.3073528201781535,0.17941241236663838,0.4499758451722437
80000,920000,0.08232807946099542,0.19873536227048275,0.1104097182761386,0.2725427111404618,0.15211246339343593,0.38560597961629056
80000,930000,0.07853027143851544,0.1882499822291429,0.11347654090050056,0.27520073025934166,0.17327579242984678,0.42599714915837017
80000,940000,0.07194481853820711,0.17195378662580152,0.11220217048040307,0.2671752467918452,0.19431126097908444,0.45907240468947874
80000,950000,0.06390334992473773,0.15225112224672707,0.09086851108743957,0.2195745549814227,0.14403667582014323,0.3505389273433081
80000,960000,0.05919631804159412,0.1403147888426907,0.08036608084834132,0.19435012197845378,0.1150352901548064,0.2855024322406865
80000,970000,0.056340373146717276,0.13317608277860973,0.0804421845004073,0.19308424931449863,0.13122046438517185,0.31741095703457195
80000,980000,0.05290851576611146,0.12465341980807801,0.07715006180435072,0.18420278295414025,0.13754470431459861,0.3265269528152905
80000,990000,0.048424774162564015,0.11338288293343934,0.06535126327624986,0.1558555661466443,0.09778939918889501,0.23821376382825438
80000,1000000,0.044184090822737394,0.10286385533955039,0.0561803760267461,0.13339225199820598,0.07561383196291947,0.18403392058586063
80000,1010000,0.04104560238874006,0.0950384391015392,0.050731887818545054,0.11971615112362864,0.0653618348081429,0.157888432836536
80000,1020000,0.03890059853453672,0.08962703404978715,0.04748806411572176,0.1114224081198762,0.060143800782394945,0.14426881364399738
80000,1030000,0.03754012098084727,0.0861554541872719,0.04559377300534881,0.10650547038078245,0.05739032603628874,0.13694636994659867
80000,1040000,0.036606189234012945,0.08375070675386907,0.04437130848301681,0.10329254138218172,0.05574610542431558,0.1325030707206324
80000,1050000,0.03608421185996705,0.08239896102974303,0.04370719507846844,0.10153147954023846,0.05488496734255999,0.13014693299924002
80000,1060000,0.035841357055212734,0.08177574450519519,0.043397711000073606,0.10071579529536344,0.0544799389435338,0.12904475222900655
80000,1070000,0.03585973199347705,0.08184758704163,0.043404716770304635,0.10076234003144524,0.05445718306695195,0.12901974959623363
80000,1080000,0.036122382488654056,0.08258281959405088,0.0437149137879224,0.10165184532825292,0.05481644723431367,0.1300917021984825
80000,1090000,0.036778324044573,0.08438123209230991,0.044546772946726404,0.10398001540085487,0.05590243629737504,0.13321495849656959
80000,1100000,0.03794305674721085,0.08754908080145994,0.04610731889051006,0.1083075342356912,0.058111598929610174,0.13947479069040894
80000,1110000,0.039947622229511155,0.09290788865715995,0.0489852558750339,0.1161421615164886,0.06256470559278254,0.15180028654807962
80000,1120000,0.04350377786866292,0.10210466728453611,0.0545718397318444,0.13078068537283574,0.07212039255230235,0.17703685566894115
80000,1130000,0.04903071781227359,0.11572954667043334,0.06425078091005153,0.15457680318595976,0.09040473467311902,0.22144611704515618
80000,1140000,0.055347640533440746,0.1306775853650279,0.07557143353308422,0.1811376311641244,0.11075018797502181,0.26872282932755914
80000,1150000,0.05767059902597219,0.13604511934753394,0.07930824820562479,0.18997264541038375,0.11630709183383829,0.2823628103212713
80000,1160000,0.054753057473738945,0.12910357749017354,0.07424444127804641,0.17817445788808306,0.10776123672585645,0.26300738057145134
80000,1170000,0.05092423464604121,0.11997531126307533,0.06800491906028777,0.16359084203064783,0.09933493642928476,0.24408050373504359
80000,1180000,0.05000900393025037,0.11750946004099465,0.06770746955947585,0.16253688630017216,0.10489628399411788,0.25644874834115866
80000,1190000,0.051684167850598595,0.12133577957534027,0.07199215832404503,0.17261070414249172,0.11672074235430828,0.2842860856927098
80000,1200000,0.05355073555347391,0.12587703104341064,0.07502383186863153,0.18019783170426862,0.12047919404262476,0.29447103750156156
80000,1210000,0.055120836174543414,0.12984878004084466,0.0767834218697111,0.18486507792376033,0.12068578471577333,0.2962182241250347
80000,1220000,0.056544441246266376,0.13358293716657182,0.07832123353373677,0.18909783236614253,0.12285834552176336,0.3017384788335503
80000,1230000,0.05762508656356032,0.13645081685574806,0.07925485294188343,0.19174768130571393,0.12329658012659943,0.3032399599868358
80000,1240000,0.058543770252526044,0.13889749060551013,0.07982521487338913,0.19345106725262703,0.12219592532319085,0.30132817828746583
80000,1250000,0.05992159265889472,0.1425475098644492,0.08131874332398324,0.19756944251897715,0.12434156502283797,0.3067852018541771
80000,1260000,0.06145704092716657,0.14659810680006824,0.0828585333048809,0.20183463581397965,0.12533390091580116,0.3099668181578143
80000,1270000,0.06328034233216452,0.15136179779933304,0.08468358751344159,0.2068508005319467,0.1255605454017549,0.311913986426106
80000,1280000,0.06588711510974016,0.158154317593201,0.08794500539924685,0.21559592839516115,0.1296660738621913,0.3229813400061909
80000,1290000,0.06908403792238688,0.16637981880081873,0.09210432823381957,0.22658099204812707,0.13413051930823777,0.3356776159656588
80000,1300000,0.0736553200878769,0.17790598006759195,0.09879132005681814,0.24373370745658188,0.1421940307197382,0.3579740725194367
80000,1310000,0.0809062314664316,0.1959217657975993,0.11179466901158697,0.27566868947542317,0.16540411731218133,0.41471969843477985
85000,860000,0.07766312806088504,0.1909880700040116,0.09612889149926485,0.24158946236150597,0.12302002624813586,0.3171763709113584
85000,870000,0.07618630422972986,0.18695425363601462,0.09410566808528832,0.2359646478210692,0.1200110472895223,0.30864381965865517
85000,880000,0.0783533551102984,0.19192846519719686,0.09800416776987805,0.24526714411837341,0.12657736404181352,0.3248358715107134
85000,890000,0.0878975144238873,0.2142488077420467,0.1173694951876938,0.2908881295376303,0.16382639330262266,0.41415832489637494
85000,900000,0.10182583339394019,0.24549527931250778,0.15302629158057496,0.36660774193652795,0.24178504966031994,0.5765302111277667
85000,910000,0.09740100475089405,0.23555198471746297,0.13450308949123088,0.3311927585732173,0.19024240574227827,0.47946174274330716
85000,920000,0.09011527354632733,0.21778603959422876,0.12366455388463812,0.3046349636341268,0.17528561617409225,0.44122363631705036
85000,930000,0.08653078230960565,0.2071415972122973,0.13149147847597045,0.315287719643594,0.2081481218916591,0.502844043159424
85000,940000,0.07766699208031552,0.18558470713362163,0.12733307819222422,0.2992127868658279,0.21956980623455793,0.515659488318642
85000,950000,0.06676498724873027,0.15949393663684566,0.09592957849985549,0.23188628412296902,0.15395477980439773,0.37341786558780093
85000,960000,0.061036260120486095,0.14513343983660504,0.08249705513577697,0.20003560238173973,0.11756981096697218,0.2923177003510973
85000,970000,0.05797623873447924,0.13751760601881177,0.08202861226132283,0.19748148089607281,0.1326771754344475,0.32128675904083004
85000,980000,0.05446681471904278,0.12880001401320346,0.07832281467243123,0.18766266321740077,0.13671504280257563,0.325524245172695
85000,990000,0.04982891246611702,0.11712538665978987,0.06658608352592031,0.15938003595892564,0.09787283700833073,0.2391693221064452
85000,1000000,0.045415483139570355,0.10613699572309696,0.05748005388240146,0.1369683083198642,0.07671922286641664,0.18729475355917577
85000,1010000,0.042202658607663084,0.09807786096634803,0.05208236449768555,0.12334495827239449,0.0668992716458454,0.16214378392534573
85000,1020000,0.03995783418010496,0.09237756730809692,0.04877322847465788,0.11483174374734781,0.061734809694824554,0.1485879051300572
85000,1030000,0.038563134097324245,0.08879416383885942,0.04687193481672473,0.1098647871109072,0.05904274729560555,0.14138531169011734
85000,1040000,0.03760977835770688,0.08632694588225533,0.04564032456102769,0.10661179863783958,0.05741543052112463,0.1369656440721158
85000,1050000,0.03706460966817223,0.08490913306191485,0.04495725918140571,0.10479383645567315,0.056544473790013663,0.13457578285720276
85000,1060000,0.036854786783958524,0.08437081094854143,0.044692923034449474,0.10409705417943639,0.05620131610517358,0.13364174431436746
85000,1070000,0.036909053518055346,0.08454467559149562,0.04474314690478469,0.10426886954257625,0.05622880631108611,0.13376706943787073
85000,1080000,0.03724992466123379,0.08550400973928395,0.04515440596750889,0.10545181259470322,0.05672325220642811,0.1352374504475079
85000,1090000,0.03808382297656681,0.08779464510835153,0.04622784068445055,0.10845826961825997,0.05815887403556528,0.13935502570485575
85000,1100000,0.03953869336453251,0.0917478591181713,0.04822892153260229,0.11399357329466929,0.06109403668944451,0.1476210984106723
85000,1110000,0.042177766171897335,0.09873113886676849,0.05213876326601035,0.124499144389298,0.06737348571269156,0.16470118835961528
85000,1120000,0.046721333493340456,0.11025785878881367,0.05959433132903397,0.14351787628045506,0.08071456149854539,0.19868137099710298
85000,1130000,0.05290040507816588,0.12529739969215867,0.07045603102647591,0.1696916737308009,0.10087030502166641,0.24642465226065766
85000,1140000,0.058510212273894975,0.1386927535548589,0.07968479403530458,0.19173073768179347,0.11566344669623793,0.2819516964147282
85000,1150000,0.059973917904845214,0.1420529342177781,0.08190900815499151,0.19708278227600787,0.1187138228204511,0.2898134351616833
85000,1160000,0.05708926810494189,0.1348296292476934,0.0778583196889711,0.18687939615821536,0.11357368360645792,0.27688642263867236
85000,1170000,0.052671659309341284,0.12431743036359513,0.07064817494581378,0.17002820344382208,0.10348994441841049,0.2539415857064734
85000,1180000,0.05123164782991181,0.1206611749814793,0.06926633642806128,0.16657502027385143,0.10655339069104816,0.2608901615254895
85000,1190000,0.052465984381239374,0.12340569738193856,0.07256117144167687,0.1742262694387408,0.11616968803234187,0.2834031492249528
85000,1200000,0.05436361703625861,0.12802430781700772,0.07564838700062869,0.181946197927374,0.12011907903927131,0.29405337121139935
85000,1210000,0.05590277198066691,0.13193301660826662,0.07733084917277767,0.18643384005593752,0.12032893627743801,0.29574207132160235
85000,1220000,0.05720625881918299,0.13537009868729044,0.07866660552716492,0.19016319331189668,0.1221532907656749,0.3004128999840026
85000,1230000,0.05836767002488272,0.13844804316107484,0.07970913360135586,0.193110242392775,0.12268250768609978,0.302204225916219
85000,1240000,0.05961627604835612,0.1417440800121166,0.0807539736435891,0.19606120475031155,0.1221934628928908,0.30194109757479204
85000,1250000,0.06109056515270405,0.14565365214930862,0.08232057776056245,0.20041218440897224,0.12422898403937764,0.30726711650643435
85000,1260000,0.06284843037783866,0.15026696513860072,0.08420851163648657,0.2055865494689031,0.12563191304449117,0.31163188939146436
85000,1270000,0.06491197555748542,0.15562602051539065,0.08646913927686012,0.21170500290356858,0.12659099094717,0.31549645416549316
85000,1280000,0.06803268155706949,0.1637287643286916,0.09046284437008871,0.22237363188845252,0.13154329365671305,0.32899983463659666
85000,1290000,0.0721855525205461,0.17433485833982865,0.09619887327636348,0.2373586138851292,0.13842076089080682,0.34804191873031676
85000,1300000,0.07703460183506763,0.18649740847776608,0.10361726986075807,0.2561802884106567,0.148404181802083,0.37475911083486
85000,1310000,0.0843801022753423,0.20466041954843597,0.11699426958488211,0.2887837052899198,0.1727522772694215,0.433579395982805
90000,860000,0.08501196803238893,0.21041756450818594,0.1057072043243392,0.2675230069783946,0.135876164651106,0.3529943861611106
90000,870000,0.08275462848079564,0.20436897425402406,0.10252074760291728,0.2588189547713557,0.1311554903825061,0.3397827168016531
90000,880000,0.08413603382475687,0.20731346063377057,0.10507396438769664,0.2646095989831572,0.1353551287313017,0.3496730172011305
90000,890000,0.09360130378137504,0.22916370056965463,0.1241161887967303,0.30906000837751973,0.17160516949940136,0.4358123857395573
90000,900000,0.1096654352366027,0.2646292925718189,0.16261427140847615,0.3905133526555832,0.25160090497535764,0.6027334376481477
90000,910000,0.10561004910647774,0.25554871836622634,0.1461196963250648,0.359858775606073,0.20599807502157075,0.5195070129214697
90000,920000,0.09806245584861899,0.2368314015834981,0.13878864863313914,0.33944200788547624,0.20441317459974817,0.5060823642704111
90000,930000,0.09281476394124724,0.22193004635278038,0.14442290691230272,0.34342027181260165,0.23026445454046746,0.5511156214829361
90000,940000,0.08077033100664659,0.1931994755429668,0.12848258851400135,0.30428182979376406,0.21379689824999076,0.5082376437321048
90000,950000,0.06845489895879092,0.1639546354417263,0.09621863667288884,0.23358010083961947,0.14789639326445425,0.36279774145514826
90000,960000,0.06246681949953814,0.1490444055686206,0.08353030574768405,0.20316727098088455,0.11769758932207039,0.29333328280530374
90000,970000,0.059537410501749835,0.1417597491270456,0.08333260710836979,0.20126763470203812,0.1335739552390948,0.3238172120348734
90000,980000,0.05612297643661297,0.1332703793499412,0.07956962473110278,0.1913739018792146,0.13578992990493563,0.32447306047986735
90000,990000,0.05141173370984826,0.12138860525308867,0.06801749488898474,0.1634823984552553,0.09825896515068291,0.24096032209198365
90000,1000000,0.04683417057909598,0.10993316373622433,0.05900273360186905,0.14117431580546483,0.07812840949062314,0.19141197920574982
90000,1010000,0.04351372920522338,0.10154153906256833,0.05360781706772863,0.12746532356067844,0.0686465529472488,0.16699866314295908
90000,1020000,0.04114392297145214,0.09547357017977186,0.050217580373632636,0.11867536431455251,0.06353207749971895,0.15348153760908706
90000,1030000,0.03972309851549135,0.09179410820277144,0.04832035621555223,0.11368178646693787,0.06091555700744144,0.14643017892273577
90000,1040000,0.03870428729096036,0.08913835083061335,0.04703099324412106,0.11025310230389102,0.05925242896039207,0.14188516965573877
90000,1050000,0.038185644925132475,0.08778286435206868,0.04638781783002337,0.10853286659248407,0.05844260354603885,0.13965165407487012
90000,1060000,0.037994331174038956,0.08729521846848505,0.04614745955907017,0.10790339131216743,0.058128778405065924,0.1388034316171186
90000,1070000,0.03809412143036728,0.08759773459786539,0.04625376751081648,0.10823695725260965,0.05822524516027183,0.13913346373295254
90000,1080000,0.038540600746927216,0.08885771467235466,0.04680312276291654,0.10981826712011186,0.058908372887618396,0.1411554515795235
90000,1090000,0.03959748955854685,0.09176227797565807,0.048191951305350984,0.11370338239242532,0.060823218777418156,0.1466192733918639
90000,1100000,0.04144694430707706,0.09675010555036757,0.050811707819422715,0.12088353788060674,0.06481339858840268,0.15771476170390597
90000,1110000,0.0449234939980424,0.1057981940560972,0.05617622862500489,0.13499628149398976,0.07383797163334518,0.1816018007595973
90000,1120000,0.05047103690000868,0.11957705361479015,0.06568413079406893,0.1584783939589845,0.09157327643671027,0.22478049418140392
90000,1130000,0.057387166496035924,0.13622991755053576,0.0775558291274517,0.1867087133595082,0.11238451549826714,0.2736066496246151
90000,1140000,0.061829297484216506,0.1469602452359008,0.08421086357004327,0.20299924272633624,0.12176312182199447,0.29721957450821973
90000,1150000,0.06221208532779192,0.14768634769204467,0.08482259541407279,0.20437642915282472,0.12257722998951309,0.2994190256639725
90000,1160000,0.05864871160743826,0.13878569731914467,0.07998389368760898,0.19217417140086054,0.11678181006569863,0.2846711375324679
90000,1170000,0.05380569008276253,0.12727414616910973,0.07231698820632577,0.17434401472846256,0.10721748128701279,0.26297507825503796
90000,1180000,0.05245978825070775,0.1238414253893629,0.0712017618490359,0.17150147283067152,0.11120848853955435,0.2717608039420921
90000,1190000,0.05333474024199433,0.12568132526816997,0.07337381228222116,0.17640397716803752,0.11619191948738412,0.28388087595734246
90000,1200000,0.055264071247781925,0.13039728480792942,0.0764174055477913,0.18405529575384078,0.11996959315714241,0.2941628683883007
90000,1210000,0.057248909051852086,0.13545604891043841,0.0791366458698912,0.19114103010531425,0.12370308756186393,0.30379070134614
90000,1220000,0.058178093558566214,0.13795544604433707,0.07947157483306062,0.1924115058466686,0.12203592634577912,0.30064160752988284
90000,1230000,0.05946291561045346,0.14135671336467168,0.08066775300332477,0.19577998789696374,0.12269334129468988,0.30283932202108693
90000,1240000,0.06130469841481747,0.1461701043924398,0.08295860765661331,0.2018742121862106,0.1257976533738972,0.31082472332093514
90000,1250000,0.0625621063739389,0.14952958752102322,0.08380228875983319,0.20447827123996654,0.1247615043171376,0.3094797557743633
90000,1260000,0.06468808016917245,0.15507901321277737,0.08622988997439383,0.21106914048329098,0.12681400267926005,0.3156893577507219
90000,1270000,0.06761673414885032,0.16264943335518448,0.09013035108248633,0.22134270389816524,0.13177386646015765,0.3289810005931936
90000,1280000,0.07079413240457681,0.1708346427857174,0.09399801845034415,0.23171944302164693,0.1349526261409412,0.3390623568215435
90000,1290000,0.0752480169160118,0.18215012732442215,0.10030223301148322,0.24809797332446137,0.14287375732313493,0.36076683484137007
90000,1300000,0.08204315829171899,0.19905928165479217,0.11167756278091875,0.27639531638295944,0.16111730504285915,0.40696988237066595
90000,1310000,0.08844348380191572,0.2147916074175903,0.12389406387948584,0.3056317025732123,0.18488872166623668,0.462358760543906
95000,860000,0.09523702878621639,0.23739981847664407,0.1192227595740674,0.3040217987117854,0.15426180858069885,0.40405701963567703
95000,870000,0.09087857512607468,0.2258757857658181,0.11313559317720571,0.2875827354808168,0.14550334832649525,0.37975787111130516
95000,880000,0.09064264044146993,0.2246294155482654,0.113173316592745,0.2867640748619442,0.14565809106360186,0.37880457126771977
95000,890000,0.09992688911174102,0.24579201656966426,0.13149447376755047,0.32911409994274937,0.17990335069218857,0.4593767654785082
95000,900000,0.11792273651115791,0.2846431899608156,0.173126867122787,0.416184710355564,0.26341742940368273,0.6329775568813123
95000,910000,0.1141777628891332,0.275940251332759,0.15975103472132895,0.391796354931363,0.22758895378377253,0.5697794625844562
95000,920000,0.10469245351807237,0.25256044294123264,0.1519987076847356,0.3683886226520523,0.22984760841616575,0.5598673368854643
95000,930000,0.0947100916209006,0.22717500798482332,0.1448269210911944,0.34588644182042705,0.22893605835841083,0.5494926873120751
95000,940000,0.08045741769838617,0.19332893187588604,0.11886382346087562,0.28676022126606215,0.18671525885013457,0.4544019602999109
95000,950000,0.0688320745103958,0.16538354301636934,0.0930125624300447,0.2272544192362208,0.1341326138874884,0.3339224832626816
95000,960000,0.06342340136681084,0.15190415166990667,0.08347239822038742,0.20374728448862706,0.11565079730685045,0.28903506451162037
95000,970000,0.0610865127831796,0.1460879822485135,0.08440281157821156,0.20461212299156764,0.1337408194383966,0.32476457775214723
95000,980000,0.05806525120296688,0.13856865818361522,0.08109201189386821,0.1959288812122605,0.13488252155329641,0.32380675147191934
95000,990000,0.0532720544524886,0.1264424539266553,0.06976965914732428,0.16851463839656447,0.09896325910374215,0.2437602960479206
95000,1000000,0.048505235740149595,0.11443602749855972,0.06081503203523989,0.14620958408388482,0.07986286530946282,0.19649806180904483
95000,1010000,0.044968845181793275,0.10541252848791711,0.05529857365591436,0.13206342530360873,0.07058760406784495,0.17243037769508704
95000,1020000,0.042502908300514335,0.0990345816421208,0.051873565856119706,0.12309807781088515,0.06559837037650919,0.1591274580000361
95000,1030000,0.040996614112817686,0.0950942118323185,0.049915565215506025,0.1178941089602241,0.06298607074018654,0.1520209144400437
95000,1040000,0.039948870103171594,0.09234062458181255,0.04861163449527051,0.1143991581201085,0.061338364235194114,0.14748290307186
95000,1050000,0.039429450191536555,0.09097305240089915,0.047977366392104974,0.1126913452621618,0.06055254890076788,0.1453030297133291
95000,1060000,0.03925044538740242,0.09052223840434721,0.0477532284397142,0.1121113550958947,0.06025732110222668,0.14451497069057065
95000,1070000,0.03942964910626618,0.09104599430102438,0.04795959174438808,0.11272826985925428,0.06048135557253264,0.14521331938831789
95000,1080000,0.04001447668019108,0.09269283415377529,0.04869330158208247,0.11483169205738737,0.06142470334386151,0.1479796394760267
95000,1090000,0.04134048365890794,0.09632740613811305,0.050482903318294615,0.11981709862420754,0.06398582253967565,0.15523046163448226
95000,1100000,0.04378651782020283,0.10284362393745938,0.05405991402740727,0.12947475647778678,0.06964970547332812,0.17068163918121584
95000,1110000,0.04822226649540587,0.11415063399213576,0.061217359388307115,0.1477826539937251,0.08229681501030484,0.20293626631289113
95000,1120000,0.05422274999431528,0.128826577122161,0.07163857199667426,0.17294757961671792,0.10166306599983299,0.24878678154643702
95000,1130000,0.05997503574675603,0.14276165681500347,0.08087006528121522,0.1951949206724727,0.11638817278227014,0.2842856658410456
95000,1140000,0.062418155764401115,0.1488012683620295,0.08421301222858421,0.20367114356040864,0.12062168081712873,0.29553155679070336
95000,1150000,0.06150014637399535,0.14634817679027326,0.08293382312651978,0.2003275348246634,0.11889428821922077,0.29115480320972864
95000,1160000,0.05751051978061622,0.13654092493076422,0.07691137973132128,0.18569546275336196,0.11023494211890641,0.27054544174111494
95000,1170000,0.053759895292208267,0.12745252121447673,0.07129477421572704,0.17241265028134792,0.1044301724611616,0.25721875738117334
95000,1180000,0.0530057775918386,0.12530478627416353,0.0713290969828863,0.17198475112723519,0.10981941055591707,0.2688528214824994
95000,1190000,0.05438807708867477,0.12842581129247702,0.07460941743440551,0.17966106785648223,0.11805645803249236,0.28849825667756296
95000,1200000,0.05619205451672041,0.1328784929812555,0.077236331744149,0.18636237483797155,0.12091820380015494,0.29654289044919036
95000,1210000,0.05780102664339757,0.1369997823856826,0.07893073876204633,0.19093845207710392,0.12106190548218156,0.29814077293973784
95000,1220000,0.059203157094109164,0.14070246697661606,0.0804105081616036,0.19506023422487706,0.12302413882514338,0.3032406163116942
95000,1230000,0.06066480950496449,0.14456796306311018,0.08182534886881547,0.19902569917501897,0.12384383313601645,0.3059720642838122
95000,1240000,0.062281264244320414,0.14880926002476336,0.08338075012137196,0.20334046893755894,0.12388425124011831,0.30729333515962054
95000,1250000,0.06437683097088537,0.15431948883771074,0.08582593239334939,0.21001584312023774,0.12686200042411147,0.31536518658749196
95000,1260000,0.06696655560145919,0.16105302959032858,0.08893629226308189,0.21838910738916997,0.12976288783378145,0.323953239106163
95000,1270000,0.07038838682140981,0.16985248725464322,0.09320805811513448,0.22974441225506234,0.13339067220767478,0.33517552366621944
95000,1280000,0.07482597445052012,0.18118213311609113,0.0995322408094992,0.24623389438906607,0.14206420080835808,0.35836708264301115
95000,1290000,0.07997222060080685,0.19411359306552128,0.10731198792123518,0.2660983672850949,0.15285470654848546,0.38704589065131784
95000,1300000,0.08619209203734506,0.20942648787467705,0.11751146964484713,0.29139720313246903,0.16798055654584645,0.42617000032783026
95000,1310000,0.09255176173146776,0.22507504820594795,0.12967398958434814,0.3203242770597973,0.19238689704246376,0.48199796495048763
100000,860000,0.10871840923574426,0.272735497377138,0.13738721006276244,0.35267231377591585,0.1794051346000882,0.4732172390583656
100000,870000,0.10160738481060048,0.2541532311663507,0.12743633480243718,0.3261165947954815,0.165188916350649,0.43424494533625024
100000,880000,0.09910211834162741,0.24707886244354407,0.12399980428550848,0.316228681669449,0.15993883701514996,0.41885854190561783
100000,890000,0.10696365931320366,0.26435542216063623,0.13969484192563716,0.35154884486622384,0.18907769608963182,0.48584404233582973
100000,900000,0.12610726795416424,0.3045005571520417,0.1831520604886696,0.44095663812742875,0.27392409571391885,0.6613003094854955
100000,910000,0.12161513143205045,0.29353295715890565,0.17220316114640846,0.4198202825215889,0.24876031772112106,0.6158735869263671
100000,920000,0.10768703174835136,0.26016731872833204,0.15680195821374177,0.37922762566039536,0.23806917312545303,0.5774622183811787
100000,930000,0.09251427084079904,0.22351783994358407,0.13430409356960818,0.32577581154605956,0.20594894385126175,0.5023450562834838
100000,940000,0.07837188116778741,0.18938575806409688,0.10792930723295314,0.2643176698297121,0.15787183633034532,0.39289085933481577
100000,950000,0.0685791731323846,0.16545234202750803,0.0892542164903096,0.21940772909370676,0.12199576055876844,0.30673186776630484
100000,960000,0.06441972892340829,0.1549700416334419,0.08343083012499908,0.20446565515047394,0.11366744567820473,0.2849228640474519
100000,970000,0.0630252190086555,0.15150489419191585,0.08597122488833257,0.20934693245668345,0.1343376200099365,0.32706154306696705
100000,980000,0.06061508240199595,0.14552379596320858,0.08342849125262634,0.20270585674771097,0.1347450979464529,0.3255181242694537
100000,990000,0.055813866271309305,0.13335158846435818,0.07238819565437234,0.17593352876957383,0.10078735816747618,0.24970906042537466
100000,1000000,0.050575694103403186,0.12003331492898198,0.06313599002133756,0.15265398643860956,0.08228762568050647,0.2035198507699931
100000,1010000,0.046698867842399884,0.11001831376001317,0.05734767597876519,0.13763160312247288,0.07302376184088095,0.17922491619637315
100000,1020000,0.0440205826807835,0.1030185766883583,0.053730435673639367,0.12806529808668432,0.06793203446486736,0.16551371724926292
100000,1030000,0.04242839355961526,0.09880829676134414,0.05171370154626544,0.12264787579712301,0.06532707793525008,0.15835193304923106
100000,1040000,0.04134145844167294,0.09592819492710514,0.05038682227426779,0.11906313941834672,0.06368850153162267,0.15380408662254327
100000,1050000,0.04078029297558896,0.09444631115250843,0.04970784946192882,0.1172307547997167,0.06285283324930675,0.15148379807514242
100000,1060000,0.0406747273151167,0.09418846608759768,0.04957411591823594,0.1168931425296571,0.06266755259389,0.1509979515602024
100000,1070000,0.04091352363412055,0.09488884674759308,0.04985558120659628,0.11773543820603594,0.0629874396873118,0.15198794570494337
100000,1080000,0.041695970232241204,0.09708145824646942,0.05086271764126638,0.1206031560898936,0.06433421534803459,0.15589167810030957
100000,1090000,0.04340466952431435,0.10172792887652801,0.053235916878143164,0.1271499932042081,0.06786358854959765,0.16575042022880543
100000,1100000,0.046685731003430604,0.11031084282205628,0.05823162839833641,0.14033628752772537,0.07615543996545532,0.1877369363223712
100000,1110000,0.052046598550248444,0.12365940052672546,0.06729452301206067,0.162740498972779,0.09295753681605948,0.22862999054702604
100000,1120000,0.05871299529417887,0.13977009632347004,0.07863902312154855,0.18974797009623814,0.11301461468278401,0.2755895519493629
100000,1130000,0.06307653128192987,0.1504490158256825,0.08509106912219683,0.20564397293057438,0.12217147519289649,0.29863826621319955
100000,1140000,0.0637636453499042,0.15213731067250116,0.08590736071277584,0.20776363940152517,0.12303335952731272,0.30110464823139255
100000,1150000,0.06116584407070375,0.1457232054377511,0.08189703427333325,0.19795010013982692,0.1170334296992557,0.28645924000418177
100000,1160000,0.05652135030584514,0.13453192915326892,0.07427520949773306,0.18000278529382174,0.10455944487161761,0.2580836155421503
100000,1170000,0.053579156050387926,0.1272221424657266,0.07032446500927388,0.17035435831281484,0.10248084939115729,0.2527757536486883
100000,1180000,0.053600937284247356,0.1268694321729394,0.07189690453119518,0.17347747297309968,0.1111511741041253,0.27176083663211953
100000,1190000,0.05539147191420362,0.1310635830270555,0.07563743073566942,0.18243816039192223,0.11932722311636677,0.2916780152918264
100000,1200000,0.05720837580462735,0.13558978450971856,0.07818713006769232,0.18900009155872013,0.12198195894714334,0.299237712176216
100000,1210000,0.058807314969406596,0.1397038045996058,0.0798294125821562,0.19347150179795372,0.12197169250054937,0.30051472753065656
100000,1220000,0.060456965242369584,0.1440429471209347,0.08167826640536797,0.1985577125528753,0.12438126996628421,0.3068458443334028
100000,1230000,0.06217073990945663,0.14855880988386627,0.08344479011284382,0.20345552151380278,0.1255634277877727,0.3106461496775484
100000,1240000,0.06399923227925707,0.15335254373828108,0.08526498352052023,0.2084966738778504,0.1257865357171082,0.312630533850414
100000,1250000,0.06655325795291879,0.1600285055021255,0.08841592035432173,0.2169961932604272,0.12969790993234026,0.3232520865712926
100000,1260000,0.06972207407867244,0.16821798231524743,0.09243454165918841,0.22770562365573044,0.1338519565483315,0.3352474809892743
100000,1270000,0.07385736445975664,0.1787881557135108,0.09786298226727332,0.24200157476103595,0.1392153039638617,0.35109765956418126
100000,1280000,0.07983693145148585,0.19391488574753896,0.10678146321549371,0.2649540361209046,0.1519840609442335,0.3847777398247116
100000,1290000,0.08716145771786166,0.21200382578478963,0.11862266468953551,0.29453091914600427,0.169717262318933,0.4305073042037418
100000,1300000,0.09408024679413801,0.22862246609356243,0.13158289727876019,0.3252380647678416,0.19218103700952452,0.48458964647486596
100000,1310000,0.09869410692451588,0.2398034616802023,0.14116094697894874,0.34713373999837355,0.21286287646608668,0.5290874831721856
105000,860000,0.1276830898152469,0.32157934082920814,0.163741481954733,0.4216932628361084,0.21700329434261395,0.5738544905116691
105000,870000,0.1161640525114555,0.29191450502160776,0.14765476622442866,0.3795461923528192,0.1941086143938246,0.5125225555312919
105000,880000,0.109722460009444,0.27499825972833714,0.13813457420928604,0.35421265800393,0.17942887418629702,0.4726349171882962
105000,890000,0.11480978379638156,0.28511276118128837,0.1489458882648034,0.3769361735877563,0.19971728690561066,0.5165881251901785
105000,900000,0.13288895396259243,0.3213279313808421,0.1909780003224964,0.46083878397757755,0.282010250429546,0.6834824624940181
105000,910000,0.12549724569294307,0.30345031387901483,0.17786715320811153,0.43294081246927346,0.25811683206131947,0.6359034356702886
105000,920000,0.10575665120495407,0.25719790073446736,0.1495365031903962,0.3655230351902572,0.22299221240358386,0.5467746963642037
105000,930000,0.08895411275977638,0.2165537701265682,0.1214182047290703,0.29933054262240066,0.17552908232178369,0.43833869847074686
105000,940000,0.07614114737310079,0.18504965995035655,0.09928503280749018,0.24563326042162692,0.13599847673578774,0.3435682203505956
105000,950000,0.0686035532338917,0.1662848734505076,0.08686732605909957,0.21465984857975415,0.11445482917674404,0.28953396728460806
105000,960000,0.06579370384054879,0.1590890734209123,0.08405172357243754,0.2069361862562905,0.11292286922659887,0.28400001917615647
105000,970000,0.06570316889259888,0.15891334271026297,0.08856405253913856,0.2168409961887662,0.13613924321944512,0.3327376400037347
105000,980000,0.06439299003200981,0.1557083304348549,0.08747607085224085,0.21397120693422791,0.1364689539601569,0.33257072612049166
105000,990000,0.05929454825298408,0.1427709664255001,0.07627976283307082,0.18678939248970167,0.10435945323946366,0.2604828629395978
105000,1000000,0.05319950734351345,0.12713071762206002,0.06618334362025213,0.1610888087488441,0.08571727895607835,0.2133346534975485
105000,1010000,0.04879841799288323,0.11562295619299141,0.05986131385803081,0.1444733880495907,0.07606849857797236,0.18771900156270271
105000,1020000,0.04578520374908787,0.10765755933740474,0.05590266032842749,0.13388288016200597,0.07068429701581866,0.17305385829989495
105000,1030000,0.04403919497161829,0.1029927189313317,0.0537472605013636,0.12803276293051843,0.06798869870739394,0.1655654742269141
105000,1040000,0.04293410300950293,0.10003626336630139,0.05241934017267642,0.12441160852976771,0.06637929546381995,0.16105729168002084
105000,1050000,0.0423659675291518,0.09852807480930519,0.05173918798387177,0.1225674930199797,0.0655480919071419,0.15874082781758408
105000,1060000,0.04229540555304099,0.09836780449868258,0.05164835042276788,0.12235222238550726,0.06541199652008685,0.15840021083323683
105000,1070000,0.04262130987785914,0.09931936759264376,0.052040124476218357,0.12351620607102702,0.0658764814170734,0.15981529823422608
105000,1080000,0.043633398481725,0.10213953984502694,0.05337841539438012,0.1272981005830062,0.06773838828290243,0.16514784038580174
105000,1090000,0.04587627743530012,0.10815759139258797,0.05660386432338916,0.13605384014557773,0.0727497612919838,0.17886514103831555
105000,1100000,0.05008600647613118,0.11892428514656843,0.06330237930561332,0.1532224371320744,0.08444407182574348,0.20871675694095254
105000,1110000,0.05592815389468114,0.13325376542286868,0.07328816484243521,0.17737321844830423,0.10293398400987501,0.25247927557794225
105000,1120000,0.06138775523119777,0.14653081477090105,0.08202580805328448,0.19844674902373374,0.11708494836319687,0.2864822299381804
105000,1130000,0.06373230154035896,0.1524195683812723,0.08519763673378018,0.20655438847357868,0.12114607806682759,0.29725650675566057
105000,1140000,0.062979866915631,0.15049994097035008,0.08397775099756992,0.20348241334288714,0.11933385482824475,0.2926500728693419
105000,1150000,0.05922758600893071,0.1413720203118706,0.07785956819828277,0.18880184970076816,0.10935913479620474,0.26901486827191984
105000,1160000,0.05507158478778874,0.13128155026327665,0.07088019689697343,0.17224911073134064,0.09740065240537038,0.24165497614280526
105000,1170000,0.053344190372124796,0.12673388828388063,0.06911431087609077,0.16747343704893414,0.09899362366284181,0.2443830367970799
105000,1180000,0.05407385107996579,0.12812672469954126,0.07163337639586943,0.17300602320196706,0.107952369631864,0.26472019498152377
105000,1190000,0.056333629082293724,0.13355360076726056,0.07613866642731694,0.18396225770289773,0.11737266916169446,0.2879390061501845
105000,1200000,0.058095368703184866,0.1379762337678916,0.0785222363454792,0.19015549442139543,0.11981509873322908,0.29495254699994744
105000,1210000,0.05950891698894169,0.14168253754280058,0.07946936937864173,0.1930540617705789,0.11800707601589754,0.2919855754139011
105000,1220000,0.061699901342612974,0.14736370680594263,0.08249402575753373,0.20100430994148685,0.12281201942609707,0.3042770887587827
105000,1230000,0.06362167559150554,0.1524070637989319,0.0845881002164091,0.20675869004234895,0.12443317379132178,0.3093170443579257
105000,1240000,0.06543497988799916,0.1572088163632194,0.0860708459263765,0.21111557405793538,0.12353599257818021,0.30881200612985804
105000,1250000,0.0689366934525882,0.1662461736110324,0.09094707663786161,0.2239271448926736,0.13047612081085802,0.3271792300715277
105000,1260000,0.07296368244143424,0.17659965043320208,0.09626544714511238,0.23800036713444464,0.13655067518364983,0.3443188295953848
105000,1270000,0.07786660708850486,0.18908665422728174,0.10281378621571607,0.25522534496017096,0.14367057167997216,0.3648472543221965
105000,1280000,0.08553051535495042,0.20817509690024955,0.1150444735819189,0.2860993196484471,0.16250467297444515,0.41345668669461916
105000,1290000,0.09446242762623056,0.22989481678062607,0.13046247454722054,0.32364725165952724,0.18767835944430852,0.4758945372538502
105000,1300000,0.10140866199860084,0.24637614390772367,0.1446000990066067,0.35598992306976857,0.2154092105472175,0.5379580409188823
105000,1310000,0.10534424830097061,0.2560109465387919,0.15039872615247799,0.3701829241358452,0.22361308538205474,0.5582166305801217
110000,860000,0.15328547653233549,0.38544430706148425,0.2005944175549518,0.5140994568051194,0.2715733995061349,0.711805911834027
110000,870000,0.13727468373223425,0.34529066305500317,0.17801189245626145,0.45721766314100276,0.2387890415728424,0.628893735836823
110000,880000,0.12417377108659503,0.3124053944178025,0.15815052737507662,0.40687224608469547,0.20821671991538332,0.5499255601184424
110000,890000,0.12371779388963038,0.3084465002854671,0.15999075046956343,0.40677300960071416,0.21341778137882078,0.555102012942374
110000,900000,0.13875252177242978,0.33670074915467674,0.19722569375820959,0.47755811237705154,0.2889748177414549,0.7018082974502768
110000,910000,0.12486922148922376,0.30391146013172626,0.1742186121679172,0.42707316149067426,0.251000468165557,0.6216173407094469
110000,920000,0.10206729182940283,0.2502559761362294,0.13767627908340552,0.3418767854447407,0.19563448228765806,0.49120680399235844
110000,930000,0.08608425164562498,0.21095785101129133,0.11182815626898175,0.2788895556466785,0.15218144319853877,0.38703731831751553
110000,940000,0.07546641814251927,0.184457456832231,0.09512308596275901,0.2369991316478937,0.12465921322443273,0.31773480098879175
110000,950000,0.06951528316466556,0.1694113064555409,0.08643976017792433,0.21473404126565654,0.11128929631008977,0.28295586029875386
110000,960000,0.06794171030138038,0.1652606533018559,0.08590353085361822,0.2126305293939141,0.11413646807106513,0.2882705078423811
110000,970000,0.06971136556460159,0.1697828500925202,0.0930807073674254,0.22932581709275981,0.14046301208932915,0.34517080615039086
110000,980000,0.07034656345976796,0.17136550222264585,0.09464620312859207,0.23310373001596424,0.14215685273162929,0.35022329279026543
110000,990000,0.06436460652021218,0.15629803347200505,0.08237109466925938,0.20339778837406905,0.11108834780854152,0.27965762044552245
110000,1000000,0.05660309730816518,0.1363230664423449,0.07025348194264712,0.1723041992608947,0.09055742613097595,0.2270376590845626
110000,1010000,0.051270407808282,0.12222812636798669,0.06286339854746847,0.15264439484210096,0.07978457411946194,0.19807203279417773
110000,1020000,0.04777238491456998,0.1128855678183738,0.05836941256601028,0.14049375813458473,0.07384203878317384,0.1817123283518086
110000,1030000,0.04589125342251421,0.10780556034049807,0.05609441902181682,0.1342523044826964,0.07107141894235962,0.1739310644032113
110000,1040000,0.04473441764709537,0.10468645192001502,0.05472567666086566,0.13049174582951067,0.06944039639993001,0.16932988942181434
110000,1050000,0.04413648851479037,0.10309395800726107,0.054012791125127343,0.12855414238808616,0.06856819088404587,0.16689640350239338
110000,1060000,0.044079998853385045,0.10297823998319347,0.05393529528805057,0.12838398191274372,0.06843800852449759,0.16658336765945136
110000,1070000,0.044552293039276464,0.10433680946818036,0.05451262127357258,0.1300705336308058,0.0691481126495171,0.16869656172572062
110000,1080000,0.04589013358067825,0.10802712639130847,0.056332077611675,0.1351505241702214,0.071780893300008,0.17611760747663377
110000,1090000,0.04889462282959395,0.11593301099593126,0.06084242372728312,0.14710571619684287,0.07915819469722345,0.1957233519212281
110000,1100000,0.054098750834483414,0.1289281398910134,0.06949873365718895,0.16854505872277337,0.09502642059987686,0.23437449053162665
110000,1110000,0.060470896439507066,0.14436577660591468,0.08023722705320731,0.19413121833947217,0.11412792546406067,0.2789966226519106
110000,1120000,0.0645478306555835,0.15439175773853459,0.0862899970552417,0.2090500075523723,0.1229082695400366,0.3009908698111323
110000,1130000,0.06521109898897623,0.15608854644230796,0.08703588930304172,0.2110380899169328,0.12369148901945312,0.30323076479001476
110000,1140000,0.06272456070433882,0.14996855250603042,0.08313078679541516,0.20143562850422853,0.11786909885831924,0.28868261276867185
110000,1150000,0.05808107370940402,0.13883838173530963,0.07511917721486296,0.18263528568638748,0.10357620914683546,0.2559833067300127
110000,1160000,0.05455531789705952,0.13014803743474515,0.06942435007873554,0.1688577220079435,0.09444515938889765,0.23458075285942145
110000,1170000,0.0538020201635621,0.12791726900765515,0.06943193285201937,0.1683051738897395,0.09990596711684543,0.24622924956757117
110000,1180000,0.05514806493514787,0.13092939562837597,0.0729630411319197,0.17648257557028882,0.11104888217559558,0.2717625825767135
110000,1190000,0.05739318424956858,0.13641182487963258,0.07712745539603334,0.1867580591873626,0.1193560365668554,0.29235086493504847
110000,1200000,0.05943160754401214,0.14156480146993844,0.0799562110149658,0.19409919660365216,0.12243543020908032,0.3010765417182314
110000,1210000,0.061200787875636604,0.14613837208432534,0.08185182940153797,0.19924821594352973,0.1227678202825619,0.3033555946269985
110000,1220000,0.06340345224816096,0.15189935399904997,0.08452145893580013,0.20648092330533807,0.1261119581578956,0.3123820013447684
110000,1230000,0.06571428991130684,0.157943757855118,0.08716394740786458,0.2136748565967797,0.12832694578882076,0.3191503678197714
110000,1240000,0.06848341006360552,0.16513032659586552,0.09035052595181275,0.22229472116449311,0.13026837019091592,0.3259741984679026
110000,1250000,0.07239434219009254,0.1752373621820261,0.09558537396664067,0.236167769560867,0.1370370917839729,0.34435921421086224
110000,1260000,0.0775845104527554,0.18848260092797797,0.10277941725824807,0.25497407271581907,0.14589499661978672,0.3688095502269289
110000,1270000,0.08448655624240094,0.20578211239295305,0.11289594462334644,0.28092941956965234,0.15888099764334948,0.4042229928357387
110000,1280000,0.09433446386759399,0.22993578537341622,0.12912048548204996,0.3210826262267938,0.18443369297820986,0.46867311469000694
110000,1290000,0.10694800731169364,0.259530919277619,0.15280100097126598,0.3760773655570553,0.2255047661464564,0.5647376781530791
110000,1300000,0.11492817243052668,0.27766362696857855,0.16976669038139758,0.41255070189055415,0.2579854037782865,0.6334542105595311
110000,1310000,0.11168643722001628,0.2710036578684845,0.16097240081039654,0.3947413654730379,0.239714601655535,0.5963439863090088
115000,860000,0.18829953536713112,0.46863307138665117,0.25207101622277095,0.6349765172836217,0.3494721669771132,0.8927354314387603
115000,870000,0.16697785229236317,0.4171098595628827,0.22230776875238561,0.5638942882754544,0.3062326867843076,0.7914643675871463
115000,880000,0.14469514725937463,0.36331475731324236,0.18897836329706008,0.483476827044578,0.25603565546223106,0.6696630860378331
115000,890000,0.13573662352443508,0.33964679346783594,0.175321545341011,0.44766762590052467,0.23315290991556606,0.6097533283989944
115000,900000,0.14322636180187154,0.3492368285210426,0.20108576892584965,0.48957809008145187,0.29237208244739604,0.7128009951086647
115000,910000,0.1226639188048567,0.30125701884527073,0.16613432325860242,0.41277655912502387,0.23329409981696758,0.5874573089797007
115000,920000,0.0996085925717356,0.24605645787282013,0.12893943539772537,0.32426871499430215,0.17381530768608025,0.4457580303730948
115000,930000,0.08520765361064075,0.21011145091284214,0.10721445440326437,0.26956710798784395,0.13987570523420415,0.35979376654762846
115000,940000,0.07660300370592318,0.18839316839072578,0.09475402337156222,0.2375794398018449,0.12114315366076862,0.3108609802518059
115000,950000,0.07204385505587105,0.17672502615247684,0.08871060264845451,0.22174368731388144,0.11286756342839033,0.2886178702337048
115000,960000,0.07139455499031996,0.17485933976930346,0.08962142442024444,0.22325446595242013,0.11798077260414551,0.2996775869541396
115000,970000,0.07558946044502539,0.18536110600478822,0.1002435848058401,0.24845001749857978,0.1479568606608073,0.366146707794007
115000,980000,0.08027691416898981,0.19639333276324286,0.10770060066279848,0.2660902475264258,0.15670048919459784,0.38901000954828974
115000,990000,0.07227719560849474,0.17691517459146688,0.09242011774800611,0.2299656662123879,0.12362483505417146,0.3136053432192318
115000,1000000,0.06102027795629433,0.14819506685773212,0.0756710864635643,0.18712096258820465,0.09729175255471562,0.24586308310366894
115000,1010000,0.05412173758640459,0.12986360313235812,0.06635196196513021,0.16215370978864577,0.08415090327010273,0.21024519086881738
115000,1020000,0.05013511033481568,0.11911239535870825,0.0613116516557802,0.14839222642548935,0.07762209129279284,0.1920965120049259
115000,1030000,0.04805480484555019,0.11343294767225542,0.05884470807838418,0.14154947247939667,0.07469125297076552,0.18377287993508762
115000,1040000,0.046786105552747946,0.10999203606721024,0.05735806215531728,0.13744267352914197,0.07293505094737772,0.1787961799666396
115000,1050000,0.04619791924947197,0.10841519608739061,0.05666007627273968,0.13553534983145815,0.07207827367080549,0.17639640470663803
115000,1060000,0.046102154068962405,0.1082134061046432,0.05653011359937891,0.13524492179445738,0.07187205503168645,0.17589850380177158
115000,1070000,0.04671119403097631,0.10996067885552548,0.05728886979992215,0.1374501726222168,0.0728377726776772,0.17874089336846666
115000,1080000,0.04855871056841126,0.11497394536425817,0.05986501452787275,0.1445120528545075,0.07669614747397922,0.18938334860228462
115000,1090000,0.0524344404061366,0.12492618478852179,0.06595514332126375,0.16016186804646892,0.08721266446303244,0.2162544156935431
115000,1100000,0.05812701618924316,0.13892542384681045,0.07554370333390278,0.18339911231843548,0.10486259292273876,0.25805042352659663
115000,1110000,0.06330611626415936,0.15157337530837142,0.08377547779807348,0.20328751606837425,0.11833672409785155,0.2903452424743053
115000,1120000,0.06542212325226457,0.15693282534064953,0.0866514837343777,0.21065236729531753,0.1221231632690409,0.30032519001272384
115000,1130000,0.06461759978157953,0.15491954286174836,0.08535811825543568,0.20740214010456473,0.12025924838980186,0.29548901936024297
115000,1140000,0.06083106696835193,0.14570531147720564,0.07911566370031714,0.19236219124685514,0.10998133622894567,0.27080451418289186
115000,1150000,0.05628625995320986,0.13469646530504917,0.07111186525748024,0.17337128893796477,0.09488036206900446,0.23602492449334225
115000,1160000,0.05423478905088429,0.129407173003935,0.06819459250410569,0.1658977391314457,0.09139873666128524,0.22712383081225804
115000,1170000,0.05444313365360001,0.12957343361865298,0.06971729653697671,0.16916142991752153,0.09928762923718473,0.2448966987880585
115000,1180000,0.05603182584284523,0.13329363367424168,0.07325995579497373,0.1775678398012087,0.10898808811930934,0.2674912098738207
115000,1190000,0.05834791729760734,0.13902146118269737,0.0774462970979345,0.18798786343901014,0.11747666090138006,0.2884913549364506
115000,1200000,0.06061399449807061,0.1447733482388941,0.08068882051818398,0.19637127618897302,0.1215204681201977,0.2995647595878207
115000,1210000,0.06261884807969935,0.1499621255943468,0.08295092198857132,0.20247071303968403,0.12249417834601067,0.3034995527438585
115000,1220000,0.06511640614151991,0.15646836118119967,0.08610310898370427,0.21093665905996742,0.12646646899590006,0.31431252620834904
115000,1230000,0.06793337802038447,0.16379938092593846,0.089518403900925,0.22013620190768596,0.12972386297513455,0.3239628168566804
115000,1240000,0.07140940397634654,0.17277594704039792,0.09379884516595098,0.2315771189411213,0.13332923694469453,0.33521954446297214
115000,1250000,0.076131161477119,0.1848995887057641,0.1003435686993126,0.2487765133215174,0.14206525290909658,0.3588274565719155
115000,1260000,0.08301494595147162,0.20229175683986153,0.11033122156104225,0.27457605245938504,0.1553124599861933,0.3946341743405006
115000,1270000,0.09199481232530675,0.2245109629631233,0.12420137551148201,0.3095131147606141,0.17492090913142172,0.4462395634404635
115000,1280000,0.10438168207782296,0.25419171505541693,0.14580698118120056,0.3613000612685516,0.21086113719591282,0.5331992325145385
115000,1290000,0.11716380576019172,0.28323848661208384,0.17054713461222826,0.416584160668952,0.25419675707375655,0.630366126713191
115000,1300000,0.1219213769250877,0.2938353519265648,0.1805251567319219,0.4373347067369722,0.27240354518690685,0.6683483120522874
115000,1310000,0.11382401586589044,0.2765906475080201,0.162330977887046,0.39940465528037544,0.23857043625291766,0.5971122383374956
120000,860000,0.220878857244606,0.5450102164390311,0.2951957827454433,0.7372323193248671,0.40595754882960944,1.0303820820831997
120000,870000,0.2026605969499964,0.4997379036572186,0.273659891455193,0.6821950415328726,0.38063325276226695,0.9632113977318311
120000,880000,0.17340336007027565,0.43151500831843487,0.23314021604062596,0.586594554535822,0.3257449605025974,0.8303428655570307
120000,890000,0.14843461037624772,0.37180639453122555,0.19247354819034504,0.4919097337583747,0.25684985864729815,0.6724025382359714
120000,900000,0.14786546966393535,0.36234858699066635,0.20471605717401228,0.5020671676756653,0.2942442727110814,0.7228303057288662
120000,910000,0.12175105620777205,0.3014331736026531,0.160404472055476,0.40352965082545844,0.21845628190140517,0.5600622388727756
120000,920000,0.09948436074271913,0.24732229426023117,0.1255315199844564,0.31846240380564467,0.16357890096461314,0.42493310769061204
120000,930000,0.08763787718023135,0.21752777335418344,0.10857378597147226,0.27489523008419786,0.1388312014066478,0.3599021322135808
120000,940000,0.08054274207031498,0.19951549253502088,0.0989010599947941,0.24971416639998265,0.1253353406572425,0.3237913007168276
120000,950000,0.0769837335817689,0.19026004168094351,0.09458839824097291,0.2381158260292064,0.12011421623787849,0.3091474801705567
120000,960000,0.0764459772283222,0.18859752385145293,0.0955600728573777,0.23970786038051783,0.12486361694114327,0.3193158746687266
120000,970000,0.08330474516440846,0.20540774436365383,0.10978441992804748,0.2733876536575102,0.1581065068203971,0.3941858513808652
120000,980000,0.0962868052740178,0.23428034508718282,0.12984238764051295,0.31814032499207295,0.18539411587850962,0.4576099701422763
120000,990000,0.08385407544401281,0.2061204151005346,0.10764955025584698,0.26870701119735585,0.14395411225655033,0.3659431849996284
120000,1000000,0.06659032279381234,0.16306025408007638,0.08260689262373366,0.20591807548918356,0.1061442667315364,0.27029800109501945
120000,1010000,0.057654061876986996,0.139304398243808,0.07069948104345261,0.17397754553385902,0.08964301968056423,0.2255133402266329
120000,1020000,0.05292735483072848,0.12646763748459783,0.06480477651207758,0.15776792821930707,0.08213273914632697,0.20449158587084168
120000,1030000,0.05049964904914583,0.11979579759562999,0.06197004858381855,0.1498512727518415,0.07882568529513566,0.19503670600070291
120000,1040000,0.049105667634451504,0.11599970137036947,0.06034894508443725,0.14535766210333215,0.07691976469446106,0.18962328208283338
120000,1050000,0.048448016066442307,0.11423556274245908,0.05956503101460469,0.1432167996231018,0.07594656191134168,0.1869031004921963
120000,1060000,0.04850039092249686,0.11443194465138415,0.05960140053015443,0.14338195247484167,0.07592273799309883,0.1869142044578299
120000,1070000,0.04925690738668051,0.11659255065418578,0.06055603137566673,0.14613764653293318,0.07716981815880401,0.19054030574762093
120000,1080000,0.05158619613637776,0.12281349527881191,0.06391936391650811,0.15517613874488828,0.082438877123167,0.2047112519146497
120000,1090000,0.05648554581492584,0.13508322337440193,0.07196188304919962,0.17514504039389137,0.09706543434984748,0.24039065162072332
120000,1100000,0.06277816341905779,0.15037363613358268,0.08244528785239315,0.20018647408410978,0.11577375502205942,0.28408362105827867
120000,1110000,0.06670592469305482,0.16010373371979608,0.08824062462708653,0.2145214538468444,0.12429295111524201,0.3053740618776424
120000,1120000,0.06741677145731415,0.16194332159236557,0.08909224383080595,0.21676069778568882,0.12531296884078835,0.3081375479483024
120000,1130000,0.06494805332127361,0.1558261892017851,0.08532186866612626,0.20738116030860687,0.11985250770662406,0.29422453485663774
120000,1140000,0.0600107666239652,0.14400275308201033,0.07674727356706644,0.18721767265327666,0.10433302596583223,0.25844413270782385
120000,1150000,0.05574648340273643,0.1335092365280051,0.0694187732031586,0.16946716573674264,0.09061807475622154,0.22609838877694688
120000,1160000,0.054666674486848706,0.13051848718783574,0.068189632342368,0.16596592795881077,0.09032801122889463,0.22458095094484792
120000,1170000,0.05544802696233265,0.13217203853584614,0.07043364252180673,0.17116327878013307,0.09843762307828736,0.24342317745239547
120000,1180000,0.05745491346458881,0.13705926684136321,0.07455503718572735,0.18122665129817955,0.10950200162775908,0.2693773598691901
120000,1190000,0.05949661303351421,0.14216454056508132,0.07785511796370323,0.18954970936309004,0.11499274902771606,0.283519491777975
120000,1200000,0.061932603081522486,0.14837725125831747,0.08143495309718483,0.19878564218188607,0.12013055680251927,0.2971088422582313
120000,1210000,0.0646359133414085,0.15535371111309093,0.08517809642980949,0.20857837562637138,0.12534245689522272,0.310830259113672
120000,1220000,0.067167695191177,0.16191289373610526,0.08818760024259119,0.21670381282259282,0.12748467351886408,0.3180707911085925
120000,1230000,0.07064785905627007,0.17092685290772747,0.09261437764534128,0.22851663176683576,0.13217918754695382,0.33162590299345446
120000,1240000,0.07544607175218315,0.18323151223647446,0.09931435877998455,0.2460313213908065,0.1409402098769665,0.35533556188614146
120000,1250000,0.08137853040927898,0.19833730323567425,0.10743163690315857,0.2673173342021321,0.15053907632726826,0.38239744803052295
120000,1260000,0.08970473635525598,0.2191034958862726,0.12010985730514641,0.2995341235903791,0.16857903919199616,0.42998748384729313
120000,1270000,0.10192182084484604,0.24869881464724497,0.14044779397248613,0.34916558668583986,0.20051263286359403,0.5097671385919346
120000,1280000,0.117821526935972,0.2856956776693678,0.1692797752830612,0.41538377852155434,0.250095248092515,0.6230320954224459
120000,1290000,0.12929284997179716,0.31098047188063205,0.19038791370075522,0.4612109608291954,0.28436409589803263,0.6986958139090969
120000,1300000,0.12850168404125448,0.30967253175752857,0.18808625981186364,0.4569138397429172,0.2801128109890083,0.6900491307074131
120000,1310000,0.1148731881625002,0.2796907852413565,0.16247829177596446,0.40086983395286835,0.23740647107334573,0.5956301988401236
125000,860000,0.2367168674160659,0.5846644364938338,0.3134711750776245,0.7848555601543746,0.4271282686679082,1.0878472623536377
125000,870000,0.22657965133817026,0.5564024127167196,0.30382965194473294,0.7552579226827988,0.41857419709425725,1.0579292818305528
125000,880000,0.19542861706343964,0.48216250728469523,0.2649584283826003,0.6594895539645531,0.37112468446890984,0.9355850126570929
125000,890000,0.1625644201793303,0.4066911299387405,0.21228473732672354,0.541298746527312,0.28538742974179565,0.7444996618183287
125000,900000,0.15501297088499374,0.3811062439276136,0.21235194750108197,0.5237888433822153,0.30155960697689194,0.7466755776129341
125000,910000,0.12325313694663535,0.3068856160235472,0.160050292733763,0.4058005840352145,0.2145547556240703,0.5557081598382162
125000,920000,0.10309882598187088,0.2576257358539918,0.12883095440747025,0.32873043911318484,0.1658584251282586,0.4338446982617134
125000,930000,0.09446749208087182,0.23573654660540364,0.11699461823779121,0.297637646738142,0.14972640133415807,0.3896403827656431
125000,940000,0.08817669406339051,0.21993663624425777,0.10857593927701772,0.2758802135608395,0.13819174448475055,0.358956425494797
125000,950000,0.08575715545990528,0.2133045136714817,0.1060389389111985,0.2684268532583456,0.13587338048325207,0.35113049848778327
125000,960000,0.08380197184430024,0.20822155493210343,0.104587733075065,0.26416587324917057,0.13595325805531003,0.35010122443993014
125000,970000,0.09174156306430557,0.22725672692815413,0.11992802548739358,0.29994361279582227,0.16887023518743494,0.42394326644687813
125000,980000,0.11690126575265387,0.2806216501666725,0.15809564158195102,0.3809481123055718,0.22352400107506534,0.5422554417336134
125000,990000,0.0993933033808943,0.24395421659540642,0.12837651869441405,0.31933437864652453,0.17238141623809947,0.43574367937857267
125000,1000000,0.07358697242184761,0.1815693194316083,0.0913800811516781,0.22945610107169648,0.11747966081757043,0.30121662479090844
125000,1010000,0.061676790930668524,0.15003081691749307,0.07568079550365867,0.18749413540082063,0.09598769661100763,0.24311364163288654
125000,1020000,0.05591632710080417,0.13433457037694205,0.06858222524917645,0.16790294666189234,0.08706592951733365,0.21805313360651854
125000,1030000,0.05328092547345777,0.12703797218969243,0.0655496766000767,0.15937119472357855,0.08358938813716253,0.20804271493828538
125000,1040000,0.051857906142757856,0.12313114980225907,0.06390909448056512,0.15479120814842964,0.08166997359323196,0.20255972534405334
125000,1050000,0.05114939499287579,0.12123181500741416,0.06304875500683566,0.15244546638430367,0.08057283472081686,0.19950029343022702
125000,1060000,0.051190898336455494,0.12142382731104415,0.06305289199559244,0.15255082819271645,0.08047878579288836,0.19934472447530746
125000,1070000,0.05210514340617644,0.12401129866901313,0.06420875632858386,0.15585278691325843,0.0820031731225653,0.20371574180844318
125000,1080000,0.05509844757202298,0.13186860889852867,0.06865985076983305,0.16755986481946447,0.08923075197202773,0.22263734400231316
125000,1090000,0.06051848335271458,0.1452134823081522,0.07771186638084275,0.18953010023369657,0.1059457195269228,0.2622401006673723
125000,1100000,0.06599706099595513,0.15861807811444195,0.08638777189231914,0.21048925419504394,0.1204056964324577,0.29669227297704737
125000,1110000,0.06809719433161211,0.16399622271734762,0.08923571459855836,0.21782271356388894,0.12421088208968616,0.3067063629469019
125000,1120000,0.06736102782368639,0.1621466002779881,0.08810789122856605,0.21494972755876754,0.12265481839329835,0.30258211565234394
125000,1130000,0.0638207815035951,0.15345249395366956,0.0824773086630676,0.20118692120099577,0.11373425885996657,0.28068778015610574
125000,1140000,0.058750042562160605,0.1412156572912843,0.07358736238679392,0.1801348873112037,0.09687615402149678,0.24182143036681397
125000,1150000,0.05591305905062579,0.13400948824752226,0.06890790896680608,0.16835972713466335,0.08849410803454669,0.22110647573683645
125000,1160000,0.05558851769730624,0.13286897497835445,0.06886156092555121,0.16779458932570893,0.08995005113063284,0.22402144767442
125000,1170000,0.056744081703737514,0.13557218455246947,0.07135429307349599,0.17382356764656554,0.09702100155420479,0.24101078903436718
125000,1180000,0.058766563744868286,0.140586057068876,0.07507034267166608,0.18307754007874943,0.1056753832780615,0.26197535278011647
125000,1190000,0.06086310273340428,0.14591643924829015,0.07843760074618197,0.19170686495422448,0.11239979381876994,0.2787245724277272
125000,1200000,0.06340903225522102,0.15244360888312342,0.08226750822958183,0.2015854375998933,0.11882170542328743,0.2950605751639904
125000,1210000,0.0664310816443683,0.16020321755882702,0.08646929561353357,0.21251122793242544,0.12393593102304412,0.30915109846336314
125000,1220000,0.06968488111837845,0.16862484274714037,0.09089893541333505,0.22422287023862342,0.1299749102369139,0.32541337736792286
125000,1230000,0.0739334942531076,0.1795455538469785,0.09667871426713132,0.23942492876641433,0.13694662643431313,0.3448495369991116
125000,1240000,0.07973565697325673,0.19431569178012506,0.10468451932394797,0.26033897993315674,0.14627285599937365,0.37121943332714563
125000,1250000,0.08756046082724725,0.2139899494382762,0.11654828626114144,0.29065538949427444,0.16370602429195655,0.4168603093198554
125000,1260000,0.09816398502299027,0.23998817734305689,0.13349572388571992,0.33273853898292083,0.18915714683396326,0.4819830827719027
125000,1270000,0.11320875643878991,0.27559063197694256,0.15983466342699582,0.3947099412110705,0.23308209453298073,0.5857369241298599
125000,1280000,0.12648509062435936,0.3056158450438957,0.1836387609496364,0.4478142616915803,0.2722089848047464,0.6735043532628665
125000,1290000,0.13151252632405602,0.31722997976888895,0.19089165690125426,0.46482021897452863,0.28168555939002166,0.6967930646881729
125000,1300000,0.12565328810176526,0.3048066276383617,0.17919332104419752,0.4401904342202361,0.2613308381734719,0.6534748754105129
125000,1310000,0.11343106032810067,0.27719999553540703,0.1580222751242325,0.3918806549325707,0.2285926053736928,0.5765042871564376
130000,860000,0.24332762916305123,0.6030578894786586,0.3199041065711751,0.804436975040291,0.43307766515289675,1.1081009608542556
130000,870000,0.2361913374385596,0.5822430519125628,0.3132782583130899,0.7834283665772662,0.42711876025373374,1.0873380362127727
130000,880000,0.21173497725664747,0.5219335818582939,0.284068398663052,0.7090237471628837,0.3919932432045616,0.995127200071245
130000,890000,0.1784557175643063,0.44480486483790205,0.2353863706298116,0.5965253580600786,0.3202210191222787,0.8273470169469803
130000,900000,0.16368271612285104,0.40288865640718907,0.22278787928607352,0.5516047001161972,0.31312310865733733,0.7810578729259534
130000,910000,0.1280488614728136,0.32012076950179197,0.1653145760235175,0.4214583644055094,0.22005019558729674,0.5741250258471821
130000,920000,0.11110379033248828,0.2782289649748317,0.13927956263236235,0.3559475020972974,0.18022569835691682,0.471690549345111
130000,930000,0.10728640474997174,0.2675640431911212,0.1347048949289762,0.34161873382686575,0.17566540404316675,0.4538406339095103
130000,940000,0.10079194488265393,0.25228672556099657,0.12536978832983547,0.31925770374654516,0.16155202249303785,0.4197859102997894
130000,950000,0.10028393194907377,0.24946647447909462,0.1260384535264512,0.31815601637106966,0.1650136851601728,0.42322668375282224
130000,960000,0.0948259276364522,0.2367783959867934,0.11864208557342602,0.3010027602072526,0.15422810993886527,0.39878332060470223
130000,970000,0.09970604566417537,0.2484610101574186,0.12876257108543943,0.3241487257627734,0.1774799326388787,0.4493672528659216
130000,980000,0.13117697997486374,0.3146878505215561,0.1750543094069793,0.42188062102671825,0.24322015089900564,0.5909822658033068
130000,990000,0.11573742490784902,0.28306872432877844,0.1497075510992977,0.37034710394887443,0.2011543506099342,0.5045857663938224
130000,1000000,0.0812309952612649,0.20166279458610872,0.10093901052704472,0.2549200044986397,0.12981326865101964,0.3345935315187017
130000,1010000,0.06644426761622721,0.16272727871060189,0.081616514628639,0.20358244547537255,0.10359774339021452,0.2642048491327661
130000,1020000,0.05950275178993563,0.14375898645940632,0.07313852622895237,0.18011875345233913,0.0930484025657895,0.23450307384676672
130000,1030000,0.0566271279316446,0.1357518677513715,0.06987763189479841,0.17089277899782557,0.08936846205104901,0.22385268196068783
130000,1040000,0.054981106532817944,0.1312388616058557,0.06796773873138347,0.16557299789064944,0.08710199573010953,0.21740297576346068
130000,1050000,0.05435100848201871,0.12954524207886284,0.06718559710142208,0.163440133887265,0.08606801080187303,0.21452310126954616
130000,1060000,0.054383154005233136,0.12973505199424387,0.06714561066575443,0.16344929885382814,0.08587274461597796,0.21410565338413173
130000,1070000,0.055409641075350353,0.13263587826027598,0.0684669395079846,0.1671994154791003,0.08767235321299678,0.21918972447983018
130000,1080000,0.05915889653454049,0.14229420677322427,0.07415062392327132,0.18180271759893743,0.09713434449467383,0.24324240759299282
130000,1090000,0.06532377026246912,0.15723195997464648,0.08447385923423009,0.20635813186905855,0.11613239081824053,0.2871787577268769
130000,1100000,0.06973286726059544,0.16809096225956427,0.09116403387882814,0.22268635166676123,0.12660746806122902,0.3126271352462976
130000,1110000,0.07060929037012209,0.17039080604968734,0.09225187667161387,0.22555329792150683,0.12796376429623696,0.3162729157813207
130000,1120000,0.06836342073226283,0.16477991072785939,0.08893731390641658,0.21721657932353808,0.12326528527512855,0.3041662921483306
130000,1130000,0.06362088944415165,0.15334007707015143,0.08103047695645749,0.1984097117119436,0.10951097107227536,0.27196288251464085
130000,1140000,0.05890185541269744,0.14180401008642637,0.07289214632401353,0.17883371193197783,0.09410251731393487,0.23585306748943607
130000,1150000,0.056975553805559444,0.13674664524187036,0.06982813510493321,0.17085140313823707,0.08884201096515877,0.22235103430983835
130000,1160000,0.057073360152484306,0.1367117675156725,0.07023823471312814,0.17153657641866976,0.09034780684589126,0.22566760772422018
130000,1170000,0.058360119277006094,0.1398296517037109,0.07258987477778682,0.17734705328090064,0.09563756126393884,0.2387479746155226
130000,1180000,0.06042167445685916,0.14504135317903305,0.07602613938778621,0.1861146674475949,0.10278420681754213,0.2567128059701754
130000,1190000,0.06258460875333684,0.15058985080725465,0.07938253223331869,0.194801688201866,0.1092329463893385,0.2730319674913536
130000,1200000,0.0651941262069152,0.15732602361336265,0.08322743151088777,0.20482059828872742,0.11582657272753394,0.2899171816372155
130000,1210000,0.06852722229117808,0.16589729856095783,0.08816500319163811,0.21760254989906677,0.12367036894877792,0.3101466769141853
130000,1220000,0.07256674304307646,0.17629389183948643,0.09400070128275374,0.23284051143989257,0.1323920972686259,0.3331218441678689
130000,1230000,0.07808563155834274,0.19037353992869538,0.10203522507317811,0.25365582553444455,0.1435088619510036,0.36289621348691947
130000,1240000,0.08553896864980023,0.20917039580989555,0.1128261961834867,0.2814831907562311,0.1573435655981147,0.40083851230495493
130000,1250000,0.09574222310875564,0.23434254140711477,0.12933273025092884,0.32259496969065443,0.18317008223884215,0.4663931216569745
130000,1260000,0.10924738336392034,0.2666286931775722,0.1523999304769172,0.37772402636502245,0.22050352352972982,0.556728982301159
130000,1270000,0.12535296825111644,0.3035942721620815,0.1808522154297595,0.44222038245670436,0.2675450702369637,0.663268194590475
130000,1280000,0.13579638431821073,0.3272492107316317,0.19737096659546643,0.479510079451992,0.29149348631378813,0.7186104514497801
130000,1290000,0.13214628349123275,0.31988611433120584,0.18946518378770452,0.463658943849964,0.27744705067809905,0.6896118844419735
130000,1300000,0.12068769471242369,0.29466216015740115,0.16789438165518933,0.4165747398576952,0.2402029301387704,0.6082120047707584
130000,1310000,0.11244610904326025,0.27539282621511313,0.1564036652720008,0.38798192449473246,0.2284272714829486,0.5731709836363335
135000,860000,0.24232044892077886,0.6008782271058877,0.3180268230966466,0.8010771915034977,0.42921686272672144,1.1018888772625794
135000,870000,0.23897196747375377,0.5911863994344332,0.3148157956878056,0.791180573827341,0.42619845823996105,1.0918154876245822
135000,880000,0.22022821563046185,0.5445930999977355,0.2922111416566794,0.7338841562945798,0.398162268320879,1.0200938443974474
135000,890000,0.19223767197781932,0.4773554438513921,0.25520959017392086,0.6432457116777812,0.3494959479971796,0.8962742873821559
135000,900000,0.17323227501362704,0.42676104131161635,0.23444153876726379,0.5827429180922059,0.32654809887871566,0.8213695692228095
135000,910000,0.13687340378360355,0.34287311260535003,0.17704511925998223,0.45277039755321974,0.23575556194597683,0.6182030885444537
135000,920000,0.12368642326181062,0.30934219004933006,0.1568583407569381,0.3998204715974758,0.20584226957973994,0.5363431457197032
135000,930000,0.1279135891883902,0.3158970386530883,0.16383219145279848,0.40953477820930256,0.21865406634092835,0.5533105135664482
135000,940000,0.11933377448327233,0.2982429986306428,0.15003963448932053,0.38089124842896244,0.1954940644871418,0.5054225182052562
135000,950000,0.12169462995911062,0.2999902310223853,0.15582278186731585,0.38784578343880954,0.20855818772574397,0.5238077402841956
135000,960000,0.11069902860464664,0.2760682764859212,0.13965298740774282,0.35330329043387954,0.1830123654537981,0.4708578366282254
135000,970000,0.1081345593653936,0.27101827584440913,0.1380711009084193,0.34992112119690844,0.18684290764946457,0.47717645039503126
135000,980000,0.1339722763611663,0.3263755886661741,0.1748839546851633,0.42916433580272123,0.23780580978409338,0.5894778227070143
135000,990000,0.12982485675204625,0.3164440739722751,0.16785204879188023,0.4129353489148556,0.22559118768714684,0.5612677936742635
135000,1000000,0.08998526974051431,0.22440400834022003,0.11197631464315264,0.28394564941192224,0.14422239580870375,0.37303021669274056
135000,1010000,0.07161285646050876,0.17642490948161893,0.08811100862764532,0.22111603788606493,0.11201592463311742,0.2874714098801336
135000,1020000,0.06368778077111319,0.154748115088203,0.07850587367104496,0.1945099479289625,0.10016075937381888,0.2540816708839278
135000,1030000,0.060474324298315556,0.14577997629701286,0.07488351110601842,0.18424254223914774,0.09608318730782497,0.24227239954783114
135000,1040000,0.05879498724506789,0.1411548192042626,0.07293658117035724,0.17880453048633466,0.09375529144892157,0.23564276362134762
135000,1050000,0.058014253733674075,0.1390769115581198,0.07193384201114873,0.17609351207975107,0.09238956588805068,0.231863425537899
135000,1060000,0.05799083067041832,0.13914542832452423,0.07179174832390937,0.17585220828395395,0.0920203018324594,0.23098226490117132
135000,1070000,0.059340348511154314,0.1428929610943351,0.07353016174432987,0.1806898737877976,0.09441104426553776,0.23757908692479843
135000,1080000,0.0635269211285484,0.15347690175410783,0.08001865287122151,0.19695092248428406,0.10551680014905299,0.26490561749610086
135000,1090000,0.069106410571573,0.16697771090712263,0.08912754836282284,0.21858026929701913,0.12176645111365832,0.3024432242634002
135000,1100000,0.07174582628885115,0.17362558866212038,0.09293349459233131,0.2280998958933361,0.12741388762807385,0.3165659783650067
135000,1110000,0.07146873322808078,0.17295837629956398,0.09247232318116273,0.22692131508911392,0.12678618699848992,0.3148235581115164
135000,1120000,0.06809336375613548,0.16460841558074174,0.087320859672708,0.2142105774409044,0.11883970670153436,0.29516533038327025
135000,1130000,0.06329754663407111,0.15301516736955245,0.07920215120815492,0.19490328441966126,0.10400788801764985,0.26076146136170764
135000,1140000,0.059663308609955445,0.14388836438970404,0.07322340123064935,0.18002898854564597,0.0932257311227392,0.234403659719414
135000,1150000,0.05862929045359413,0.1410036811451029,0.071640194620409,0.17567550242958516,0.09064240502559157,0.22743444927676015
135000,1160000,0.0591944570989755,0.1422536353492312,0.07255176818183151,0.17781116632105,0.09237879935704456,0.2317004186738288
135000,1170000,0.060510056274965605,0.1455306387447323,0.0745795293732757,0.18296034158960478,0.09596955090291234,0.24093304472391808
135000,1180000,0.062382695432652284,0.1503137036070755,0.07750228849124978,0.19049800567694233,0.10142896609222565,0.2549319263363856
135000,1190000,0.0646018488575236,0.15602796737160882,0.08080181948234497,0.19907526633765862,0.10710627565233588,0.269628702364877
135000,1200000,0.06726541797728201,0.16294895132154574,0.08453756144624393,0.20894135376696557,0.1129989995136021,0.2852363405184171
135000,1210000,0.07088083627870621,0.17228383531552965,0.08967776969628723,0.2224104659169919,0.12066526028640526,0.3055970775626669
135000,1220000,0.07621158758355671,0.18592073844575271,0.09791308822294742,0.243672335437143,0.13448681192372952,0.34119245327493736
135000,1230000,0.08301064058520433,0.20314402616526092,0.10815552239647379,0.2700018640084247,0.14953321341308276,0.3809570167501108
135000,1240000,0.09197384799214328,0.22547097236436145,0.12200396820583094,0.3050563725659982,0.16966672033807648,0.43388068216226716
135000,1250000,0.10457084147253279,0.2559857808643321,0.14343728041972093,0.3570452531524504,0.20498855721066206,0.5205094641136575
135000,1260000,0.11958744724430528,0.2908463846024552,0.1705126801212946,0.41914704476194864,0.25089569293734726,0.6258215498083526
135000,1270000,0.13171471063315587,0.3182118274882096,0.1907444985409593,0.46468804584640444,0.28146286288154915,0.6961561439679737
135000,1280000,0.1342671791959306,0.32505778870269175,0.192206233167911,0.47029547064416877,0.2807880991110933,0.698157280809653
135000,1290000,0.12494642677832767,0.30483328644100555,0.17519337442326027,0.4331810317291512,0.25345907528531475,0.6367697912001179
135000,1300000,0.1138888851123069,0.2795579727565737,0.15531398468607868,0.38791001911676615,0.21985347198042499,0.5600326761568174
135000,1310000,0.10943697201018979,0.26872615850019393,0.15016841251281163,0.37399148177473973,0.21717288793940467,0.5477128951138763
140000,860000,0.23322554950292526,0.5750172488686344,0.31011687871239496,0.7746084225964769,0.42416097487457805,1.0773715173443168
140000,870000,0.2348914359758704,0.5789762574950917,0.3118371801416293,0.7795910000685007,0.42558907418754116,1.0828648447651792
140000,880000,0.21723896005252977,0.537809576172828,0.288071844639877,0.7247513769781109,0.3924892539825161,1.007210573823244
140000,890000,0.20111324774853093,0.4958258243614549,0.27045226108990583,0.6749072689527769,0.3751131418960426,0.9499084336193817
140000,900000,0.18277819618724508,0.44947037679562135,0.2474608515045549,0.615589761964832,0.34417721957951797,0.8694194849513841
140000,910000,0.14989468129607336,0.3740122234474291,0.1976712862621428,0.5026316847217905,0.26887856201272914,0.6996647891339315
140000,920000,0.13640296549513067,0.3409279810955429,0.1756603499477363,0.4474679127127674,0.23406075064934717,0.610237953182466
140000,930000,0.1470472568122759,0.3608083673597396,0.18984682186139923,0.4714781263134756,0.2543451784447979,0.6402975816432727
140000,940000,0.13890782870886983,0.3453764537652192,0.17596443457363728,0.4440885530878792,0.23067580323620857,0.5925835473807236
140000,950000,0.14131572901270714,0.34631305954784064,0.1816115036909894,0.44894703190568724,0.24316832857319548,0.6064077680060784
140000,960000,0.13023048036569945,0.322131889685327,0.1659998591519221,0.4153236656025191,0.22003843768194764,0.5575803831605028
140000,970000,0.11920933945727044,0.2989343294488727,0.15166297275603627,0.3845960188883314,0.20319880259361697,0.5199628844980962
140000,980000,0.1328404592654747,0.3292035416723625,0.16968560123310494,0.4248349781243883,0.22580510797015288,0.5721714529335054
140000,990000,0.140914081711439,0.3425666333360868,0.1821254068999771,0.4457918863395312,0.24514867535510168,0.6048355296989761
140000,1000000,0.10004890498323213,0.2501955285276084,0.12476922424931905,0.3171046541008765,0.161084596927869,0.4173128958625847
140000,1010000,0.0776836287006464,0.19245215357636727,0.09582300011559564,0.2418730955205505,0.1221276248836795,0.31536024213508435
140000,1020000,0.06861122222393126,0.16764655766992465,0.08491192672760728,0.21166619716522753,0.10876928113293059,0.277781694450146
140000,1030000,0.06507814384822505,0.1577786559372875,0.08093437674065154,0.20039504795095003,0.10426378195012258,0.2647598796978809
140000,1040000,0.0633607019838061,0.15304317977664528,0.07893023694940512,0.1948009013946872,0.10182890743426098,0.2578427097991043
140000,1050000,0.062454434694627296,0.15065461534691652,0.07771361445129069,0.19153860995009908,0.10010773735556422,0.2531069069757323
140000,1060000,0.06246777074992039,0.1508504842635791,0.07754987368049088,0.19126767470704784,0.09962390173433763,0.2519265814158856
140000,1070000,0.06396441958042139,0.15495460952504292,0.07950882887042655,0.1966110643387397,0.10240262597312337,0.2593631566999097
140000,1080000,0.0685968811402219,0.16641884417206898,0.08682312898292065,0.21443781899047246,0.11521150334518292,0.28976963504384434
140000,1090000,0.07372645764435219,0.17878817491957533,0.09500650595122233,0.2337740286041097,0.12939761905119393,0.3223581788182821
140000,1100000,0.07511769818269258,0.18231046508942317,0.09698251361672638,0.2386954892173703,0.1323284737514569,0.3296017139846457
140000,1110000,0.07342541324228245,0.1780634800359763,0.09454055079782439,0.23248872353725875,0.1289211645983611,0.3207047443063345
140000,1120000,0.06884751172861765,0.16695254404370427,0.08726778421007597,0.21503294779812065,0.11676262985668724,0.2919817700752399
140000,1130000,0.06396982392238751,0.1550665005924216,0.0791260283003692,0.19548511419038717,0.10187944727871037,0.2571466051125997
140000,1140000,0.06150072298491724,0.14866972757667257,0.07523910837627584,0.1854724555867344,0.09524697066637648,0.24025236586492574
140000,1150000,0.061199708078209146,0.14768419478338402,0.0747482255698389,0.18398020250007682,0.09441138710130847,0.23787549999214389
140000,1160000,0.061940130885240904,0.14947483759994232,0.0757535562297274,0.18650357307224702,0.09590396092706258,0.24176617527915029
140000,1170000,0.06322829667278254,0.15275609927129874,0.07751481321034841,0.19108908648096992,0.09852306141596415,0.24873498646867326
140000,1180000,0.06515356235030521,0.15773027051284572,0.08024129122919822,0.19822821047205333,0.10285091921696862,0.26016243350087115
140000,1190000,0.06711694786690053,0.16283307779594428,0.08290038390551413,0.2052607156639631,0.10673250983642142,0.27059996758812077
140000,1200000,0.0703463713041219,0.1712004555415347,0.08762131308203677,0.21763159384042488,0.11450592287483032,0.29099753083316404
140000,1210000,0.07481233355654805,0.1826872090478627,0.0942914326710263,0.23498009022408026,0.12527055244255517,0.3191789218817002
140000,1220000,0.08079160995626058,0.19794051523824727,0.10351288399097004,0.25877317461554855,0.14041174685655233,0.3584668728286498
140000,1230000,0.08927120771069308,0.219203499547945,0.11707471473213298,0.2930524011261041,0.1622401195267619,0.41440897659326076
140000,1240000,0.10158579425108234,0.24922046930995934,0.13757860140673486,0.34334169296752653,0.1946537320661151,0.49597026229658014
140000,1250000,0.11751952643991524,0.286585629780836,0.16605533614202414,0.4095206274773814,0.24300007731972184,0.6084485692772383
140000,1260000,0.1328045039383045,0.32089686570122133,0.19282434889030126,0.468917081763332,0.2856091811817266,0.7041426012738671
140000,1270000,0.13666251734121682,0.3300987669247435,0.19761347856459416,0.4808196211249244,0.291120959603171,0.7185861932190682
140000,1280000,0.13010752059345268,0.3166633126669365,0.18364078260568603,0.4523975362087937,0.26610686254026733,0.6665272992265925
140000,1290000,0.12076401890849217,0.29578532547311587,0.16757296428952295,0.4159524709110155,0.24157287981618306,0.6088054786308403
140000,1300000,0.11312273225234222,0.27787621230806503,0.15501529105095285,0.3862870003090901,0.22235591529214532,0.5625687337871795
140000,1310000,0.1089598299752012,0.2674712217461394,0.15115561396297245,0.37481565814534745,0.2230386045922611,0.5570040737497336
145000,860000,0.21292016715049614,0.5247080508645148,0.2868133600380064,0.7139864567771674,0.39834949214429743,1.0051419036239149
145000,870000,0.22001566309483164,0.5408434264681385,0.29566623202351544,0.7355665512367885,0.40856339782851764,1.0326978551495625
145000,880000,0.20869702737904852,0.5154837401299329,0.27899897584415806,0.6994485632732539,0.3833369257308428,0.9790377941060643
145000,890000,0.20354866436641886,0.5001650779333059,0.27496504555177903,0.6843101145820504,0.3820147326328077,0.9663538524534385
145000,900000,0.19134532942239735,0.4683715411392779,0.2612056178881911,0.646858348948079,0.3663736392461409,0.9213475086445795
145000,910000,0.16637080812277125,0.41056098559598525,0.22666543847131743,0.5665872200048829,0.3191616982796357,0.8103165743727456
145000,920000,0.15208309364676395,0.3783703615682487,0.20231366566074624,0.5111070731409032,0.2794640869344491,0.719360177748825
145000,930000,0.15883239327149173,0.3913320699495798,0.20591586427703576,0.515277720545019,0.27586075522192094,0.7039947526277498
145000,940000,0.1561837545853647,0.3860811961560465,0.1997121715540327,0.5011459685021311,0.26397920203995906,0.6747827559354619
145000,950000,0.15013097634681863,0.37100131726524743,0.19124305915371456,0.4787556221087506,0.252460410084837,0.6415237811391779
145000,960000,0.1470689825912396,0.36128836705071354,0.18837756567545447,0.46751973334655783,0.2506851939528968,0.6292437507835752
145000,970000,0.13475806814204908,0.33545432282518767,0.17210279240043416,0.4327648455161178,0.23002446452656472,0.5839406943521263
145000,980000,0.13456916652093595,0.3372820025213932,0.1691535431104516,0.42961134667849665,0.2208012721796654,0.5694652953088729
145000,990000,0.14993087167636523,0.36506903950251246,0.1929309246608945,0.4726342443071583,0.2587306124360011,0.6379075154898006
145000,1000000,0.11051462055109247,0.2765253789994845,0.13827831336069077,0.35146979340779133,0.17918014994695905,0.4639233726363518
145000,1010000,0.08487595211184647,0.21133239551675287,0.10510211292911655,0.26673348448955464,0.13448369570335184,0.3493293039312608
145000,1020000,0.07447635926695213,0.18297716064337666,0.092667050511331,0.23241185738824263,0.11933992057203431,0.3068862801985971
145000,1030000,0.07080776602003969,0.17271522326470745,0.08853470829622688,0.22070715016165246,0.11460984581023691,0.29325700420049816
145000,1040000,0.06901087853819744,0.1677871028165501,0.08637102292365127,0.21471552516916045,0.1118629280436954,0.28552573888742105
145000,1050000,0.06786054626040276,0.16477898834506266,0.08478651100776384,0.2104863997862462,0.1095924367991491,0.27928899231228976
145000,1060000,0.06756137584095588,0.16419021891803984,0.0841471522388416,0.20896721421505726,0.1083940037142752,0.2761474064399298
145000,1070000,0.06931589296012992,0.1689033905628899,0.08646256896039857,0.21511266499781156,0.1117428494308755,0.2847892206030702
145000,1080000,0.07380847302335834,0.1798723603873644,0.09350843819090851,0.23195628366184068,0.12404958158398133,0.3132459210373108
145000,1090000,0.07734453522629603,0.18844467239090232,0.09897661931667044,0.24493058728125916,0.13323008728381192,0.3344312596332757
145000,1100000,0.07737217261435458,0.1885454965117301,0.09899875169638668,0.2449123312441632,0.13337211471674915,0.33448849120474144
145000,1110000,0.07436290829467616,0.18099966773768467,0.09466875661085977,0.23400869826377182,0.12705593045866306,0.31846224125863976
145000,1120000,0.06963300392869634,0.1695142887718073,0.08709046128205426,0.21583771186749764,0.11397926932514012,0.2878096415188556
145000,1130000,0.06577213036197815,0.15992270870455486,0.08086224021248352,0.20052107046845022,0.10299759334263542,0.261323523799048
145000,1140000,0.0644609103964144,0.15637235155456716,0.07886651205421205,0.1951728846638402,0.0997526733189758,0.25273877229232283
145000,1150000,0.0646426498145797,0.15668783248766036,0.07905932964869708,0.1955426305978212,0.09994107615941479,0.25316461032283627
145000,1160000,0.06566495814613751,0.15929101183950325,0.08034750580816305,0.19892417707387292,0.10163427748003365,0.2577665824556169
145000,1170000,0.0667641895317338,0.1621494171319112,0.0817033789624927,0.20254383616346705,0.10337264737183798,0.26255135758392917
145000,1180000,0.06859171656773995,0.16693047519659188,0.08406927230647966,0.20885581486953939,0.10662934030126207,0.2714239260847116
145000,1190000,0.07060087163191144,0.17218124957095876,0.08671060724112327,0.21589080920179513,0.11029052302933323,0.2813948884939003
145000,1200000,0.07402945752077558,0.18106044378426586,0.09156596624822518,0.22866540125246387,0.1175939140765267,0.30096078437915247
145000,1210000,0.07890863977299242,0.19359952162443617,0.09871161177291486,0.2473146938473027,0.12851360274347123,0.3300495204806355
145000,1220000,0.08649902491049122,0.21278768316134244,0.11070942311741601,0.27798480837204137,0.14820876862116023,0.381147596190062
145000,1230000,0.09791602585593444,0.24099714520449375,0.1297864219213205,0.32531355599881256,0.18013303456355173,0.46145057744947887
145000,1240000,0.1125483443693434,0.2758624738292741,0.15570696486529004,0.38666307233964337,0.22439355015653947,0.566832024461123
145000,1250000,0.12801793391641272,0.31122823550506407,0.18322123651879285,0.44866418756087423,0.26979145352289724,0.6696745272882453
145000,1260000,0.13532739527373253,0.32754827183669055,0.19511121420621635,0.47528762234326355,0.2868199731451893,0.7095904804105869
145000,1270000,0.13030621446498772,0.3173429157746044,0.1847405940856135,0.45397586591578887,0.2696789340137088,0.6722315300654658
145000,1280000,0.12301329021215905,0.3014226764049544,0.1705532190243621,0.4232482498037034,0.24492469504964834,0.618102669897938
145000,1290000,0.11580455862411079,0.284567626072243,0.1594148041485718,0.3965946754151396,0.23010377571333232,0.5799802599468958
145000,1300000,0.10984237876860127,0.27018135142078814,0.14987089389657898,0.3735994056199137,0.2151158654053839,0.5441418412192512
145000,1310000,0.10754423947390117,0.2642164586519305,0.14861174617164813,0.3687017037025366,0.2187058204211856,0.5469633530528543
150000,860000,0.17930948450155162,0.44634839369029944,0.2401875219211922,0.6060019856937136,0.33276115945799506,0.8531931893533953
150000,870000,0.1922876285979381,0.4747434402138102,0.26035492858251724,0.6500886012466326,0.36346722351077987,0.9210388281419576
150000,880000,0.1971477917911824,0.4859137230333478,0.26671342013668,0.6652621225485913,0.3714397819232132,0.9410928885482189
150000,890000,0.19576125289809232,0.4798929647698489,0.266582925071839,0.6618425693722795,0.3724404690377552,0.9409482553705366
150000,900000,0.19283788873136404,0.4702027378722993,0.2645755415141692,0.6538612883996839,0.3711930264583062,0.9347553443109378
150000,910000,0.1842311455198092,0.44816280472644154,0.2560840253161578,0.6297043736319898,0.36389494893733837,0.9101286925890613
150000,920000,0.1689376253994691,0.4147668065473256,0.23293350756128975,0.5778504628177481,0.3311641700337876,0.8340753476349035
150000,930000,0.16904568774701875,0.4171158439024586,0.22497352672826362,0.5630096635635304,0.3102955229068303,0.7904336825956217
150000,940000,0.170943453143392,0.41940629469549623,0.22295853591196824,0.5548796133348157,0.3006108999638122,0.7622273579871943
150000,950000,0.15380086855202107,0.3833591502125316,0.1963057580935166,0.4976975663321297,0.2588804930856137,0.6706322380587505
150000,960000,0.1536786057198766,0.3795780646383321,0.19635782545212496,0.4914392390715459,0.2598858111499848,0.6606487608207402
150000,970000,0.15114802385660517,0.37302360586245753,0.19358924563176796,0.48275906589944667,0.25780793805720376,0.6504753079163501
150000,980000,0.14269638439465054,0.357970147970432,0.17884146240195853,0.45507741817053704,0.23222841104799868,0.6008871292205794
150000,990000,0.15584655776014583,0.38225817491863584,0.19874717663038474,0.49158336001651065,0.2636036862292919,0.6578121427192156
150000,1000000,0.12416266548761466,0.3100789331761294,0.15619477994352854,0.39599908477567586,0.203508951482495,0.525156911785777
150000,1010000,0.09317206477507937,0.23290309217572866,0.11607963174061119,0.2959231962161704,0.1494570261251859,0.39028536026326194
150000,1020000,0.08188908981487597,0.20227443069792786,0.10265034916224319,0.25904205378754475,0.13316826083751934,0.34489333078174816
150000,1030000,0.07783240565955363,0.19102690036176564,0.09794267899491614,0.2458681759387195,0.12750109634158838,0.32880911630079923
150000,1040000,0.07606220552256247,0.18619975238453554,0.09575084226517336,0.23984350267877655,0.12462630650689936,0.320776333194632
150000,1050000,0.07468548477592747,0.18264808276658306,0.09375831743489477,0.23457741586647646,0.12167245337791516,0.3127173538807663
150000,1060000,0.07420464647017545,0.18160944114067948,0.09280215364449154,0.23222591564739795,0.11996193037153931,0.30816282312523136
150000,1070000,0.07594624061107423,0.18620508988742754,0.09505984620312412,0.2380264907160723,0.12323588650576105,0.3161572314380934
150000,1080000,0.0803897604538702,0.19678018598130947,0.10208423249099462,0.2542755672556623,0.1356248715335547,0.34367585279259794
150000,1090000,0.08262999009420105,0.20218234225998769,0.10545917109545637,0.2621655323427421,0.14118354587269347,0.3562206796663274
150000,1100000,0.08100558157391957,0.19806212694477077,0.10325258262459812,0.25640280689422895,0.13827654008775023,0.3482963821232645
150000,1110000,0.07664935120610128,0.18734728366184156,0.09677512832837722,0.24054075944684383,0.1281653584025262,0.3238025856417483
150000,1120000,0.07162898611724158,0.17511384628463844,0.08880671609777153,0.2213617813439332,0.11440253683125498,0.29147806235984586
150000,1130000,0.06892837728050133,0.16820701807272712,0.0846558183927502,0.21080495134555038,0.10752886335406592,0.27419990216114426
150000,1140000,0.06839704802431566,0.1666649546430907,0.08386048873381938,0.20856892909098798,0.10626795455001456,0.27076193508598995
150000,1150000,0.06916743695030508,0.16858138524798538,0.08483090176697713,0.21107976583111795,0.1075221375434718,0.2741590277862083
150000,1160000,0.07027544206524639,0.17146684493424524,0.08616799406330242,0.21466630281009877,0.10916396628581801,0.27872480832362195
150000,1170000,0.07143472415638552,0.1745378364323898,0.0875011957258877,0.21830090978079364,0.11070184995346244,0.283074879554377
150000,1180000,0.07312475982225727,0.1790153252128182,0.08954528075569582,0.2238479122380478,0.113238313816102,0.2901648531281753
150000,1190000,0.0752115508424996,0.18447717073120926,0.09228471678538774,0.2311596672380906,0.1169866932258971,0.30042170941183305
150000,1200000,0.0790325967708189,0.1943609563074776,0.09769613745485135,0.24539323088139967,0.12500131494763816,0.32197310837456206
150000,1210000,0.08526080797225731,0.21025771379711192,0.10708699029253423,0.26970165201254487,0.13970000858000572,0.3608141208869195
150000,1220000,0.09454108021648991,0.23342929164233564,0.12217864540944356,0.30770855049835716,0.164719983287329,0.42493262856361635
150000,1230000,0.10793146774070961,0.2658488652307673,0.14579446689411524,0.36453563831947067,0.2061547156673461,0.5251033798612826
150000,1240000,0.12636078947323012,0.3083332072091873,0.1796464652046556,0.4410471291228865,0.2646224022267615,0.6571985395222113
150000,1250000,0.13801716593118674,0.33436526561791535,0.19904657407253315,0.48406719081524935,0.293402143198048,0.7231761129718112
150000,1260000,0.13648910592880173,0.3318854571282498,0.1950583271840738,0.4764773864375349,0.28667714335271677,0.7087396662539409
150000,1270000,0.12675518384329112,0.3108742212367066,0.17646103119602413,0.43667654351040097,0.25510108200880005,0.6402569742552051
150000,1280000,0.11539386167835233,0.28459826530861837,0.15652210395366423,0.39117714540982484,0.22222880924297841,0.5644980041485818
150000,1290000,0.11090663666710336,0.27343914864747687,0.15101250424813054,0.37662453632241943,0.21759091054377394,0.548984175439117
150000,1300000,0.10868961159881514,0.2673672970536981,0.14957341907477364,0.3713649495800193,0.21813297453585354,0.5476613426431172
150000,1310000,0.10651481107932206,0.26195104473132336,0.14633618372605423,0.36346999033450794,0.2139045495753321,0.5366506499786382
155000,860000,0.14543293279878922,0.3654340300110656,0.1900129095545675,0.48722663104785513,0.2566154268428212,0.673916042440054
155000,870000,0.1591447190978883,0.39718106941163206,0.2123535190170675,0.5386540804163464,0.29315159154055903,0.758084139025011
155000,880000,0.16871655606712585,0.4184467793399857,0.22848667589546157,0.5739887333837828,0.32041688598917434,0.8168721919133517
155000,890000,0.17505235911325473,0.4306660502778176,0.24059895680525137,0.5980506184717114,0.3414447000548023,0.8598844701500762
155000,900000,0.18241086186110064,0.4446468201539437,0.2532936875010505,0.62404977961928,0.3604634110928082,0.9019664101447339
155000,910000,0.18396733788182962,0.44539523260178754,0.25721206074675446,0.6306822854605351,0.36566725926091376,0.9145905745610111
155000,920000,0.18312891593803388,0.4433591540261204,0.25696583793182504,0.6286592322896205,0.36739613806418797,0.9148360736480609
155000,930000,0.17995682428159795,0.43955533154086385,0.2481501413812109,0.6117120336955968,0.3528715804654962,0.8819547197239629
155000,940000,0.17864771495255607,0.4366246481357246,0.23939562524146416,0.5926537751257586,0.3315422349610931,0.8351925519980625
155000,950000,0.162186167904723,0.40261314068668336,0.21388887324370023,0.5385644618141535,0.29289040183116033,0.7509416828451333
155000,960000,0.15456118877121816,0.38494729552935436,0.19923340756870125,0.5045040141160306,0.26575699192187374,0.6873088037705153
155000,970000,0.16032695566654398,0.39594334311734103,0.20548277988691827,0.5145217922374397,0.2724697005914665,0.6940443586790689
155000,980000,0.1568957599449818,0.3904250310642181,0.19851975048542786,0.5006940208167459,0.26025313288585933,0.666868994244193
155000,990000,0.1634036526370476,0.40355828288559786,0.20689421307096525,0.5173170815180835,0.27121750330946526,0.6881112118068
155000,1000000,0.1382763617259731,0.34411725774383045,0.17510336551667757,0.44230859877528744,0.22954674959056418,0.5901181109039506
155000,1010000,0.10334602917387499,0.25903868706031735,0.12999262372738407,0.332520444272212,0.16901119353137115,0.4432747992417904
155000,1020000,0.09143831345788662,0.2269521418725319,0.11591369689707555,0.29417212911971674,0.1520376727192493,0.3963859216986527
155000,1030000,0.08698756111963854,0.2148562037434945,0.11034547271915647,0.27899007293813977,0.1446505042619882,0.3760292416263411
155000,1040000,0.08526475773654571,0.21020643777457085,0.10814751687414,0.2730105275392015,0.14169311384184574,0.36782788421061546
155000,1050000,0.0834038443138687,0.20546994447325,0.10535018557972535,0.2656920920718556,0.13745370965996495,0.35635974444748086
155000,1060000,0.08235179545496103,0.20297694890044451,0.10351577261632923,0.26102336827950656,0.1344114366989023,0.34815929741022467
155000,1070000,0.08353362032266155,0.20599763571146343,0.10496924930913178,0.2644447045570313,0.13654970695559285,0.35254755574761193
155000,1080000,0.08714406733407604,0.21449337447200933,0.1104841538190081,0.2769567804922345,0.14599586060617467,0.3729525384649213
155000,1090000,0.08743457268750875,0.21508689743586357,0.11096829885230879,0.2777249728897401,0.1470411883846609,0.374454842236152
155000,1100000,0.08437020511886331,0.2073303417950189,0.10675878915185312,0.26688490803823417,0.14122142747933872,0.35914152071159583
155000,1110000,0.07927146517845206,0.19480062606541135,0.09916761815233281,0.24833236546446638,0.1291816020476242,0.33018018640885316
155000,1120000,0.07500370344587774,0.18418681999528413,0.09266436275540883,0.23225492623178387,0.11850751395582684,0.30419732782679476
155000,1130000,0.07344458362052869,0.18007035988534476,0.09035487141537812,0.22618922983235898,0.11488729704067681,0.2947519409647688
155000,1140000,0.07365015833565475,0.1804858537192259,0.09059247066354809,0.22672204003778687,0.11515072054905864,0.29542495506722827
155000,1150000,0.07499932233381498,0.18396688570434458,0.09233876839338429,0.2313458308231862,0.11749052858397105,0.3018068058272053
155000,1160000,0.07625990614730636,0.18728156075799487,0.09387211158824466,0.23548464874703898,0.11939158390411336,0.3071051352632193
155000,1170000,0.07742670255990139,0.19041885189250893,0.09514281991707106,0.23901358482078183,0.12073319996534838,0.31100304666404044
155000,1180000,0.07891849907916682,0.19442398836905855,0.096840331961149,0.24369982314136424,0.12266172557587932,0.31652667728359635
155000,1190000,0.08117092811049059,0.20033562985014655,0.0997779873287106,0.2515561575943222,0.12663957689308014,0.32742978740880524
155000,1200000,0.08550849927613068,0.21149761863230754,0.10608614675003435,0.26802628737551537,0.13623408431129436,0.3529886071839508
155000,1210000,0.0932115779313584,0.2309244544410784,0.11823515670266989,0.2989720770984461,0.15607504577829087,0.4043896028145621
155000,1220000,0.10495611984247709,0.25967792278558416,0.1384555058111559,0.3484057715865141,0.19131837253467424,0.49126499432604803
155000,1230000,0.1203092614495098,0.295841978802129,0.16665477690803593,0.41346329841768414,0.24180745013760463,0.6070383969763185
155000,1240000,0.13482942003943063,0.32861790972012106,0.1920065484189346,0.4698242493004979,0.28173803816108556,0.6979824039858962
155000,1250000,0.13778667778727896,0.3362000986752818,0.19504269984243416,0.4776558600653801,0.28499824302334714,0.7063052025460238
155000,1260000,0.12916141636368358,0.3181766245372049,0.17743168521801186,0.44057526345782455,0.25497572634876753,0.6403253334858396
155000,1270000,0.11961764917356704,0.2964025465767266,0.15990567995826896,0.40125297048021374,0.22402374002321607,0.5711035332333405
155000,1280000,0.11176211126658737,0.27708885625558954,0.15005061327079583,0.3757890317649051,0.2156933517979939,0.5434859140431374
155000,1290000,0.10741455939380395,0.26561499035471065,0.14590463921401078,0.36369164101103063,0.2139429258979373,0.5349904264078211
155000,1300000,0.10587309216927024,0.26114934150917907,0.14398185144187228,0.35855428294528985,0.2091049539691074,0.5258178089151698
155000,1310000,0.10601713289101987,0.2610702259361246,0.14605066989033885,0.36224108612283545,0.21628188615566904,0.5391734512299907
160000,860000,0.12077657276214437,0.3032656389210764,0.15499138401223642,0.3982389094680389,0.20538074149346394,0.5422387862112761
160000,870000,0.13041197322000486,0.32701669746163486,0.16970677386326435,0.4349617505199414,0.22815600401964536,0.6001209837291291
160000,880000,0.13953903856154737,0.34854891038498753,0.18482505134602942,0.47072406953305257,0.2532837184912165,0.6599705709468079
160000,890000,0.1478019595545344,0.366846940782833,0.2000113906394946,0.5042305029264769,0.2804940754508371,0.7198273221859857
160000,900000,0.15832875245555889,0.3892667842279774,0.21851425461124988,0.5444993032147304,0.3103550581251471,0.7868897550428773
160000,910000,0.1688782477764159,0.41090103551432744,0.23721250587156847,0.5836392139228931,0.34053642002663226,0.8519205642004931
160000,920000,0.17958483138345369,0.4340345996814786,0.25321760002169197,0.6189872410607486,0.363102196730732,0.9037864823707118
160000,930000,0.18371541097237398,0.44452557513478824,0.2575905815155028,0.6298169241880169,0.3681271472495952,0.9162070037667521
160000,940000,0.18406777950254705,0.4468722083320534,0.2542872398754905,0.6244924339705656,0.35984520702430683,0.8998987762397245
160000,950000,0.17128666713581306,0.4198100722330388,0.23626687285564352,0.5838486442023837,0.3371301034226986,0.8437948693955653
160000,960000,0.1604951117805879,0.3981474039837467,0.21494074080065248,0.5400149481538972,0.29897625901417846,0.7638690326806123
160000,970000,0.16324183151334293,0.4053345908747919,0.21176691722390925,0.5344891280266627,0.2840624257167751,0.7323281621269787
160000,980000,0.16910544650011103,0.41826330254214505,0.21705711372886027,0.5444022572176757,0.2884322943784434,0.7362943374189813
160000,990000,0.1724908513352158,0.42626649785835774,0.21920836000582963,0.5498900194002937,0.2876530593603798,0.7352666792828385
160000,1000000,0.15303280732933155,0.37904340215390686,0.19586808436433711,0.4925572708722822,0.25929575896576595,0.6642112032898547
160000,1010000,0.1157401144135131,0.2902989518216661,0.14786462682086918,0.37867553141141025,0.19534696179775862,0.5133351406490966
160000,1020000,0.10408418614992386,0.2592860569493929,0.13398219817096926,0.3414451653250706,0.17834163933327676,0.46713348905534324
160000,1030000,0.09985052269817588,0.24802941135277154,0.12831186532943142,0.32646170492778487,0.17018095834450772,0.445469477983574
160000,1040000,0.09756795260042983,0.24215720283321418,0.12499399597702107,0.3178036086234014,0.1652661750211951,0.4322948566299294
160000,1050000,0.09467424571459179,0.23485830542608913,0.12061429873607243,0.3064540998816436,0.15862303073630662,0.41452314476817387
160000,1060000,0.0931520673110322,0.23122952423365162,0.11791499094170153,0.29960267314144123,0.15410473096720784,0.40245708520143125
160000,1070000,0.09391768959095866,0.23292520092813593,0.11875436431683208,0.30091811507998023,0.1554074885421586,0.40355902207083216
160000,1080000,0.09616337436325167,0.23794811446562442,0.1220870090154001,0.3078560834740346,0.16111272680874864,0.4145006531051961
160000,1090000,0.09454132631329756,0.23369416019164774,0.11991263496663054,0.3018340452527848,0.15832180086265482,0.4061349089724938
160000,1100000,0.08964601440763573,0.22145413605821726,0.11309516575304254,0.28461506689295635,0.14855879355481638,0.38128281657435836
160000,1110000,0.08362629392602998,0.2066721984502645,0.10420269543092799,0.26287850894897596,0.13452932536066467,0.3475406103333368
160000,1120000,0.08014060887330358,0.19777744698700991,0.0991340142675503,0.2499070140046526,0.1267765296025374,0.3277076819414138
160000,1130000,0.07942753371833067,0.1958446760549349,0.09803735713258675,0.24697386819212816,0.1250309752014844,0.3230535457019228
160000,1140000,0.08043029880591819,0.1984049164920469,0.09932789945276141,0.25037094007995564,0.1267291618728747,0.32767772481069835
160000,1150000,0.08244771812628757,0.20363299004765933,0.10206886005288428,0.2576062241776011,0.13061861545139106,0.3381670265233815
160000,1160000,0.08404670277924871,0.20785100040786963,0.10406734916855387,0.2629837548590611,0.13319886482663326,0.34527742924340543
160000,1170000,0.0852770939560942,0.21119725482904153,0.10535954700102108,0.26662966514617786,0.13446974198647504,0.34907382797312314
160000,1180000,0.08657705225280801,0.21474065936977663,0.10673854765269791,0.2705190499230088,0.1358731984854523,0.35323329028761624
160000,1190000,0.08892363850148839,0.22089008280217876,0.10983419246241048,0.2787638677721996,0.14012525184472674,0.36480713120812763
160000,1200000,0.09404163387054044,0.23387877868750725,0.1177218312932059,0.29896194994996433,0.15287777386181373,0.39793410321085143
160000,1210000,0.10422409260701371,0.25909131303441796,0.13476883299265735,0.3411479379872236,0.182431931720969,0.47151165880968515
160000,1220000,0.11788909724019872,0.2915360720932207,0.1600952092598801,0.40004030322431555,0.22923806229970412,0.579370880787563
160000,1230000,0.13518985867774672,0.3309225320639301,0.19112285143156235,0.4690375390645293,0.28071354642139823,0.6948702503092916
160000,1240000,0.14297358888042633,0.34882068139672756,0.20263286855862564,0.4951942951330933,0.2961387657796788,0.7317452762598762
160000,1250000,0.13890817361413477,0.34149228289472033,0.19172466614907174,0.4733269787644169,0.27681380627558605,0.6888916145348625
160000,1260000,0.12712991006601784,0.31554467442625095,0.1674195944903508,0.4207160647660185,0.2305985731784617,0.588531277961231
160000,1270000,0.11751244878737084,0.2927153952458414,0.15256869611311405,0.3852027929184875,0.2084435901620127,0.5338058523056042
160000,1280000,0.10966304175859302,0.27309149449791714,0.1434301980260248,0.36136523727642617,0.20124446529643455,0.510305803477854
160000,1290000,0.10427990304800931,0.25912914603793163,0.13841727124133743,0.347286194463833,0.20048730308413068,0.5032049377474058
160000,1300000,0.10393358823475843,0.2572177462927057,0.14017186648109814,0.3497280007589861,0.2050550970964484,0.5133363373101552
160000,1310000,0.10529847249401891,0.26007098065478557,0.14420090790423518,0.3581921230541217,0.2150440079291293,0.5339308875990555
165000,860000,0.1028432904982809,0.256818786061569,0.13040682951261331,0.3333916555237745,0.17075060257441194,0.44875267105875655
165000,870000,0.10962877717084106,0.2740653560511115,0.1403475203689272,0.35918206303697336,0.1855836474035731,0.48824496626235037
165000,880000,0.11698647214391197,0.29236197204636394,0.1516355231971498,0.3877308829878752,0.20310261640326827,0.5335526984623619
165000,890000,0.12356755217025644,0.30798716765074124,0.16281905590919435,0.41465387608714666,0.2218666439762125,0.5795978737065408
165000,900000,0.1329023887283688,0.32943719670759564,0.17914869114955817,0.4527829839086945,0.24928922603066003,0.6448889914382494
165000,910000,0.14732331917646208,0.36227946624255747,0.20377734777184064,0.5087164960351368,0.29041783405347577,0.7380553682826768
165000,920000,0.16019834889619997,0.39088586053154656,0.22431916456033085,0.5547573071452157,0.32132874559236474,0.8091193424266333
165000,930000,0.17173589382733356,0.41643867451688715,0.2417712796165028,0.5933243939880395,0.3466225246049686,0.8665167591240547
165000,940000,0.1817444688406389,0.43913584466971173,0.25533421070234336,0.6240873593692147,0.3647476603100967,0.9087043347862251
165000,950000,0.17826266170014607,0.4315309578459685,0.2506465794912739,0.6132291607636137,0.3586896819698601,0.8942449826245384
165000,960000,0.1725278492033512,0.42091467590272563,0.24059071314008437,0.592350824043195,0.3440486794404373,0.8609419387274142
165000,970000,0.17264670348775327,0.42524996414075455,0.23403195229900092,0.5827584615727852,0.3285881442141878,0.8306810171653103
165000,980000,0.17815407203981318,0.43885799196123265,0.23572926308399095,0.5876830721470092,0.3239377715473129,0.8201723810744349
165000,990000,0.18208887860754913,0.44871985099153133,0.23632093061301995,0.5912274007280129,0.3169667072187947,0.8088627331892042
165000,1000000,0.16580674312393007,0.4095744289639326,0.2165824343948842,0.5431664627681491,0.2927414688109567,0.7484908403237069
165000,1010000,0.13453556493724067,0.3363629386545558,0.17659707853934078,0.4502168632195577,0.239811573577664,0.6263860826911624
165000,1020000,0.12202192212582288,0.30407300294072365,0.1609086691792196,0.4096405382741235,0.21942914741944097,0.5730368048691387
165000,1030000,0.11741618615633409,0.29260908275132375,0.15355001412883482,0.3917283716958368,0.2070411606676541,0.5430351546266415
165000,1040000,0.11417625039462492,0.2846361414872919,0.1485455052800069,0.37917591452969096,0.19938904004117167,0.5232668136517211
165000,1050000,0.11008979896523924,0.27464535470959406,0.1420152861288516,0.36283207811207796,0.18904754944416724,0.4966815323534957
165000,1060000,0.10738059756764712,0.26816268983244956,0.1372823691166854,0.35099254263060675,0.1811342053788681,0.4761077081968239
165000,1070000,0.10671731546156657,0.26609399428719643,0.13591045330243362,0.34638548407317266,0.17893954517775842,0.46767382975161303
165000,1080000,0.10694750098390399,0.26630214161565197,0.13599195798029268,0.3455736250059646,0.17909868571933382,0.4655956010869935
165000,1090000,0.10285547130467519,0.2557705351405928,0.1304730699884509,0.3309408695788476,0.17163278001800764,0.44503054540610054
165000,1100000,0.09632906615940028,0.23949875821512615,0.1213791542442219,0.30807485198616097,0.15851080889304153,0.4118849211424834
165000,1110000,0.0902364067028405,0.22424770438953903,0.11268799117617735,0.2862015875019192,0.1455347810003688,0.3792364862451046
165000,1120000,0.087464358017151,0.21709510767950363,0.10867609035304125,0.2757361959109349,0.1395687503893691,0.36343265897091753
165000,1130000,0.08718493851457768,0.21637474738789808,0.10806367614284858,0.27418084698125317,0.13835211594309213,0.36028804055762625
165000,1140000,0.08914038024069747,0.2214762637199973,0.11061814292024894,0.2809875712741015,0.14177955395895644,0.36964482509735874
165000,1150000,0.09214151807779546,0.22921627618737364,0.11490784048157889,0.29217174015760566,0.14824583937255917,0.3867202679355862
165000,1160000,0.09442942798116395,0.2352008571606062,0.11794421771781348,0.3002154721483709,0.15245986956979704,0.3980605333873637
165000,1170000,0.09551642131973036,0.23821847399231605,0.11893748198617841,0.303148171242725,0.15311964127413732,0.40037291944607095
165000,1180000,0.09669693816236116,0.24150468296987163,0.12007106246935605,0.30646157954464126,0.15407040008444195,0.40340691539357876
165000,1190000,0.09876734890825545,0.24686965083281037,0.12289537522737819,0.31386253619231774,0.1580933938630511,0.41413711971039197
165000,1200000,0.10529122377904096,0.2631279634432616,0.1335032960451679,0.3403262567202305,0.17618950287840904,0.45954483049342
165000,1210000,0.11773692483596684,0.2931047256053198,0.15574322633333357,0.3930269395045604,0.21699362853627407,0.5554040909428285
165000,1220000,0.13211275201879188,0.32613518064039354,0.18238695393479934,0.4525387724392308,0.26429562222306857,0.660710536263552
165000,1230000,0.14256409013602256,0.34990818545846075,0.19927579189333058,0.4904034355216419,0.2888836133138482,0.7182585963826298
165000,1240000,0.14253675033600652,0.3512836806233277,0.1960443205518376,0.48488275940435915,0.2818468576996657,0.7029076623006753
165000,1250000,0.13598709297908212,0.3373014854879557,0.18017065424790576,0.45080047771466975,0.25081061438648666,0.6339940989343337
165000,1260000,0.12608104557436633,0.31453553279087243,0.1609295467058517,0.4070683005849483,0.2141369462851386,0.5504097358555324
165000,1270000,0.1185814253522049,0.29601912163975413,0.15047651249619892,0.3808535112533586,0.19968912493876007,0.512888469235009
165000,1280000,0.10966388651947961,0.2738693707574829,0.13945604657898414,0.3532849133039645,0.1866799371146563,0.479770758048664
165000,1290000,0.10175250209701327,0.2541303739635592,0.13015662575296943,0.32993232081612706,0.17816403957710503,0.45663592473660986
165000,1300000,0.10021479710434773,0.2494282207828199,0.12969882742166694,0.327356620781708,0.18049810446490488,0.46007157612921895
165000,1310000,0.10391511163274181,0.2579478184183174,0.13827013051258552,0.3466094516755826,0.20031846263007547,0.5031567517292297
170000,860000,0.09019799231708676,0.2236370604635083,0.11354176965155476,0.28815159389205575,0.14760982734998257,0.3849868206684358
170000,870000,0.09483239258324493,0.23556596570569122,0.12017826898023745,0.30564019820124383,0.1573230927592723,0.4113388870249641
170000,880000,0.09973919136310787,0.24805192062785836,0.12741339849451686,0.32448934625964926,0.1681435584126676,0.4403559650967358
170000,890000,0.10418175511851335,0.25902227804885397,0.1345150665690678,0.34247276941520544,0.17942175087742485,0.469798944810456
170000,900000,0.112391559382366,0.2791688905167968,0.14765432453643754,0.3753429410855166,0.20029064621753442,0.5233684485707732
170000,910000,0.12156780170535374,0.300895805115228,0.1634051169765903,0.41315535403236003,0.22656373438039745,0.5876946721657642
170000,920000,0.1338356703600113,0.33002780335584747,0.18290356393958673,0.4598877967548828,0.2569187903793578,0.6615481239298091
170000,930000,0.14770100316535106,0.36153020544683706,0.20654430615345143,0.5128613235743833,0.29623530810042936,0.7494744481580397
170000,940000,0.16103425103661087,0.39154808320923973,0.22726393390677627,0.5593221584997263,0.3274296781539775,0.8201989082152914
170000,950000,0.17152280839435982,0.41431203173571574,0.24408211359985882,0.5954326349051001,0.3532010516120116,0.8762888955263439
170000,960000,0.1775605882143373,0.4283107081006304,0.2520576130906073,0.6138816749993693,0.36335963493419726,0.9009396842014064
170000,970000,0.1777194785044328,0.432136549437515,0.24826620494788365,0.6093629358433641,0.35474071732628687,0.8855934671302046
170000,980000,0.18616070052139183,0.4544011624195718,0.2556736731372002,0.6294138749378798,0.36213486728581645,0.9041149597830164
170000,990000,0.1876750153638834,0.4603346114805845,0.25247263961076305,0.6261931609014649,0.3517722344137373,0.8854218336715894
170000,1000000,0.1746044438100897,0.4294684926903526,0.2354643144614259,0.586125678081282,0.3288621300924055,0.8312969567179908
170000,1010000,0.15762092298892283,0.38980581749778154,0.21442861167893904,0.5379385259791211,0.3012099225896648,0.7694224149409623
170000,1020000,0.1462406915195674,0.36218981832994773,0.19890353561987353,0.500576263991463,0.2798068380151832,0.7172220035284111
170000,1030000,0.14101794081778724,0.3506849697044661,0.18868527471129495,0.4787245608804782,0.2602247995569904,0.6760174047000254
170000,1040000,0.13751752732139316,0.3427237496176461,0.18281066487124495,0.4650635210555915,0.2507972176993477,0.6535197906298762
170000,1050000,0.13168385599551688,0.32904092841294,0.1731919262669881,0.44227405214074306,0.23516004232199522,0.6159517006255827
170000,1060000,0.1269859786661206,0.31799691430489874,0.1650745624167484,0.4227620721987233,0.22150700413380628,0.5824802710021064
170000,1070000,0.12474945386087105,0.3121307395165919,0.16083413816368825,0.4111936725233452,0.2142256722536488,0.5616383067608388
170000,1080000,0.12157572158264617,0.3039841328042963,0.155861589537417,0.39794380199771984,0.2066001768159149,0.5403792031661854
170000,1090000,0.1150019400009851,0.28739320086480324,0.14687325926949,0.37479735249847174,0.19410570534831295,0.5074072169707041
170000,1100000,0.10687808237067808,0.26729650349262146,0.1355296895840363,0.34651647380710443,0.17772047256658347,0.46637411771407966
170000,1110000,0.10085050212737294,0.2520395235287889,0.12706701495470818,0.32478956383860585,0.1655463719483586,0.43460620582245235
170000,1120000,0.09775238966921276,0.24416511849948103,0.12237603720352315,0.3126514125049329,0.15835778395886815,0.41551611050524584
170000,1130000,0.0976395361771715,0.24406868482483499,0.12168389402882364,0.3111461653557466,0.1565829247018425,0.4112139391916187
170000,1140000,0.1004939560947673,0.2515614716873804,0.12540560274150844,0.3210757741192842,0.161583124254661,0.4248025115641684
170000,1150000,0.10513436586833058,0.26333234808915656,0.13253506874242327,0.3391589349219256,0.17326416684508958,0.4544142083292574
170000,1160000,0.10859514261153994,0.2721735252076514,0.13753092096973446,0.3519361853638402,0.18084615209406274,0.4738877563688801
170000,1170000,0.10966803818614866,0.27526110951514243,0.13822471624627714,0.3543411718437591,0.18050456987338653,0.4742071670902423
170000,1180000,0.11018711185425714,0.27683357342010073,0.13846801585444624,0.355304986095267,0.18025936842171938,0.4739968376618869
170000,1190000,0.11229311659018695,0.2822546896748669,0.14129449457526008,0.36264659863765963,0.1841542799722174,0.48431758247447654
170000,1200000,0.11993293585881855,0.3006920118434572,0.15467384354822242,0.3945280196607858,0.2086394292689174,0.5421104850205253
170000,1210000,0.13459721090705087,0.33460864958795383,0.1822103483487014,0.45612949379146617,0.2603378299866053,0.6556161308210369
170000,1220000,0.14741065182342408,0.3630904795612756,0.20446406319670202,0.5047021741323708,0.29531883228543826,0.7344542533971515
170000,1230000,0.1498873045868081,0.3695845178599906,0.20678306119401402,0.5108313297380904,0.2974789911828154,0.7402367856291246
170000,1240000,0.14454468301492424,0.35910258349442636,0.19267008541159603,0.4817616229326168,0.2701803404193518,0.6805976828940201
170000,1250000,0.13662483498880482,0.34123370764375166,0.17500002302890494,0.44238860991835177,0.23409055413201166,0.5999734963938256
170000,1260000,0.12925937978275948,0.3236299789965826,0.16253822337490828,0.41237935128438824,0.21293289827923403,0.5478017178755189
170000,1270000,0.1230774317992852,0.30772772440889157,0.15458923964780139,0.39147291858259786,0.20277122424224292,0.5198641274480404
170000,1280000,0.11228160755418974,0.28129825817314574,0.1403830781613008,0.35704201502895905,0.18330164288744125,0.4734870085874829
170000,1290000,0.10350873071547534,0.2597689530612596,0.12960848276456594,0.33096283321295716,0.17053539097184978,0.44342597991524485
170000,1300000,0.10267767731853732,0.25666581017146994,0.13084482324147234,0.33227145853482587,0.17707898908095399,0.45630559672596216
170000,1310000,0.10478041672651794,0.2614271351267557,0.13638461177769093,0.34457025407588543,0.1923230178258214,0.4880814244063155
175000,860000,0.08058727351031092,0.19830638638185918,0.10095560802856682,0.2541832329838087,0.1306492710869594,0.3378916965125754
175000,870000,0.08364958189927066,0.2062246273041855,0.10529066402959195,0.26567410010279596,0.1369399805217018,0.35508058647784957
175000,880000,0.08677686504844363,0.21429991314160055,0.1097185569351241,0.2774035817959682,0.14333363869296387,0.37255195690305365
175000,890000,0.09064071607239209,0.22405981202211117,0.11564749923199893,0.2927767528924394,0.1524791649023466,0.3970360817383053
175000,900000,0.09600068082000704,0.23753388043025395,0.12392051144674233,0.31408094856842383,0.1652554704283509,0.43096888274471845
175000,910000,0.10286559171983274,0.2545721538611122,0.13478289951723088,0.34164586037057876,0.18228439085573428,0.4754516705406192
175000,920000,0.11173349750032152,0.276252733336187,0.14899117603775802,0.3770432992120051,0.2046188468808014,0.5326004593927788
175000,930000,0.12380231879889074,0.3055332396567993,0.16814208466273176,0.4237549535362867,0.23493562322449918,0.6074245266434692
175000,940000,0.13469891788374952,0.33167695760765553,0.18472584796786046,0.463805111923933,0.25991427129173,0.6685903949845009
175000,950000,0.1483341992643881,0.3624119695180074,0.20817655215047676,0.516030119753144,0.29896572556190604,0.755560835828271
175000,960000,0.1635417914046724,0.3963741886812812,0.23272052068600393,0.5697615713059592,0.3376778996612655,0.8400806706227021
175000,970000,0.17358639089963443,0.42010702431756947,0.24538596644265864,0.6000909941774292,0.35284160779852525,0.8787541499178891
175000,980000,0.18580904757513653,0.45018735430138423,0.2596015149670899,0.6353750769697278,0.3700842231013513,0.9219482771024861
175000,990000,0.18971428938885437,0.4617212320737151,0.2618677572884391,0.6439998934739583,0.3706405332561608,0.9266407055960965
175000,1000000,0.18806080665824573,0.4581114529377227,0.2591452866326505,0.6389390729663965,0.3655412378492708,0.917692443404427
175000,1010000,0.17990683894276863,0.4390101863486734,0.24974898771704626,0.6162590606720721,0.35555734506622777,0.890860097346713
175000,1020000,0.1734310701546905,0.42491903984054585,0.23999121135924953,0.5949595400033003,0.34152368648256404,0.8590786635525934
175000,1030000,0.16968871682502504,0.41775540627186664,0.23278834118196493,0.5806963503370316,0.32911577941743975,0.8336049109570406
175000,1040000,0.16614578977942382,0.4104951232024481,0.226165289798446,0.5670875618860918,0.3171474278120414,0.8094485481510449
175000,1050000,0.16115394827698976,0.40032295321845784,0.21710679034704122,0.5480117802766381,0.3021872796130398,0.7768121583743389
175000,1060000,0.1527530609321278,0.3812751238557192,0.20321854027713002,0.5164313791908888,0.27958754976480443,0.7253442739961208
175000,1070000,0.147441677388181,0.3685420095343508,0.19396140868820327,0.4941792787481355,0.2637875987173868,0.6873696217757542
175000,1080000,0.14020121461181018,0.35117184743056473,0.18237380892572935,0.46617598984522657,0.24516671775340793,0.6419036416909055
175000,1090000,0.13202280305677724,0.3309861596461824,0.17107462072039162,0.43798698590311813,0.22920053392214754,0.6015610038128164
175000,1100000,0.12261308958794431,0.3077406835350128,0.15786828337858314,0.4050323838660869,0.21021379720775463,0.553623997469931
175000,1110000,0.11566412382277637,0.2902630244590154,0.14785150477674358,0.3794599972072931,0.19551096715420227,0.515329169391961
175000,1120000,0.11149453906304925,0.2800734820874362,0.14105664782079502,0.36248696003632,0.18450713883878367,0.4870482734766045
175000,1130000,0.11088358229161198,0.278979116262922,0.13922208752203624,0.35844176613644546,0.18045091452259834,0.47735652735754924
175000,1140000,0.11507927897258811,0.28998257697747454,0.14466777829427035,0.37294258154975535,0.1876946024511626,0.4969849490307765
175000,1150000,0.12280004845371319,0.309228315584041,0.15703172108640587,0.4033069635083602,0.2090300219551506,0.5483617569784864
175000,1160000,0.12786133912098446,0.32168001808039626,0.16509741082624912,0.4227036052126292,0.22272029032594665,0.5805044855040932
175000,1170000,0.12837638014221342,0.32340678195191863,0.16466066151170938,0.42260715222887346,0.21978361403458624,0.5756904667898658
175000,1180000,0.1281713980286349,0.3232093407310879,0.1638790408081759,0.4209948564878796,0.21819278560782418,0.5719146331751439
175000,1190000,0.129496073318409,0.3265559496786237,0.16553209967206772,0.42524119010459827,0.22010280164375232,0.5771804479578325
175000,1200000,0.13735537729967376,0.3448265270419599,0.17988329348493468,0.45762727989278607,0.24731988119286144,0.636891350598886
175000,1210000,0.14941937261308105,0.37174273882640985,0.2018680029749733,0.5052268749750315,0.2858351385104678,0.7203528550996925
175000,1220000,0.15452606992275222,0.3833504353933009,0.20959001751554984,0.5225314440768277,0.2965468088649008,0.7457659346087712
175000,1230000,0.15073807467765554,0.37617701962350947,0.2004824508419861,0.5035650388715038,0.2804677068316556,0.7091403860105145
175000,1240000,0.1434274255922747,0.35996162995721287,0.18406735029397564,0.46749002066076273,0.24725407669968189,0.6359352323403368
175000,1250000,0.13638302490155738,0.3435969009001958,0.17067791524478088,0.4362652064746481,0.22208828760165092,0.5767108237214086
175000,1260000,0.13128015384907663,0.3309473671937363,0.16311278739624732,0.4170759183673322,0.2107974179198567,0.5469248984587977
175000,1270000,0.12675181178993955,0.318685021240643,0.15786311840684364,0.4023889894558356,0.20485719985476802,0.5293197849784835
175000,1280000,0.11651409312775428,0.2934420243987241,0.14446824488863552,0.3698195127485917,0.18633858157969044,0.4853345609156546
175000,1290000,0.10656328378936937,0.2688286282956965,0.13132600382722812,0.3378974313897618,0.16777759440045398,0.44185113278962646
175000,1300000,0.10408072773312067,0.2617262703618129,0.1290792327612924,0.3310299863081159,0.1665268100151477,0.4369139535481642
175000,1310000,0.10602819758341105,0.2661248813603038,0.13356040592598803,0.3412978491255792,0.17702888911922304,0.4606514386270064
180000,860000,0.0728206632350821,0.17783091097734502,0.09091552781320224,0.2270625989232063,0.11729139682751712,0.3007445999565092
180000,870000,0.0749508136088655,0.18334859606459558,0.09389436199840455,0.23497825648225154,0.12157263595393115,0.3124819687952619
180000,880000,0.07755943894678317,0.19011013189962656,0.09753487487236838,0.24466051050441256,0.12677460552831007,0.3267583732912239
180000,890000,0.08042008688042904,0.19744925222509996,0.10171353713136483,0.25566008450141703,0.13298126528463516,0.3436274193824897
180000,900000,0.08414377820030156,0.20689487521770325,0.10740412567800457,0.27048012674374816,0.14171503485820058,0.36713194971818236
180000,910000,0.08932787631361513,0.2200333701355011,0.115272262982591,0.2909106244387342,0.1536859322616203,0.39921104795619616
180000,920000,0.09561331505983765,0.23584947973188297,0.12491251085931092,0.3157195644600392,0.16841415897837586,0.43827480421970394
180000,930000,0.1035010403172178,0.25559202939463216,0.1369465442494768,0.34641566311184313,0.18675658546677668,0.4862635713854248
180000,940000,0.11361966239226959,0.2805770707550148,0.1524793249847723,0.38535010615668436,0.2104766341992344,0.5470717318400746
180000,950000,0.12504203494571525,0.3080003997988612,0.17103550424598649,0.42999162725697837,0.24047285822671294,0.6198310788453191
180000,960000,0.1373636676891604,0.33734917084748617,0.19007477605329437,0.4752839050970052,0.2695605595921027,0.6897460113084815
180000,970000,0.15605910907237744,0.3808113251106933,0.21950277416403138,0.5421792306840485,0.31629067332090627,0.7943701745686349
180000,980000,0.17045331045297507,0.41470898846058873,0.23889321568250074,0.5880543963860564,0.341978665800589,0.856733549775984
180000,990000,0.18249463659770973,0.4430978530618113,0.25428241940205115,0.6250180902795373,0.3613190466478755,0.9048397411629068
180000,1000000,0.19134366925754748,0.46368734801265243,0.26553087284702565,0.6521834419633752,0.3750566536934673,0.9397798849095446
180000,1010000,0.19239660506532347,0.4671822121826288,0.26558283403752575,0.6547979661503336,0.373318885583222,0.9396513036250694
180000,1020000,0.19311134727646292,0.4703448845001116,0.265501140364561,0.6562692156884693,0.3725527374191171,0.9390654335203082
180000,1030000,0.1950469503584377,0.47661808316635457,0.26700503729576086,0.6614028431658173,0.37413016445002933,0.9433838844420328
180000,1040000,0.19685622423602192,0.48190833680057005,0.26860300138338233,0.6664506884533015,0.375646654085686,0.9483705843018428
180000,1050000,0.19344000355688468,0.4750955889610358,0.26352111609285206,0.6553261634375772,0.36904847490732384,0.932219263249882
180000,1060000,0.18546803787222949,0.45795037235395913,0.2514555791579714,0.6286603787775195,0.35172142367215165,0.8924891747019692
180000,1070000,0.17742040674998225,0.43977215091918587,0.2389701501017605,0.6002594285170415,0.3328843767646932,0.8491310306436278
180000,1080000,0.16785768078071145,0.4176079546116318,0.22441003337223012,0.5666462704716065,0.3104516609144221,0.7977662168897579
180000,1090000,0.15615708685665172,0.39020520481086873,0.20706223320803502,0.5264978883922166,0.2840570346504118,0.7372471440240398
180000,1100000,0.14617073204715653,0.36592325498336037,0.19315552508277326,0.49247485566160226,0.26440970419766424,0.6887409584420175
180000,1110000,0.13712444073964805,0.34417833808655984,0.17911714884841295,0.45877186356396393,0.242180211335702,0.6353949850411459
180000,1120000,0.13065702175115632,0.3290863443333277,0.16816582057325039,0.4327929784977705,0.2239837302962791,0.5912792466565131
180000,1130000,0.129455888921081,0.32727336174953764,0.16442140114000955,0.42521277063626967,0.2156508588470254,0.5727671884235676
180000,1140000,0.13485389118308105,0.34140030294157425,0.171178263461542,0.44325262095359463,0.22411653407611454,0.5959688415228529
180000,1150000,0.14665344924288604,0.36984190160183544,0.19069967473376953,0.48880442489725107,0.25882425735346387,0.6737999471637525
180000,1160000,0.15387844571916107,0.3870299793075883,0.20227175233269717,0.5151530423778755,0.2783875666593363,0.7164727201988419
180000,1170000,0.15351632587799147,0.3866300778661666,0.2006542151939872,0.5123345669272793,0.2740449442750495,0.7086393532754295
180000,1180000,0.15214180062504978,0.3834827657476204,0.19855310100518225,0.5071795721003904,0.2712725408073456,0.7011077414685501
180000,1190000,0.1518534694194103,0.3828944268722294,0.1976081970557234,0.5053007197097296,0.26875798234384757,0.696383663015635
180000,1200000,0.15790611788912934,0.3962788113231555,0.20839483043944199,0.5284171430902137,0.28790770436250535,0.7367987442311758
180000,1210000,0.1653370773765279,0.4121380323586427,0.2215088621825557,0.555782738272373,0.3096007145630098,0.7831122924695525
180000,1220000,0.1636808957281751,0.40909699459798005,0.21780878118504032,0.5478238654002104,0.3037192850457749,0.7687730864202656
180000,1230000,0.15614292292337692,0.3931168810226971,0.20138805345513602,0.5128109113395188,0.27215088477400784,0.7004503975215969
180000,1240000,0.14787051061598067,0.3739461619844941,0.18534257526840187,0.4758746082928041,0.24132453146137578,0.6300359795844211
180000,1250000,0.14247419433556638,0.3610001510533557,0.1766845038983114,0.4546375105550592,0.22735358283458687,0.594762941664487
180000,1260000,0.13904792089448495,0.35200422417632266,0.17231548092584864,0.44275016197816663,0.22182426104290148,0.578867607796159
180000,1270000,0.1356522302765392,0.34253215240153717,0.16866659008256008,0.43219028432414763,0.21804293846574946,0.5672504220369718
180000,1280000,0.12546250240316778,0.31735515013705884,0.15558591060769897,0.4003691767314996,0.20027665986331902,0.5251723156239115
180000,1290000,0.1144013856530436,0.290043427794293,0.14091523102838224,0.3647407654216247,0.17943230256355203,0.47611770185954083
180000,1300000,0.1109018617930462,0.28037447090413037,0.13699688370226962,0.3536633560739983,0.1751519430818485,0.46357363176016736
180000,1310000,0.11194370792176564,0.2826640961883858,0.13913190785367097,0.3585870532707665,0.17940136944942756,0.4736269969275728
185000,860000,0.06663078948278,0.16154421059296695,0.08298534871392373,0.20568027039537137,0.1068312108207647,0.27170460722481
185000,870000,0.06815903580626641,0.1655023098192263,0.0851005219224286,0.21130065341022858,0.1098507543268118,0.27998494568489984
185000,880000,0.07036219007343035,0.17121536589534614,0.08814157855725387,0.21939057290030647,0.11416598007056296,0.29183129476376085
185000,890000,0.07236965474061134,0.1763865859130916,0.09102812667848655,0.22702160516064107,0.11840441032074596,0.30340398412231573
185000,900000,0.07480360421237633,0.18262270489292193,0.09462928554087044,0.23648716630935285,0.12381271640701512,0.3180904503705772
185000,910000,0.0787127563300275,0.19263724880931604,0.10039459612618808,0.2516300089138516,0.13241129552581077,0.3414119649211487
185000,920000,0.08341509710992664,0.2046527131144715,0.10734952371268805,0.26984279273164646,0.14275529318056432,0.36938183733992863
185000,930000,0.08888320623463765,0.21858916779009274,0.11543241590560883,0.29092488732296296,0.15476122599370493,0.40165620285137527
185000,940000,0.09628668584948577,0.23724682256868118,0.1265983305527714,0.31968835063055767,0.1715732386819086,0.4462571495674795
185000,950000,0.1052138296446518,0.25966238668433256,0.1399904611769138,0.35383414443540023,0.19186751758958306,0.4991026530153529
185000,960000,0.1153608384347776,0.2848011544909615,0.15529961582330687,0.3922317048846453,0.21499448061245782,0.5582736440174348
185000,970000,0.1292106438671648,0.3187082701301846,0.17632721252208206,0.4436768197616925,0.24741896863502377,0.6379638080087987
185000,980000,0.1439609389901502,0.3537923590468884,0.19941513429301969,0.4977482150355477,0.28398197838533207,0.7229446840584862
185000,990000,0.16169298781027022,0.3955597418537984,0.22566938507723389,0.5587302822256867,0.3236498204480404,0.8136961898603543
185000,1000000,0.17637148559218682,0.4290033995562975,0.24617469708408446,0.6062832647536475,0.35093844841880534,0.8795455021339849
185000,1010000,0.1883274987396331,0.457447463658352,0.26142064834459955,0.6431343129175854,0.3705459408035947,0.9276798096022637
185000,1020000,0.19707527319152093,0.47983478404512764,0.27066184195081494,0.6684831838649368,0.3798016600384385,0.9556727106777366
185000,1030000,0.20412909855834158,0.49879549972642845,0.27698323064129965,0.6881930472208938,0.38390965181559517,0.9740640782165865
185000,1040000,0.210786140662253,0.5155084709078287,0.28475893648357564,0.7080988297224549,0.3931633602248712,0.9984243211082207
185000,1050000,0.20927787829759514,0.5138565695107965,0.281753304178923,0.7028209631086879,0.38862096084257763,0.9887054086945121
185000,1060000,0.2053023994229877,0.5053448282992988,0.2764976290510814,0.6903200865115049,0.38237301295580756,0.9719903648881554
185000,1070000,0.20009756960684555,0.493319034345426,0.2697891236591663,0.6738751843843456,0.37426503442175907,0.950495329025137
185000,1080000,0.1929549752453681,0.476597895876674,0.260338452522883,0.6511800962511087,0.3620766922040386,0.9200597402830819
185000,1090000,0.1835912133834158,0.45475311743844715,0.2475475985545506,0.6212627605441321,0.3444912214822431,0.8785489695086482
185000,1100000,0.17448967678572078,0.4330135101833503,0.2355441804830623,0.5921407291946342,0.328891716395085,0.8395887347300128
185000,1110000,0.16555570011366363,0.4125746829949398,0.22196568748100562,0.5610872564538749,0.30832434987660856,0.7924479301604855
185000,1120000,0.15632700699509475,0.39229988721092335,0.20616019839718214,0.526178414742044,0.2819805538186445,0.7338541995071209
185000,1130000,0.1542174536126318,0.38964508813626325,0.19942098085473606,0.5141722153010269,0.2666863488045236,0.703951630118176
185000,1140000,0.16215181327670591,0.4102939690076611,0.20879132874683484,0.5394635764101089,0.2772123512105258,0.7342567870800165
185000,1150000,0.17516277261702404,0.4409751264579818,0.22890171548138005,0.5852851105134494,0.310037397426146,0.8061731923074965
185000,1160000,0.1812258989291069,0.4556509690888174,0.23720083488441587,0.604765228950487,0.3218533314999204,0.8329930484688067
185000,1170000,0.18034015092994876,0.4539559107148028,0.23557516963493977,0.6011685318690692,0.3193423025813764,0.8268734297908595
185000,1180000,0.17691586730392217,0.4456745434423286,0.23105800641964494,0.5897060084033173,0.3137754021395554,0.8115266513146505
185000,1190000,0.1751154719942733,0.441349324990223,0.22844954812825533,0.5833583629895426,0.3100768049735275,0.8022508339533736
185000,1200000,0.17708787710637197,0.44538316561969593,0.231667971764077,0.5900207572717892,0.31492716604366877,0.8128421760496394
185000,1210000,0.17668677904824995,0.4438646679020261,0.2316901463898381,0.5885268616470286,0.31608712234315606,0.812590799121153
185000,1220000,0.17006067216367263,0.4294691295398827,0.21951367486576412,0.5615555272500771,0.29564208514649604,0.7659027362473345
185000,1230000,0.16147063190714214,0.4101766341463032,0.20300628683575392,0.5246208235854577,0.26447748765347395,0.6969073245991445
185000,1240000,0.1552213716690597,0.39562798796072984,0.19252466607125202,0.4996329962987352,0.24692727237954387,0.6541570944408001
185000,1250000,0.15192898837830948,0.3872330719453059,0.18809277152132117,0.4878981074529545,0.2409926952989161,0.6376858254589366
185000,1260000,0.14990066047347317,0.3815463265509043,0.1858612847462735,0.48133073065015797,0.2386047640559366,0.6301739298806452
185000,1270000,0.14761746742447432,0.374907094002576,0.1836239729949513,0.47453855602573314,0.2365163102679333,0.6234415125609026
185000,1280000,0.13828228344733667,0.351422118213659,0.1722223983330409,0.4461148151029221,0.22197368075670806,0.5879207709936453
185000,1290000,0.127158259389733,0.32366358387348815,0.15801576289274144,0.4108935864318086,0.20298621204521297,0.5416092422671753
185000,1300000,0.12243226150602807,0.31106887216153767,0.15202137362634377,0.394679824679089,0.19516212509598777,0.5199708159513855
185000,1310000,0.12214045000843546,0.3100336479389093,0.15197089160062052,0.3940946552899601,0.1956349626194772,0.5204691130118483
190000,860000,0.0614168427606487,0.14786627884489972,0.07634653266976177,0.18783308776930713,0.09812894529804153,0.247617092494241
190000,870000,0.0627352017770744,0.1512864667645819,0.07812403343156116,0.19256261482956205,0.10060929341583792,0.25442592661139807
190000,880000,0.06439211270613467,0.1555742703243058,0.08041036593979467,0.1986326308560913,0.10386123165065093,0.2633370118104429
190000,890000,0.06598518462223235,0.1596888168227754,0.08264951466508554,0.20456181367708162,0.10710065132354743,0.2721909040199286
190000,900000,0.06802056675868005,0.1649213423788977,0.08561010118596692,0.21236841947964127,0.11149740446307167,0.2841651769920719
190000,910000,0.07074725947653251,0.1719400383087853,0.08955361377252027,0.22277474038906653,0.1173014998474007,0.29998224595367406
190000,920000,0.0742636734107688,0.18098398743528768,0.09465531299114872,0.23622000531953843,0.12480651496795787,0.3203996851151019
190000,930000,0.07831841461126995,0.19140402223819594,0.10052535907067017,0.2516741128528412,0.1333983849506071,0.34374067634460653
190000,940000,0.08401402367794443,0.20599466479721967,0.10877288119665103,0.2733142695268487,0.1454460441057512,0.3763398420504521
190000,950000,0.09022028252580605,0.22183515241665366,0.11780408221334843,0.2968732495817782,0.1587272127754367,0.41197819209195674
190000,960000,0.09854533342591067,0.243029994292062,0.12978022156465407,0.32799402463900496,0.17611059235212664,0.4584015572224136
190000,970000,0.1088001755813986,0.26881264323718623,0.14504731762320752,0.3668315007860556,0.19923114955417587,0.5182697007765145
190000,980000,0.11986529346583644,0.2966327218994983,0.16071408077500104,0.4067626852533192,0.22164172365146906,0.5765688000387024
190000,990000,0.13392864125965842,0.33114294849483455,0.18175416891197801,0.4582898013334591,0.25389422602132883,0.6556124439153297
190000,1000000,0.153442692909022,0.3774007896905569,0.21125794608799683,0.5275890619783941,0.29921861232267755,0.7613272492866082
190000,1010000,0.16975782112535254,0.4157850449994994,0.23491555330939679,0.5822537647538434,0.33478687661941775,0.8416715188041953
190000,1020000,0.1865289061788052,0.45557648021799796,0.2572352287979937,0.6356764203242362,0.36404650530114463,0.9134693685043423
190000,1030000,0.20144640478423068,0.4921271693509788,0.2743380162309829,0.6802116384958946,0.38196177556928873,0.9657824163841937
190000,1040000,0.21692488530369763,0.5300051370340785,0.2926537878694391,0.7267862006873896,0.4037163179822299,1.0232603321146305
190000,1050000,0.22081726550996475,0.5415238661367162,0.29591967631176874,0.7378271155854623,0.40615023998179867,1.0332595651564787
190000,1060000,0.22184942826356027,0.5453077332570242,0.2965067253490025,0.7405929477394971,0.4063622334837,1.0349550494449697
190000,1070000,0.22039013505494917,0.5420318730018668,0.2947743290918316,0.7361119651196831,0.4045477742140031,1.0294560916385087
190000,1080000,0.21743504428916655,0.5346157578683,0.29157218625484616,0.7272901769076481,0.40133925475819815,1.019447058919539
190000,1090000,0.21227329123423222,0.5216372930225734,0.2858471884148047,0.7119935830339393,0.39523869839956993,1.0017357211201925
190000,1100000,0.20596771238025935,0.5058763779660952,0.27883704171781726,0.6932800028515895,0.38784261362475514,0.9800980728106428
190000,1110000,0.19722732296515424,0.48585064956028484,0.26744275225788916,0.6661145128292236,0.37363924237298207,0.9442250045328051
190000,1120000,0.18840251799912605,0.46765857896937146,0.2534957999256555,0.6363343307870687,0.3530060311070652,0.8981924400214591
190000,1130000,0.18680353952829412,0.4680129510041701,0.2465846168149691,0.6271128289844151,0.3370624413544015,0.8716618135370542
190000,1140000,0.19895851113668805,0.4979758922285645,0.261581574560596,0.6649563720163981,0.354868325246259,0.9191393327686419
190000,1150000,0.21182757067394792,0.5291351711993281,0.27807768329407445,0.7046559152352203,0.37648291974108195,0.9706591379011744
190000,1160000,0.2143771908641823,0.5369420279988418,0.27949053063917806,0.7109403820832945,0.3755044707648637,0.9730555475620696
190000,1170000,0.2130391804041416,0.5337901542692505,0.2778440060063272,0.7064437613505181,0.37375435441185745,0.9672775072933475
190000,1180000,0.2067086856097334,0.519794825478132,0.2684087630429721,0.6854863926628294,0.35972890747684294,0.9354756013331486
190000,1190000,0.20438619335956149,0.5136301958816272,0.265896376518961,0.6781183686090384,0.3573038483091216,0.9269981569063258
190000,1200000,0.20237952732623035,0.5084994560588731,0.26341847709312843,0.671526018230716,0.35428380397361786,0.9185049876367213
190000,1210000,0.1958050815579255,0.4935776228337752,0.2537963352139937,0.6489621299747396,0.34084982119396157,0.8853025353770628
190000,1220000,0.18603579223830968,0.47150929925055823,0.23705819326762673,0.6112968176281993,0.31242982696838417,0.8220193848635938
190000,1230000,0.17702029799173646,0.4509324413572867,0.22211416835842332,0.5767777295035124,0.287735266772905,0.764455435671167
190000,1240000,0.17387982634496166,0.44393466801485787,0.21704724367816206,0.5648952777287647,0.2798075046123332,0.7450118422489344
190000,1250000,0.17366474571848386,0.4432564099300382,0.2169390825306578,0.5643509153375268,0.27993872075501847,0.7449484667440736
190000,1260000,0.17294698224394234,0.44097085874161046,0.21633944214053533,0.5622752125496937,0.2794879473310217,0.7432046121547269
190000,1270000,0.16999048487508636,0.4323406195668296,0.2133686768103343,0.5532239643893845,0.2765362488004189,0.7337313288589895
190000,1280000,0.16184905125473434,0.41171986712994013,0.2040909231120694,0.5298069457423039,0.26568903657124365,0.7068235347742732
190000,1290000,0.14889453825323987,0.3792560090078744,0.1882691914576227,0.4898031036090772,0.24601516247843308,0.6567557666568239
190000,1300000,0.1409809847417603,0.35910424170671673,0.17756093628455039,0.4620029037055681,0.23133370301574893,0.6175128837694295
190000,1310000,0.13907559323042726,0.35397866088883906,0.1753623732019453,0.45564987935867307,0.22910349500744046,0.610165961309366
195000,860000,0.057048450384421856,0.13644687683046233,0.07081341801780314,0.17301276606406382,0.09091313810627585,0.22771990896404729
195000,870000,0.058109767836477554,0.13919455325435312,0.07223082066327209,0.17677558631173265,0.09287817676090007,0.23310152675927326
195000,880000,0.059608252716072445,0.14307587852295686,0.07424651933021773,0.18212911468248216,0.09568310046000458,0.24078653469322292
195000,890000,0.06080924493326214,0.14617262759332644,0.07593232506989707,0.18658559429100255,0.09812734198573354,0.24745733511726953
195000,900000,0.06261158427338576,0.1508235669922614,0.07846839596483042,0.19329240571712414,0.10179967897215669,0.25747930620059145
195000,910000,0.06454776141099941,0.15580882620701958,0.08126033482398319,0.2006604106164137,0.10591608843435886,0.2686965377140754
195000,920000,0.0667408034635508,0.16147948696101794,0.08436277215840342,0.2088735325270019,0.11040420815673874,0.2809537272422424
195000,930000,0.07026976472610655,0.17058241106735864,0.08937772412448891,0.22213049061408877,0.11765519389920422,0.300734698851662
195000,940000,0.07452179457114841,0.18153290459654728,0.09543394856560103,0.23811794791378882,0.12639991567397332,0.3245581643885233
195000,950000,0.0794759125439353,0.19431758053972278,0.10239106524238362,0.25650482317608375,0.1363275878364216,0.35159615168963276
195000,960000,0.08565088676209366,0.21020681507918001,0.11110977979465124,0.27946815745476844,0.14880563280280876,0.3854491132275412
195000,970000,0.0931812776635209,0.22954589856318644,0.12180347272409026,0.30745358398834205,0.1643261989857535,0.42707836073798094
195000,980000,0.10183996573863674,0.25178066545925043,0.13378880598897344,0.33886582312757824,0.1811711941947551,0.47240062926466136
195000,990000,0.11362589892547346,0.28171836712466997,0.15055024761788763,0.38197536635252755,0.20563803685789453,0.5363492642508678
195000,1000000,0.12853127644131243,0.3187508211789221,0.17159895013833798,0.43475758368950157,0.23594615045732079,0.6133982819387235
195000,1010000,0.14550736841842862,0.3600367755051215,0.1960367888320513,0.4939766214584845,0.2723199868586102,0.7013077290461796
195000,1020000,0.163034203696835,0.40234929256738394,0.22184477186483706,0.5554849685694278,0.31167901950805865,0.7936566044444722
195000,1030000,0.18249293284351586,0.4483569682717483,0.24943381579646118,0.6204387796879456,0.35099956175794,0.886505863864457
195000,1040000,0.19935723861572302,0.48927311713319144,0.27014006889701403,0.6726161322470154,0.37547422975783556,0.9521201313707849
195000,1050000,0.2103048546793303,0.5168532951596904,0.2826497255072576,0.7055711325140519,0.3894195862361321,0.9912838142758084
195000,1060000,0.21609858360132173,0.5322256445507697,0.2886276728558934,0.7226675229534617,0.3952778018475838,1.0098930878348507
195000,1070000,0.2183891263130207,0.5386670592720313,0.29078841585512766,0.7293376347905837,0.3971881497826941,1.0165951918673664
195000,1080000,0.2184069583284918,0.5387777192060975,0.2907876549491968,0.7293677159266733,0.3971811370215628,1.0165829289492745
195000,1090000,0.21688729088193173,0.5345879703862516,0.28933903994098836,0.7249237819707199,0.39590376152392964,1.0120888028194697
195000,1100000,0.21464641894457617,0.528467806880268,0.28717883752505363,0.718368685474756,0.39397069366829374,1.0053976416337371
195000,1110000,0.2110759057177728,0.519799506639135,0.28317038485540663,0.7076067891923592,0.3898337823031691,0.9928309115454217
195000,1120000,0.20767454032084062,0.5133150362918271,0.278174690283852,0.696634984847485,0.3834815455077766,0.9768160815748596
195000,1130000,0.21469450759373318,0.5334476355159142,0.2842608844814021,0.7167557403955995,0.3877545925495562,0.9952671215899093
195000,1140000,0.23514810154583152,0.5811258580617283,0.3112260580985471,0.7795736048740892,0.42392699893919966,1.0801803966388484
195000,1150000,0.24151589486083905,0.5998156095311445,0.3163387401635059,0.7974110348563089,0.4265657208102894,1.0949846151325628
195000,1160000,0.240642914242675,0.5998548720825506,0.31378732888558825,0.7938572851739324,0.42165785666483974,1.0859512000099936
195000,1170000,0.23941122591593667,0.5964427877425903,0.3126276172204157,0.7898961593844984,0.4208252866169115,1.0818046630509939
195000,1180000,0.23528488307801507,0.5878008207378282,0.30622050577538346,0.7765986826862178,0.410636520947181,1.0607748566078776
195000,1190000,0.2321050139948051,0.5794525487185103,0.30274556967641447,0.7668100075830879,0.4070248059162978,1.0494334706732313
195000,1200000,0.22838161113916003,0.5702632172522816,0.2981889613673466,0.7551809032782301,0.4014888299448135,1.0346408085666365
195000,1210000,0.21859101339492468,0.548585121902132,0.2835410651607258,0.7228637165241194,0.3792702735374614,0.9857909512476619
195000,1220000,0.20877754135935309,0.5264475329708699,0.26866232155124925,0.6888809997723551,0.3570185584176453,0.9343923284575079
195000,1230000,0.20267183848063355,0.5132513989882723,0.2592485151153836,0.6679300798168128,0.3428760860132472,0.9019744958911408
195000,1240000,0.2028347082282412,0.5144724078305428,0.2584104505272101,0.6676125397574548,0.33984744045255083,0.8981168192000848
195000,1250000,0.20521175637785047,0.5206660452421024,0.2612002270414335,0.6752100300022754,0.34307721993783097,0.9073944966390393
195000,1260000,0.2039852053953141,0.5171504893744521,0.25988014174853064,0.6713563998254929,0.3416007586063155,0.9030086317435663
195000,1270000,0.20267062563791566,0.5128721019056381,0.258844402370419,0.6676149728816737,0.3408895709258984,0.899992103494635
195000,1280000,0.1958371794692689,0.4945855923565976,0.25198271771805764,0.6487088938012491,0.3341091872944192,0.8808407375930738
195000,1290000,0.18204385401350212,0.45996603408688286,0.23594904019585308,0.6070971097952262,0.31570139547865295,0.8309691105099936
195000,1300000,0.16784726006490658,0.4259152339601062,0.21602028743209684,0.5584117283125596,0.2878316836904755,0.7608566283321858
195000,1310000,0.16500856038932843,0.41850658444290395,0.2129022231735007,0.549287266546179,0.2851308601845918,0.7509048352210873
200000,860000,0.05331527535804157,0.1267237279086783,0.06610158436708766,0.1604413481373124,0.08478950746616622,0.21090462290500916
200000,870000,0.05421484204947732,0.1290484570240532,0.0672839576620257,0.16357358097106584,0.08640686076031011,0.2153235915674386
200000,880000,0.055465796517600516,0.13227975551158272,0.06895896355923303,0.16800925632615646,0.08873286584620504,0.22167753211032468
200000,890000,0.0565496496584833,0.1350763254090084,0.07044344011562856,0.17193388199285853,0.09084335783353761,0.22743429036211285
200000,900000,0.057920430610420584,0.1386100704490499,0.07235652802275076,0.17698595427334587,0.09360416268804282,0.23495631158545405
200000,910000,0.059330571112614985,0.14224864263000717,0.0743474510862937,0.18224609543094408,0.09650142244570888,0.24285417109881308
200000,920000,0.061410567584615716,0.14762107665666346,0.07726094502392365,0.18995359784624832,0.10069043242270723,0.25428609501239735
200000,930000,0.0639500527128729,0.15418766122732305,0.08079689879238253,0.19932020194542033,0.10572782321901084,0.2680520379260611
200000,940000,0.06738063339117065,0.16305399792951308,0.08557736259132381,0.2119837272894266,0.11252201742988764,0.2866202480765088
200000,950000,0.07108889726090364,0.17264950440169502,0.09072035497691922,0.22562043595677922,0.11979216504425422,0.306497187412394
200000,960000,0.07583955020794998,0.1849727345770509,0.09722010968976717,0.2428952039277283,0.12885170105271662,0.3313157822006701
200000,970000,0.08180830167563548,0.20044497180412113,0.10542687081250342,0.2646618540911737,0.14037384514917756,0.36276453675435977
200000,980000,0.08851024230857557,0.21787865439714665,0.11447221303118857,0.28871851268612225,0.15285249063791856,0.3968793334538493
200000,990000,0.0978332977336525,0.2420102640002052,0.12722147899610514,0.32234920534772904,0.17072049799489986,0.4451510546731385
200000,1000000,0.10910483447719348,0.27077109288605195,0.1421492212255732,0.36100776343257324,0.19102586614308573,0.49856472117364553
200000,1010000,0.12419290973201967,0.308543058560553,0.1627593725643809,0.4131064255769169,0.22008916938195405,0.5728770569089415
200000,1020000,0.13931517291591844,0.34654165891801597,0.18417247074891874,0.4672761132888295,0.2513757880738593,0.6529296704399019
200000,1030000,0.15863902282365633,0.3933253372175384,0.2132131583807287,0.5371766826252189,0.29614539347912566,0.7603118026651081
200000,1040000,0.17888776743150447,0.44166852520691224,0.24230842209878545,0.6063121550819369,0.3387022455323027,0.861087563463014
200000,1050000,0.1969195075922199,0.484062893840071,0.26732236446427227,0.6650115506855212,0.3735546668832374,0.9434120244159209
200000,1060000,0.20960170255640787,0.5146478042018249,0.28291651868604034,0.7039336266231024,0.3921384396262966,0.9924990768249902
200000,1070000,0.21692640682025705,0.5330374591301206,0.2911379781106686,0.7258321287561749,0.40096682328491795,1.0181126574696877
200000,1080000,0.21998362346249434,0.5408911449647817,0.2944083661680191,0.7348997006885692,0.40426046140626454,1.0283069832724532
200000,1090000,0.22061648071378878,0.5425297191603714,0.29506816844406664,0.7367688931467663,0.40489614748741826,1.0303684057188167
200000,1100000,0.2210731460195235,0.543440292320862,0.29568979183566396,0.7381773677333535,0.40562529220068433,1.0323398933679986
200000,1110000,0.22116147239351092,0.5437046822851813,0.29583345709324865,0.7384219760923453,0.40586345910004085,1.03277426387619
200000,1120000,0.2225884721220506,0.5489304545500565,0.29664509416662627,0.7422610237661232,0.4061504522698156,1.035113748050229
200000,1130000,0.23577597133386466,0.5823578016540927,0.31141817424030743,0.7816051074215109,0.42232848531045203,1.0812746669018634
200000,1140000,0.2625517499640584,0.6445026190186477,0.3455442319577439,0.8616449205320806,0.46658332534740193,1.1867403787095305
200000,1150000,0.26888916183948547,0.6631755691203058,0.3513060454932177,0.8802143488855506,0.4716154780333922,1.2048266668486491
200000,1160000,0.26849865946402723,0.6638415143858059,0.35021225561305674,0.8788579073260195,0.4699077425372999,1.2012125771313635
200000,1170000,0.2671493037817557,0.6601882399455462,0.3488493400556206,0.8746528535112789,0.4686326805753328,1.1966373829089678
200000,1180000,0.2619118635757447,0.648179106313027,0.34220322052364094,0.8589725877812407,0.460281440117635,1.1759886779705155
200000,1190000,0.26021034707050283,0.6429711894162059,0.3406830200844393,0.8536918360027879,0.4590034393711836,1.1707482410302321
200000,1200000,0.2572347715029973,0.6349892694712164,0.3375556228220207,0.8447391283732497,0.4558003893202687,1.1607729441329377
200000,1210000,0.24870688273716932,0.6156144349850218,0.32635463013895105,0.8187456890942086,0.4410617356754638,1.1256967933493014
200000,1220000,0.24231969592080435,0.6006949462829707,0.31847274398012665,0.799031338336133,0.4319479163789275,1.1008815797145641
200000,1230000,0.24109423654167517,0.5992471336454727,0.315687621573067,0.7950839267311279,0.42642471290327005,1.0923976502622186
200000,1240000,0.24916598446246138,0.619180009824576,0.32500790004546737,0.8192366984260858,0.43703102044090336,1.1214481250044475
200000,1250000,0.25288361192640735,0.6292486863991112,0.3288086275686812,0.8302697934291982,0.4408013808161262,1.1332948699507177
200000,1260000,0.2533714577907546,0.6304705378684656,0.3293629569337309,0.8317530676473227,0.44142636214035735,1.1350538482204056
200000,1270000,0.2505074495114122,0.6219027889906803,0.3266966084272675,0.8231683711842964,0.43898243406819276,1.1265549276886024
200000,1280000,0.24584307792115145,0.6080100937728078,0.3227919025028529,0.8103842022448049,0.43594273685908097,1.1154089862335508
200000,1290000,0.2288303615209301,0.565838700817446,0.30392790049178176,0.7606400653776044,0.41577956413720146,1.0576353297092198
200000,1300000,0.20347227290688788,0.5102244191120769,0.2675303160570262,0.6797178525564431,0.364273610343451,0.9401755543414095
200000,1310000,0.19960653737198222,0.5003232014330222,0.26358675594081865,0.6679048638594909,0.36126066306204424,0.9278481754379975
205000,860000,0.05010448891020971,0.11839307527205706,0.06205603002278099,0.14969119334909398,0.07953990589441953,0.19655121781768786
205000,870000,0.050854466179548474,0.120325337519428,0.06303343879681096,0.15227218619828817,0.08086845294140452,0.20016946806036398
205000,880000,0.051957739955616096,0.12316922463196275,0.06449175039436779,0.1561245493682275,0.08287224637708875,0.20562791203143324
205000,890000,0.052839693852969286,0.1254398009577093,0.06569112109882493,0.15928806469303497,0.08457126801523886,0.21025190327131285
205000,900000,0.05401306965347662,0.12846348224297677,0.06729702710623782,0.1635250414039401,0.08685450496852107,0.21646357653126655
205000,910000,0.05531720897034288,0.13183112211439263,0.0690851741226538,0.16825114677620248,0.08939560497089051,0.22338743403503655
205000,920000,0.056846156765210674,0.13577458236738352,0.07122081038414342,0.17389119483951745,0.0924710635615755,0.23176528134171195
205000,930000,0.05892277309989066,0.14114359842172658,0.07407325957462858,0.18144349487353012,0.09649977272943133,0.24276351812427363
205000,940000,0.06129631708547329,0.14729986179525129,0.07728757926619341,0.1899825047063565,0.10096590338627195,0.25499376390131967
205000,950000,0.06458196801556129,0.1558048419786968,0.08178874326977363,0.2019243312616164,0.10727086328205365,0.27224444841810447
205000,960000,0.06838696387534375,0.16568980526607172,0.08692610600395798,0.2156024341095041,0.11435635413231161,0.2916917960386342
205000,970000,0.07301956528646761,0.17775562994942112,0.09314978113280616,0.23219868805123367,0.12291663322337736,0.31519485533039454
205000,980000,0.07865911894852981,0.19251696053966322,0.10060154638441696,0.2521564906111797,0.13299705607036752,0.3429687149568038
205000,990000,0.08593138822113788,0.2115878375358704,0.11017275832150357,0.27778539845931377,0.14590720466999307,0.37843471882369484
205000,1000000,0.09660060979948026,0.239038746342612,0.12424047920536868,0.3145168697266572,0.16504510162994193,0.4291045715478005
205000,1010000,0.10953427495547496,0.27180863351573187,0.14151188495642247,0.35878173115968554,0.188914013504084,0.49095477222643474
205000,1020000,0.12040784953133266,0.2999719350904696,0.15587815664404947,0.3967818424957446,0.2083126526980272,0.5438181458922756
205000,1030000,0.13438160453831466,0.3352729552526539,0.17571474728479308,0.44756529765760633,0.23721831895184403,0.6192791177453711
205000,1040000,0.14933166424259253,0.37226297929356866,0.19759571668661938,0.5018339651018021,0.27023010478711146,0.7015018603931618
205000,1050000,0.1671727252230454,0.4153025850285665,0.2241476838806207,0.5652354689551793,0.31093267491511806,0.7977862816303887
205000,1060000,0.18120152323077574,0.4484396090174618,0.2444907804652971,0.613004127850688,0.34069564065058416,0.8677712823344272
205000,1070000,0.19237310208452013,0.4747452214294849,0.2598854111009406,0.6494935459701004,0.36177177719356235,0.9186559882048527
205000,1080000,0.19879732007890152,0.4899196022880989,0.26843903318742707,0.6699192003987099,0.37300926188862,0.9462613201281062
205000,1090000,0.20136857133006927,0.4965714932915109,0.2711860561266335,0.6775805283132591,0.37574229078350696,0.9547846232813195
205000,1100000,0.20446751663174298,0.5038262814148303,0.27518440156084994,0.6872394638671617,0.38067435322518034,0.9675058067160212
205000,1110000,0.20789573805253686,0.5123543092470503,0.27929952513881706,0.697682376571051,0.38553846837909334,0.980474226814756
205000,1120000,0.2141871928157714,0.5296912607588496,0.28537976264153947,0.7160150433260036,0.39102150565501337,0.9991840984732682
205000,1130000,0.2334703710000506,0.5754473900067842,0.30957616253908243,0.7748289906358037,0.4212918566569749,1.0753862035506976
205000,1140000,0.25910689461182157,0.637108426040392,0.3403462266880201,0.8513745427064271,0.4582433490601712,1.1712530169632285
205000,1150000,0.2640734538207477,0.6523080281713097,0.3447017169031316,0.8660747080882721,0.4619034158923108,1.185157996117716
205000,1160000,0.26436634548150545,0.6540286974700131,0.3447040108486196,0.8668197104612755,0.4617209617864069,1.1850504478952335
205000,1170000,0.26356975517277464,0.651710843109157,0.3439694047199478,0.8643387235895412,0.461105087397399,1.1825859318325531
205000,1180000,0.26189665771862486,0.6471144672279395,0.34229336227945706,0.8592467395359703,0.4595277984972616,1.1771113230339865
205000,1190000,0.26051590625212323,0.6428060891734043,0.3410793111136474,0.8550564867066672,0.45849109090049733,1.1731322509895823
205000,1200000,0.25877138200689204,0.6376557695909595,0.3394706785506809,0.8498082973793952,0.45707493091245843,1.1679231828393637
205000,1210000,0.2547703125989805,0.6274020607078079,0.3351845271261765,0.8378516465052211,0.452686024489815,1.154354904590917
205000,1220000,0.25302149005812,0.6230067307364293,0.3333610794363872,0.8326840559947426,0.45095512997208387,1.1487072684213433
205000,1230000,0.25963078458084254,0.6388248160906093,0.34115964770198026,0.8524062617865333,0.45996173543698754,1.1730503798641612
205000,1240000,0.2763503051631952,0.6785065159397737,0.36134547742987366,0.9017726220652208,0.48466694267522503,1.2352433364915414
205000,1250000,0.27989345136338084,0.6893533945249225,0.3644158165305409,0.912434637252372,0.48714737019091947,1.2452773047599897
205000,1260000,0.2794821212080576,0.6880542383187174,0.3640730488660427,0.9111622703050077,0.4868923773237367,1.2441141111755856
205000,1270000,0.2755305079653972,0.6767626325725704,0.36032640249228515,0.8993026889000608,0.48352803739061845,1.2319778159337142
205000,1280000,0.2720927847944032,0.6656781079368015,0.35758842841174554,0.8892104143810591,0.4815043963262364,1.2232186482054372
205000,1290000,0.25396459168827673,0.6221441801364551,0.3368050380718946,0.8363263942292942,0.4581862143067564,1.1594086252694062
205000,1300000,0.22962611227377785,0.5720222732058629,0.3017174228144679,0.7619310805951017,0.40875483676215074,1.0503556684752566
205000,1310000,0.22329776666470996,0.5574422874357253,0.2940071043406241,0.7423698014832423,0.4001843360662174,1.0257328728998012
210000,860000,0.04728913090870644,0.11111544823487218,0.05851825852041722,0.14032784146883187,0.07496048465932473,0.1840842995479659
210000,870000,0.0479378072073435,0.11278164478127922,0.0593522197410849,0.14252244586463822,0.07608117151567145,0.18712498967278876
210000,880000,0.04889714535904436,0.11524811134614775,0.06060694765454375,0.14582747412862052,0.07778999630270432,0.19176527228533766
210000,890000,0.04971972856911388,0.11736188433702192,0.06170870946009247,0.14872710007681045,0.07933111783913016,0.19594847302335439
210000,900000,0.05071575132744199,0.11992426361821143,0.06305508184886038,0.15227307880969726,0.08122699174706803,0.20109645835259893
210000,910000,0.05177726086432675,0.12266060599865437,0.06449402292133259,0.1560681697246412,0.08325724769564895,0.20661501587546385
210000,920000,0.05315292444072649,0.12620586565065345,0.06638160060789902,0.16104820372005788,0.08593828303370132,0.21390782504299063
210000,930000,0.054706300436922047,0.1302228549444333,0.06848029018738346,0.16660322228345822,0.0888664072827658,0.22189480719316312
210000,940000,0.05677129950226312,0.13556454231826157,0.07127054403698478,0.1739941468673884,0.09274787398445804,0.23249085361919827
210000,950000,0.059392482524962924,0.14235541343834152,0.07479812374033781,0.18335672510397816,0.09762044873086403,0.2458197475205043
210000,960000,0.06251750978119147,0.15048615210743588,0.07893654827315301,0.19438709433032994,0.103237814514648,0.2612448194995439
210000,970000,0.06628611129824094,0.16031945977005027,0.08391970157461474,0.20769884786757487,0.1099929106558783,0.27982296440498566
210000,980000,0.07087012927755842,0.17236994425163285,0.08986447193465222,0.22368146503775094,0.11789149334639036,0.301657545308882
210000,990000,0.07725045829009793,0.1892161511265852,0.09805612249806868,0.24576616901216355,0.12865655497646225,0.33141341326193835
210000,1000000,0.08703197091879793,0.21435845876863166,0.1111033909549487,0.2796687137852989,0.14682323946107925,0.378941363047415
210000,1010000,0.09878219125315749,0.24414212847699013,0.12674331847662232,0.31961143146665605,0.16854737745871104,0.4345742427238841
210000,1020000,0.10710361412255166,0.26605372568088853,0.13713601965107808,0.347684334211299,0.18168971592630354,0.4713985295803103
210000,1030000,0.11742897023726409,0.29279610033191034,0.1509466684947692,0.3843623138506022,0.20048478128858246,0.5231186302333186
210000,1040000,0.12889413593734772,0.3220565258685465,0.16696383973960158,0.42592309208619783,0.22350682942911626,0.5842427953335894
210000,1050000,0.1414051122028642,0.3534021753108697,0.18492395190876537,0.47143171851355564,0.24990734697520375,0.6522955284760634
210000,1060000,0.15480258369269517,0.38605720499827295,0.20513608457712526,0.5204630334959107,0.28135879031391203,0.7283993931679924
210000,1070000,0.16700940130292538,0.41510541763679126,0.22363646877584645,0.5640411513412609,0.30984527749024027,0.7953087833259576
210000,1080000,0.17564313902126247,0.435475431164384,0.2366950702781398,0.5942493940290791,0.3302978081208887,0.8415371715314984
210000,1090000,0.1799426374821005,0.44624386138288186,0.2418742169613701,0.6077717662370142,0.3362245111556169,0.8581619018692381
210000,1100000,0.18517936198613977,0.4582924936234103,0.24983204414109378,0.6256566102883103,0.3484314234316795,0.8853823145581505
210000,1110000,0.19088976171643096,0.47183937783768526,0.2579717442386788,0.6444537698826506,0.360301723566643,0.9124730810985707
210000,1120000,0.19845675195803983,0.4920721987265061,0.2656926176286005,0.6667875157681329,0.3675531527532163,0.9361178454695744
210000,1130000,0.22176644724623573,0.5466655290171976,0.2964190194048941,0.7395299818455405,0.4079077368899836,1.033931811245917
210000,1140000,0.24696767388399257,0.6060261416927128,0.3279210793189346,0.8155308648530506,0.4471898823574262,1.1319828014676856
210000,1150000,0.2534088370466021,0.6247899862786834,0.3337982313278409,0.8344337392271771,0.452246421904329,1.1505063498490813
210000,1160000,0.25407233001124835,0.627408745501901,0.3341914546957684,0.8362974546303996,0.45244438073621124,1.1516949838854316
210000,1170000,0.2537779060859115,0.6265798079796108,0.3339274117986564,0.8353723382289036,0.4522458127191414,1.150812759392682
210000,1180000,0.2529508565827685,0.6240551558099853,0.3332163938496226,0.832879698734587,0.4516936954284418,1.1485038189484387
210000,1190000,0.2523530289342368,0.6219789877748167,0.33277886849026705,0.8311021164585815,0.4514074654222431,1.1470924777832354
210000,1200000,0.25139948981994514,0.6188376460885292,0.33204031060838685,0.8282905946426297,0.4508893159691344,1.144732854137902
210000,1210000,0.24973294810425628,0.6139900634663233,0.33055770939842455,0.8233652622730757,0.4496870405736906,1.1400144622216117
210000,1220000,0.24984097894751517,0.6145851883832029,0.3305689726948204,0.8237125685495098,0.449620167245747,1.140115297403423
210000,1230000,0.26263538293769106,0.6449260140926844,0.3459430728688589,0.8616855219341623,0.4679390626008185,1.1876164367259558
210000,1240000,0.28386173192188524,0.6933361912298608,0.3722603413868438,0.9237197551649764,0.5004582041621762,1.2676235604380435
210000,1250000,0.29252780152663405,0.7169350478553251,0.38090710246432125,0.9494688874353311,0.5087813360252494,1.2952373338376961
210000,1260000,0.2921711603106025,0.715721347946665,0.380726653385823,0.948301400297892,0.508877439275562,1.294410354762562
210000,1270000,0.2826925761776232,0.693725698006168,0.3694113253370692,0.9206976036465303,0.49563692243412355,1.2598277563235338
210000,1280000,0.27729150809442327,0.6778393496699284,0.3645163682949268,0.9045597090176428,0.49145241488631036,1.2439537612528921
210000,1290000,0.26294260189039964,0.6460463485211465,0.3460519752596342,0.8626992764105088,0.4675407272870135,1.1881563932199493
210000,1300000,0.24585186089071687,0.6113612147460723,0.32161940495711594,0.8114152922770115,0.4333195664558894,1.113252848032815
210000,1310000,0.24408676278845698,0.6085548893311327,0.31901923752167055,0.8059259882398631,0.43011632024820873,1.1049352046492038
215000,860000,0.0448526165805952,0.1048392242916306,0.055459430135700684,0.13226269957891526,0.07100386625052123,0.1733571626457613
215000,870000,0.04540797392955998,0.1062610093621306,0.05616502250157576,0.134112658995367,0.0719426964786039,0.1758944274747019
215000,880000,0.04623412246103769,0.10837837451695594,0.057237811812555946,0.1369289675253304,0.07339569748261911,0.17982628170344245
215000,890000,0.04697313036249054,0.11027362871502441,0.05821183657658409,0.13948651896331163,0.07473894340579294,0.18346246891565257
215000,900000,0.04785889500095043,0.11254786786628808,0.05939066434667577,0.14258425442858014,0.0763769891652662,0.1878986426061325
215000,910000,0.04875662224743211,0.11485647839184203,0.06059555623398309,0.14575406577306202,0.07806539149702238,0.19247575946699305
215000,920000,0.04993168017701426,0.11787961157807071,0.06218720265651817,0.14994502300331258,0.08030530564812322,0.198554456449063
215000,930000,0.05128408091451433,0.1213699666210133,0.06399720198894493,0.15472559164102132,0.0828143505715035,0.20538135051449408
215000,940000,0.05305085744243201,0.12593526138625893,0.06635289263802119,0.16095686972426038,0.08605707901936409,0.21421727662128112
215000,950000,0.055121013460088845,0.131295788547342,0.06910561298664156,0.16825521189622716,0.08982648227906521,0.2245115664688057
215000,960000,0.05756625168254958,0.13766016615502755,0.07229628779769808,0.17675666678300472,0.09410554088512642,0.23624857969160873
215000,970000,0.06089436278364391,0.14634968634169768,0.07663546471043461,0.18835043789069622,0.09991274089123234,0.25221511851408984
215000,980000,0.06493315413934561,0.1569953062143592,0.08178939247748163,0.20223714375766097,0.10664521504149357,0.27085550079914444
215000,990000,0.07046720176445904,0.17165619023582265,0.08884644732908487,0.2213061117131611,0.11586940118112614,0.2963635080547624
215000,1000000,0.07960690529405523,0.19519364396616165,0.10108924179969705,0.2531246969406396,0.13312177193607783,0.3413535216302306
215000,1010000,0.08997557951051634,0.22148143445140742,0.11498732275722957,0.2884989119336335,0.15275027010325148,0.3911291567725741
215000,1020000,0.09716357254543563,0.24049127917925847,0.12379354474153349,0.3124020024922449,0.16359202872833323,0.4217193533804057
215000,1030000,0.10425247622315084,0.259122363733277,0.13283678524772857,0.33685906941085214,0.1752708171703973,0.4546369292853846
215000,1040000,0.11259126739626052,0.28080445305829516,0.14390354880647743,0.36640460312627127,0.1902224022545845,0.49604103667730537
215000,1050000,0.1212231781727634,0.3030564594665914,0.1556507462143725,0.39738893693787986,0.20655171516205945,0.5404879397938891
215000,1060000,0.13124674000851252,0.3283600282775325,0.17009932662972252,0.43433545959863346,0.22799578931014267,0.59637290094502
215000,1070000,0.138510587087562,0.34662383337569347,0.1804489876108322,0.4606792226909562,0.2430541510938425,0.635474873646676
215000,1080000,0.14597563865227997,0.3650532129809754,0.19163654565326302,0.48817114689643976,0.2604812630756204,0.6782343943896656
215000,1090000,0.15003356059447182,0.37553062416935906,0.19670672105940143,0.5016571184950791,0.2667256537062386,0.6956519553005974
215000,1100000,0.154756774912951,0.3870034083152141,0.20411431682351794,0.5191463297134904,0.279001437198633,0.7239493537283916
215000,1110000,0.16011497511573644,0.40042338206669625,0.21166735061999364,0.5377542432621358,0.29015638575734504,0.7511090174255232
215000,1120000,0.1678428214567286,0.4209354686443386,0.220289430241432,0.5619485880552999,0.2992106378006118,0.7788123763223457
215000,1130000,0.18628841748769714,0.46571673907842365,0.24547835985534738,0.623682498493366,0.33381617450012113,0.8652462505653812
215000,1140000,0.20617155945869062,0.5131149888901574,0.2728351370578585,0.6886803440145499,0.37248728216254395,0.9568344938222737
215000,1150000,0.212516704999072,0.5306498643837984,0.2793019316321809,0.7076754193563645,0.3788647448431444,0.9771331867867805
215000,1160000,0.2135249294688857,0.5340621760675999,0.28002952310522805,0.71046258051028,0.37933470532872987,0.9792478667313985
215000,1170000,0.21345086523151668,0.5339642129845309,0.2799200582658142,0.7101675256963412,0.37923017411187576,0.9788623339816551
215000,1180000,0.21298283217287028,0.5325509518528794,0.27951316409083105,0.7087649742854573,0.3789200764017827,0.977594982342766
215000,1190000,0.2125042531636818,0.5309899421095963,0.2791438981567957,0.70738378785747,0.3786709970332715,0.9764844017986588
215000,1200000,0.21192318518912978,0.5291545106261131,0.2786755674512849,0.7056962465351765,0.3783371803381148,0.9750602032141541
215000,1210000,0.2113995746055416,0.5276548303406868,0.2782017973113195,0.7041453693929357,0.3779589002818767,0.9735920956390791
215000,1220000,0.2130765407075928,0.5324701529080117,0.2797762139188665,0.7091547648071398,0.37929966881625593,0.9785282866347671
215000,1230000,0.22488887502443447,0.561029247220893,0.2945414913113899,0.7460677465035847,0.3975453636177461,1.0261422546881003
215000,1240000,0.2432960708836527,0.6035197290765549,0.3189986549407455,0.8032426666194522,0.43051224506740327,1.1043813013528998
215000,1250000,0.2531346151044279,0.6280596064618958,0.33039725106476764,0.8329778220903079,0.44356632568014476,1.1403942413071602
215000,1260000,0.2552702159859198,0.6313285333648453,0.3348386007912751,0.8396851011417396,0.4521862809294077,1.1539097834169854
215000,1270000,0.2430669708233363,0.6067214779762665,0.3159523865556672,0.8017218517431751,0.4227610860073296,1.0944425487083305
215000,1280000,0.23648242685781537,0.5896374695283843,0.30873989754529885,0.7817468337028763,0.41511236882705677,1.0713981760343105
215000,1290000,0.234481285533166,0.5849694642016481,0.30652179141011593,0.7761371947569737,0.41285943257117635,1.065025054213432
215000,1300000,0.24052052834335658,0.5995677064207539,0.3144488372090266,0.7949862431384846,0.4236671953400016,1.0905873456657087
215000,1310000,0.24622959746485207,0.6163118472128389,0.31968213597544365,0.8121282665356909,0.4279357607812904,1.10736436153622
220000,860000,0.04267629981297496,0.0992522828635998,0.052730322147069165,0.12509344938163502,0.0674769921314375,0.16383381458317134
220000,870000,0.04313713626514067,0.10042782394120395,0.053308581326339165,0.12660348664867369,0.06823840771606836,0.16588300075209925
220000,880000,0.04390687273070593,0.10239409905282694,0.05430020703969765,0.12919740819279346,0.06957165549726115,0.169476798431007
220000,890000,0.04459978539051406,0.10416667670719286,0.055199348272697374,0.13155162091844008,0.0707931251865642,0.1727723014850538
220000,900000,0.045337406366892194,0.10605519685602828,0.05617355389775339,0.1341040873091632,0.07213991560347419,0.17640882420659298
220000,910000,0.046157064538199115,0.10815803174910418,0.05726047001776596,0.13695645690201189,0.07364732748052984,0.18048406671052333
220000,920000,0.047213821907842055,0.11087261929878864,0.05866369655312604,0.14064418768003298,0.07558800874595756,0.18573724452317078
220000,930000,0.048335242212741415,0.11376092804502656,0.06015358690895186,0.1445701594102331,0.07764483360789964,0.1913193279620068
220000,940000,0.04985957469928818,0.11769224562213938,0.062167529133406646,0.14988576220507394,0.08039881515663116,0.19880423429107924
220000,950000,0.051493472989136896,0.1219259705127942,0.06429532188120882,0.15552714314107763,0.08325970101358306,0.20661025967331212
220000,960000,0.05370213448738329,0.12766714547836724,0.06715978373083699,0.16314552815133504,0.0870847422145971,0.21707708228026132
220000,970000,0.05659574949904542,0.1352262237947326,0.0708924521208429,0.17311744019451952,0.0920309237402638,0.23066461428609575
220000,980000,0.0601516357959906,0.1446280344186641,0.07538117341833722,0.1852355184848011,0.09782944936801653,0.24672850100429608
220000,990000,0.06543760391076993,0.15864707327525993,0.08212345761323663,0.20345119392953523,0.10667840899731693,0.2711316827284171
220000,1000000,0.07402116757601698,0.1806441158789796,0.0938777646350995,0.23373137778513023,0.12382857764629723,0.31518138106699034
220000,1010000,0.08408721038364937,0.20600970264687563,0.10762691633545911,0.26834152647876924,0.14382347604366955,0.36494523443905236
220000,1020000,0.09040773405710856,0.22272340545272779,0.11523499289415119,0.2889719341454449,0.1529396640602671,0.39065769133105754
220000,1030000,0.09571497080597251,0.23680654499805978,0.12167118019365591,0.3066078945088743,0.16072079401455658,0.41306505743320754
220000,1040000,0.10162064034968932,0.2523187676586827,0.1291642838319805,0.32691133846235015,0.17028576713748403,0.4401944199889472
220000,1050000,0.10756190674465842,0.26786162352474047,0.1368735899160131,0.3476702527702099,0.180423177397436,0.468633813914226
220000,1060000,0.11459096664738651,0.28600003064915,0.14645288065711168,0.372988794679054,0.19374520192793931,0.5050732006194116
220000,1070000,0.12041832450574735,0.301037734028739,0.15436929981397773,0.39387288416022476,0.204740968195102,0.5350092744584792
220000,1080000,0.12497751148045413,0.31281086876873543,0.1605636095699416,0.41016000557338395,0.21340758005884625,0.5583905581790591
220000,1090000,0.12834576290043848,0.3216838289107061,0.16479792100327637,0.4216279332882577,0.21878600163597264,0.5735438013750642
220000,1100000,0.1321388394367822,0.33144327149962866,0.17010152707082055,0.4352980570017005,0.22661880712604288,0.5938690401595104
220000,1110000,0.13623579866252478,0.3422013433141754,0.17541977209601795,0.4494399461451241,0.23380266667044827,0.6132954134023593
220000,1120000,0.14224172601278257,0.358318781480811,0.18245863449385896,0.46913058393578483,0.2418977634467661,0.637272148422172
220000,1130000,0.15356433309774856,0.38736107297244465,0.19743153017539222,0.5083487360322473,0.2620098553178494,0.6914903873115191
220000,1140000,0.16670872081163027,0.4204029852004069,0.2153846074140723,0.5539628363544401,0.2871935769236141,0.7564642165973933
220000,1150000,0.17225477720928664,0.43553900134320633,0.22157365900831008,0.5715651787554549,0.2940409266093902,0.7769917742345834
220000,1160000,0.17359572411300572,0.4396569219409149,0.22274713519800945,0.5754342869121201,0.29501424140534294,0.7804970605019997
220000,1170000,0.17372543234927723,0.4401563105148854,0.22280260953804024,0.5757042726317279,0.29501750269122,0.7805737829878734
220000,1180000,0.17351469430035785,0.4395670151881245,0.22258052527174402,0.5750116348942955,0.29481112509128,0.7798492809288865
220000,1190000,0.17317631793352942,0.43854372259175206,0.22227290101870295,0.5739903627870232,0.2945582041990563,0.7789117661572981
220000,1200000,0.17285943206683702,0.4376068589929755,0.22197302757213494,0.5730165902391089,0.29429972294069595,0.7779754320555086
220000,1210000,0.17278401066727245,0.4374389228852357,0.2218766050452242,0.572754623041921,0.2941953813499331,0.7776455083293299
220000,1220000,0.1747013757182264,0.4428027810019651,0.22388428333201654,0.578770605063836,0.2961758505801757,0.7841589540134971
220000,1230000,0.18349753456607526,0.4651716480492893,0.23505272172470723,0.6081018341647019,0.31032031783702463,0.82287502855015
220000,1240000,0.1990963567284289,0.5026448745148423,0.2569168519331196,0.6609502387744404,0.3417583882629655,0.8994527522187377
220000,1250000,0.20980990483069478,0.5289037010062596,0.27079754197540123,0.6957496015242778,0.3598418281078997,0.9462029087030249
220000,1260000,0.2097086416969062,0.5274602025654372,0.2725390323167049,0.6964623786801717,0.3660082203357086,0.9530242614430761
220000,1270000,0.19775036069665336,0.5027280384687247,0.2520443046125929,0.6542773222491038,0.3307523649746003,0.8804515457923245
220000,1280000,0.19323630161550875,0.49161545917101235,0.2463994201741413,0.6398471226392435,0.3236978826759809,0.8615729216877905
220000,1290000,0.20387009041874965,0.5148315506333296,0.2641875710225104,0.6779450476046408,0.35394004167176196,0.9257622705722689
220000,1300000,0.23393668779517535,0.580848488802211,0.3093280630440787,0.7757200335420785,0.4225103289454384,1.074350550897468
220000,1310000,0.2551049563745929,0.6345581357016987,0.33294776258250597,0.8394585685835176,0.44780619966530344,1.148873910416442
225000,860000,0.040729604600230306,0.09427154089790928,0.050287356044345845,0.11869879674459306,0.06431598813579123,0.15533131675887563
225000,870000,0.04115441016935539,0.09535089017587577,0.05081655639098819,0.12007495724660583,0.065007937700297,0.1571854868951139
225000,880000,0.041870798600762954,0.09717506114853028,0.05173152703321537,0.12245995735510994,0.06622760837603127,0.1604603108963322
225000,890000,0.04253327568159283,0.09886530390132187,0.05258117186204629,0.1246780684993282,0.0673679014120015,0.16352632821481164
225000,900000,0.04312910766588905,0.10038547334106641,0.05336433413931014,0.126722570186046,0.0684492925582155,0.16643628003248118
225000,910000,0.043888939272832425,0.1023296874230657,0.05435798336570223,0.12932311101776908,0.06980892270604627,0.1701008715721694
225000,920000,0.0447974458814242,0.10465800513688145,0.05555178623462051,0.13245225544488162,0.07144671398154435,0.17452111823459324
225000,930000,0.04581356918340062,0.10726911689319625,0.05688655654587912,0.13596070165935661,0.07327217100597899,0.17946103479955003
225000,940000,0.04708130976445535,0.11053372490752666,0.05854885994451069,0.14033993926432617,0.07553360238087536,0.18559301767103015
225000,950000,0.048619895394794874,0.1145134974616482,0.06053479931929708,0.14559401093226,0.07818351104156125,0.19280418819219358
225000,960000,0.05052148809234626,0.11945587591465495,0.06297612414654437,0.15208156892703062,0.08141534381283304,0.20163334300180025
225000,970000,0.05306922165851593,0.12612574084199527,0.06621299684118645,0.1607403378783889,0.08563795887801397,0.2132365783640535
225000,980000,0.05616573220527996,0.13434301578862173,0.07008864569756384,0.17123086703531468,0.09060097686376756,0.22700074575748608
225000,990000,0.06120357359508776,0.14769228036906376,0.07657521474520161,0.18872199383853708,0.09924248193956388,0.2507354762911261
225000,1000000,0.06957217890524828,0.1690949602789252,0.0882181870683804,0.21861724922363585,0.1166130069847881,0.29513859405723414
225000,1010000,0.07879460864775617,0.19231122707476106,0.10097563309728456,0.25063201182144274,0.1354924630445981,0.34187212817811824
225000,1020000,0.08422418089449907,0.2067107613740983,0.10739241657975798,0.2680769963162177,0.14297676399367557,0.3630562667857658
225000,1030000,0.08838409840060238,0.2177908900921729,0.11226918505400249,0.281507374738063,0.1486021134917464,0.3794109308624935
225000,1040000,0.09248738604765737,0.22864064589142744,0.11725307838112745,0.2951319378256351,0.15462795704583554,0.39674614047953927
225000,1050000,0.09729615221616722,0.24127218087079896,0.12331796347656025,0.31157487994653066,0.16230429102323787,0.4185572029232137
225000,1060000,0.10210242871711993,0.2538398294715575,0.12954874084991225,0.3283426649076693,0.17048420274911413,0.44150984540138377
225000,1070000,0.10631657271694761,0.26487231420958995,0.13502253210354082,0.34307076184210433,0.17771584462298043,0.46174334986927534
225000,1080000,0.10924589083444856,0.2726328209057022,0.13869137581164165,0.3530693257406878,0.1823935278600949,0.4750001745648252
225000,1090000,0.11233082308264503,0.28088010871348273,0.14245240932139178,0.363427033884324,0.18704188845988803,0.48833759271241073
225000,1100000,0.11480404837870889,0.2874005033784072,0.14567914910623606,0.3720741041535778,0.1914431000455186,0.5004143610176198
225000,1110000,0.11822068674521372,0.2965793542198026,0.14984733420905505,0.3835718576988009,0.19665114388885593,0.5152770357915865
225000,1120000,0.12284231722718807,0.30900888158758666,0.15539685137917808,0.39903735327786266,0.20330146503670732,0.5347275665079697
225000,1130000,0.13052655304098865,0.329144598408952,0.1654232615015877,0.4259661472579688,0.21664906717449206,0.5717880961857703
225000,1140000,0.13786721245520456,0.34842696408309654,0.17490506727884697,0.4514655411494405,0.22917656792533203,0.6065248798324554
225000,1150000,0.14201907842020392,0.35976939970189786,0.17972752406215753,0.4650885706851191,0.23482373548667168,0.6231524972573126
225000,1160000,0.1434264152668236,0.3638921359696196,0.1810980315164766,0.4693083819477738,0.23612422739580938,0.6274092661164529
225000,1170000,0.14374807093759953,0.36491376304689493,0.18134402346431097,0.47014343425081045,0.2362961788557751,0.6280428623616975
225000,1180000,0.14366765356952146,0.36472518882226584,0.18122075224327175,0.46980066118537783,0.23614577939575865,0.6275747318142549
225000,1190000,0.1434448113412572,0.36409519664417067,0.18097820548117347,0.46906159887146415,0.23590363525239466,0.6267743660075814
225000,1200000,0.14330641483363246,0.3637150643387246,0.18081608224384335,0.4685738441885583,0.23573294788183968,0.6262111076477936
225000,1210000,0.14351041323845243,0.3643212462393992,0.18101108579361164,0.4691778402996663,0.23591556909681868,0.6268104168171199
225000,1220000,0.1454248661907059,0.36959523215712226,0.1831826507501734,0.4754348140855583,0.2383319222018433,0.6341907394877683
225000,1230000,0.1514188637372952,0.38532087853327085,0.1908168983193449,0.49610394395557894,0.24811800214979335,0.6617663550242858
225000,1240000,0.1601783086912961,0.4075944746393972,0.20269104373209842,0.5269827902830492,0.2645272768529407,0.7056337684580215
225000,1250000,0.16698424873040973,0.42494749641363044,0.21168698978595274,0.5504864065955196,0.27658625882917115,0.7381487198790784
225000,1260000,0.16735149096781027,0.42573286229329405,0.21258679550055182,0.5521065396720292,0.27879189439303864,0.7420402101782106
225000,1270000,0.16118124276405327,0.41161004606668994,0.2027643909105924,0.52919226383713,0.2629950758736829,0.7042676822953577
225000,1280000,0.16060864659907148,0.41097432255653654,0.201788894700401,0.5275289621282742,0.26168735021032147,0.7014031331160194
225000,1290000,0.17311705376719969,0.44122756875915337,0.22069386616721934,0.5733361966119381,0.29108563799965964,0.7732554417655227
225000,1300000,0.20826729231667787,0.5219061685243587,0.27400995994283317,0.6946329869009809,0.3734769196866012,0.960830925169852
225000,1310000,0.24536472815244023,0.6094266918651317,0.3220237608100747,0.810091855663885,0.43540090550211374,1.1144891588329073
230000,860000,0.03897938798905029,0.08980698834695194,0.04809442357115103,0.11297782758752702,0.061482680612894344,0.14773920720153721
230000,870000,0.03939757368784925,0.090865397343382,0.048612483732416514,0.11431925900388268,0.06215525220506951,0.14953289507807527
230000,880000,0.040030390215992126,0.0924715512073613,0.04941268874183705,0.11639750075428607,0.06321179322796554,0.1523581897711269
230000,890000,0.04060441384121481,0.09393072324800401,0.05014343500084166,0.11829782219866135,0.06418629985499197,0.15496798485965343
230000,900000,0.04117880710892455,0.09539180553338313,0.05088890595275176,0.1202377203867818,0.06520249960291338,0.1576927629993158
230000,910000,0.0418604288073638,0.09713118364848296,0.05177094101563919,0.12253931127441328,0.06639843317990472,0.1609055075148401
230000,920000,0.042659180619726254,0.09917306155680043,0.05281041730642307,0.12525670291568589,0.06781262161726405,0.16471119523687247
230000,930000,0.04359894137249408,0.10158202185812187,0.054032958274746926,0.128461578101725,0.06947038164756947,0.16918363864301197
230000,940000,0.04474100988043763,0.10451743414893438,0.055515278765329974,0.13235792846765176,0.07146959606448594,0.17458993848097182
230000,950000,0.046101527262542935,0.108032707390894,0.057254673168312564,0.13695275951922786,0.07377058470691557,0.18083857791663396
230000,960000,0.047812571276876166,0.11247819299721964,0.059434281146892885,0.1427398048586982,0.0766349871665579,0.1886524938311791
230000,970000,0.0498504186632311,0.11783581502829518,0.061976499804790385,0.14956162800469824,0.07988721288566311,0.19760503679509828
230000,980000,0.052879455245113456,0.12587700693048925,0.06577655072475579,0.15984618700603595,0.08477158252635034,0.21113706001189336
230000,990000,0.05790865437842297,0.13917142333569876,0.07235715375677568,0.17752430660124857,0.09375555561814711,0.23565337611605502
230000,1000000,0.06640651703461266,0.1607224170271337,0.0845846911953348,0.2085117559558298,0.11286072170040423,0.28352999221058467
230000,1010000,0.07548037363068702,0.18345952886299977,0.09731558583880774,0.24023413132068838,0.13197623637688075,0.3304193801927057
230000,1020000,0.0804592749695629,0.1966450207516743,0.10313793177914898,0.256030857983765,0.13862215967217956,0.34921985448295995
230000,1030000,0.08377203162108458,0.20551001562341933,0.10685440785603442,0.266344833633385,0.14262638597176605,0.36106477388303077
230000,1040000,0.08704462768575263,0.21419254016377198,0.1106660226988184,0.2768345461668694,0.1469576842342852,0.3737273308345055
230000,1050000,0.09055317642594007,0.22345446010416595,0.11489595357469293,0.2883996032468402,0.15198858731763457,0.38827249698210764
230000,1060000,0.09394371119345507,0.23238308850072273,0.11908091405191767,0.29979021487655266,0.15713594319224247,0.4030187243436514
230000,1070000,0.09698491718655358,0.24041054098797837,0.1228452805927693,0.31004422726881,0.16181327678099564,0.4163816639285356
230000,1080000,0.099261211282525,0.24648694947633204,0.12556518147964854,0.3175482072640916,0.16507154630149573,0.4258174236010668
230000,1090000,0.10175171446898798,0.2531769555720042,0.12850701855176525,0.32571175070193015,0.16856018382424529,0.43596562152274426
230000,1100000,0.10391899260886492,0.2589867768625802,0.1311253230153238,0.3329237733671398,0.17179106372219008,0.4452154711967852
230000,1110000,0.10628084413379059,0.26535845380040474,0.1339241107571173,0.3407172687028029,0.17513782754647927,0.4549557617969151
230000,1120000,0.10992277542286354,0.27518077480637126,0.13825401033881207,0.35281130061393684,0.1802764402041444,0.47003600149699887
230000,1130000,0.11497981671235927,0.28859024946007794,0.144667948537193,0.37031623419589016,0.1885262796448606,0.49348013068895197
230000,1140000,0.1195403036536345,0.30080428271792,0.1502993702102133,0.3858580493414266,0.1955732242882263,0.5137354936871997
230000,1150000,0.12255674898398333,0.3090678400055906,0.15379265202031123,0.39576022413514417,0.19964146577992603,0.5257943819856589
230000,1160000,0.12386672333020818,0.3128060084803641,0.15514263611543144,0.3997767542718364,0.2010135803695092,0.5301014111760044
230000,1170000,0.12429310551896124,0.31408326642935136,0.15551439818311028,0.40094681339160826,0.20132245895298104,0.5311355011852283
230000,1180000,0.12434113634622496,0.3142624478194314,0.15551110044010216,0.40097562158157574,0.2012719303820599,0.531010573590383
230000,1190000,0.1242656556561575,0.3140747471050866,0.1553938861358831,0.40064582134224414,0.20112328115337624,0.5305523213506104
230000,1200000,0.12427477277282366,0.31412568934182444,0.15536732768598427,0.40058606446152617,0.20106555513261473,0.5303844797800327
230000,1210000,0.12467969323492657,0.3152785020782759,0.15578472513176084,0.4018221014265785,0.20148883095441195,0.5317075372879135
230000,1220000,0.12634757538807095,0.31983429764765414,0.15773554641732884,0.4073584562231047,0.20375449935342493,0.5384757256873945
230000,1230000,0.1301344441563746,0.3298945773814941,0.16252189148637972,0.42049753110606464,0.20984238042306505,0.5559239618181626
230000,1240000,0.13554013212518704,0.34400972181636913,0.16964231287905104,0.4396376354098637,0.21935253132876592,0.58246071747251
230000,1250000,0.13907287392272158,0.35319423694259555,0.1743159847726762,0.4521321884740204,0.22562536324339502,0.5998387831170253
230000,1260000,0.1399268020336073,0.355521448635202,0.17557845624287424,0.4554850148988095,0.22767756626301366,0.6051201937552196
230000,1270000,0.13754379616430568,0.3502981499045915,0.17192755985279834,0.44712369439282246,0.22226145934994085,0.5919946470552203
230000,1280000,0.13767623859605466,0.35133327208345744,0.17189059712077384,0.44784311333479465,0.2222417956474182,0.5926021650431744
230000,1290000,0.15073479591342628,0.384662507163585,0.19018665210658564,0.49513322002536075,0.24858743764105967,0.6621078315748706
230000,1300000,0.1834573901595359,0.46362090992786886,0.23835107195574962,0.6117448495803708,0.3208408535134647,0.8392060184170286
230000,1310000,0.2340148410121003,0.5800599859525054,0.3100046370835591,0.7762125833883727,0.42394751133773984,1.0767212660081353
235000,860000,0.03740796318083201,0.0858101615419713,0.046125813622530466,0.10785820716360328,0.05893830280519426,0.14094502295583086
235000,870000,0.03779881529651401,0.08679552957105342,0.04660605455500741,0.10909624031895901,0.059556235066123175,0.14258497242522838
235000,880000,0.038370110344798335,0.08824034191304274,0.047324463317086465,0.110954913313052,0.06049971518771851,0.145097698714275
235000,890000,0.038890904944506845,0.08955974095847326,0.04798064840387913,0.11265480705129866,0.06136564636144532,0.1474067398801164
235000,900000,0.03942622068888792,0.09091737237493969,0.04866777025955275,0.11443717658135322,0.06229223246130249,0.14988250366736489
235000,910000,0.04007033634256558,0.09255572689014713,0.04949432265655527,0.11658684252313825,0.06340355362678796,0.15285742212717865
235000,920000,0.04078543030096484,0.09437934671951097,0.050415479116320626,0.11898841189196709,0.06464525162845698,0.15618854219434616
235000,930000,0.04163764327755635,0.09655885072435692,0.051511448407468345,0.12185378569765096,0.06611576717652903,0.1601431259785568
235000,940000,0.04266069628966888,0.09918368292424196,0.05283044450178798,0.12531391835353808,0.06788467874245825,0.1649155718748283
235000,950000,0.04387577383026447,0.10231901292108088,0.05437577550275309,0.12938901237034114,0.06992114369301464,0.1704336514361024
235000,960000,0.04542734695277894,0.10634956708968607,0.05633274046226808,0.13458170695053115,0.0724667857096372,0.1773693785749098
235000,970000,0.04731925924545034,0.1113267514833303,0.05868625373156063,0.14089811875713512,0.07546835292764222,0.18562821606894295
235000,980000,0.05014905798205415,0.11885078891483501,0.062244109990090876,0.15053728799531174,0.08005978346892924,0.19835026610782577
235000,990000,0.05491058481004188,0.1314328201389994,0.0685487064095779,0.16745373651749107,0.08882209069749644,0.22219560192271506
235000,1000000,0.06323806294001898,0.152476457215151,0.0808060119836813,0.19834600752962425,0.10853672058979329,0.2712182225496144
235000,1010000,0.07190028695987075,0.17421254463371047,0.09301171842205995,0.2288301195227949,0.12684363764601095,0.31636890292670605
235000,1020000,0.07634856768254583,0.18603379812358484,0.09812528500526825,0.24276673865260653,0.13250527985558944,0.3325204471316831
235000,1030000,0.07912124810933369,0.19346961018283337,0.10113681160650964,0.2511504055464507,0.1355936617616751,0.3417209502923758
235000,1040000,0.08174554615367845,0.20043942971227827,0.10409230395783366,0.2593024372466969,0.13879558273583553,0.35114290887139665
235000,1050000,0.08441901104186743,0.20750572069610396,0.1072082904922362,0.26784476897890896,0.1423329207168326,0.36144420741430705
235000,1060000,0.08690066193301692,0.21406041080674698,0.11015111421212544,0.2758938955735556,0.1457668848564952,0.3713809329065761
235000,1070000,0.08924979639246285,0.22027939480461928,0.11294778987194354,0.283554026247813,0.14906373200161213,0.38090795531185373
235000,1080000,0.09100380411055077,0.2249716302530449,0.11496395335964622,0.28914030288443754,0.15135545829739624,0.38760917269102074
235000,1090000,0.09280344299523023,0.2298052958278572,0.11702639668556852,0.2948732186659559,0.15370093750955255,0.39447587866867334
235000,1100000,0.09474970645884527,0.23504390838299125,0.11927254310308201,0.3011201232015102,0.15629113234095313,0.402035815868332
235000,1110000,0.09682913006984961,0.24065751813267158,0.12166784722163682,0.3078122619472988,0.1590370180949061,0.4101026248762782
235000,1120000,0.09933003910120808,0.2473843788283624,0.12461708019730361,0.3160246880975138,0.16249815117833952,0.4202422385437641
235000,1130000,0.10307101633110347,0.2573639239884691,0.12921905893333513,0.32868899719593253,0.16819601014000377,0.43664666879815905
235000,1140000,0.10599783099645209,0.26524866196045316,0.13272703772553612,0.3384487027762455,0.1724258794898864,0.44895985637072916
235000,1150000,0.10825931497765102,0.2714195598113863,0.13533882887300083,0.3458212758080279,0.1754492318404926,0.45790151385553524
235000,1160000,0.10943224082699611,0.2747062432093553,0.13657942742714155,0.3494327091607727,0.17674696793653386,0.4618777231901571
235000,1170000,0.10992979504421922,0.2761392129305521,0.13704940495217163,0.35084225768773314,0.1771784953883163,0.46324050905751607
235000,1180000,0.11007857447244716,0.2765922136364514,0.1371481116160577,0.3511653179817711,0.17722425304501396,0.4634143795765734
235000,1190000,0.11032587496301241,0.2773033349563733,0.13737454689441644,0.3518350454310741,0.17743301796825328,0.4640539162924381
235000,1200000,0.1102705880419179,0.2771746929712077,0.1372619236205014,0.3515360376944796,0.17725751221120642,0.463549840277899
235000,1210000,0.110758048210875,0.27852680971372984,0.1377828941173051,0.35303569632297316,0.17780716561357837,0.4652171541228917
235000,1220000,0.11215140742880618,0.28230643030233643,0.1394136199921435,0.3576223735625088,0.17970355391944584,0.4708261293967917
235000,1230000,0.11480307827129954,0.28934778756614865,0.1427465535267357,0.3667760831666571,0.18390117580858958,0.4828975085028049
235000,1240000,0.118141595884894,0.29807895130199374,0.1471347100558886,0.37862206822829725,0.18971325126309252,0.49926208101075925
235000,1250000,0.12095248155041013,0.3054246713709009,0.15096252659631668,0.38887910087587585,0.19505977865460034,0.514016067625484
235000,1260000,0.12059246695224393,0.30487444062919733,0.1505751887591273,0.38833909450201515,0.19493948392015947,0.5141162815760296
235000,1270000,0.11948744370101312,0.30265359621330745,0.14893583990474474,0.3848139995059873,0.192904270360246,0.5092710398616492
235000,1280000,0.12178151478762078,0.3090612535772933,0.15173436113096503,0.39279656109422917,0.19653607296285552,0.5197104209306529
235000,1290000,0.13268251139050902,0.3375127870309849,0.16640821668172284,0.43183124342016127,0.21666427685793171,0.5748022993105099
235000,1300000,0.1589120994780173,0.40368562450202045,0.20334072767357986,0.5262610247447306,0.2696175068767826,0.7133398010364123
235000,1310000,0.20489785449702935,0.5128779653012169,0.2699941013515583,0.6841409001283625,0.3681189896068704,0.9476763154850101
240000,860000,0.03600420156002156,0.08224971376280214,0.04436803537019916,0.10330070867167514,0.056666524216192525,0.13489927500133783
240000,870000,0.03635310946647435,0.08312549551295233,0.044793026539125674,0.10439097138139099,0.05720848055800232,0.13633009984861838
240000,880000,0.036942463687178705,0.0846118449418456,0.04553007627401046,0.10629175953987881,0.058169049287332894,0.13887821843401574
240000,890000,0.03730964819786047,0.08553766864483775,0.045985355423156016,0.10746481494904549,0.05876327864890661,0.14045443809135613
240000,900000,0.03786039950132207,0.08693021319307788,0.04668774952884171,0.10928107604365304,0.05970286508198738,0.14295601517439827
240000,910000,0.03845137711827422,0.08842909686681459,0.04743892267327034,0.11122845334256964,0.060703259438567796,0.1456242584393876
240000,920000,0.03911155377677225,0.09010780960464607,0.048283645768798046,0.11342424767090173,0.06183458313034969,0.14864978975672857
240000,930000,0.03991801427041292,0.09216539957763022,0.04931324219410796,0.11610929070482717,0.06320595795786858,0.15232709176626447
240000,940000,0.04082102232158004,0.09447917873744274,0.05046575007608394,0.11912733244481752,0.06473785394541196,0.1564506584307103
240000,950000,0.04192403348726314,0.09732282564253661,0.05185721114702443,0.122792004827411,0.0665569933129278,0.16137104548537695
240000,960000,0.04334080104178608,0.10100450158089083,0.05363385041227877,0.12750529423485554,0.06885492346022778,0.1676267972023316
240000,970000,0.04515131478182614,0.10577223872041475,0.05588129922495346,0.13354077343778045,0.07171421710097627,0.1754947503497613
240000,980000,0.0478651356089004,0.11299881922278408,0.05931597192343457,0.14285690605514106,0.07619165159020447,0.18790292615960502
240000,990000,0.05257102666440273,0.1253946803030032,0.06569259428056351,0.15989084841062987,0.08534649707021447,0.2126444347028319
240000,1000000,0.06111887303144452,0.1468459169667442,0.07864202312211813,0.19221802770560217,0.10686965593188856,0.2655115786827161
240000,1010000,0.06989722746172522,0.16874795660369415,0.09120341743095382,0.22334718164622974,0.12591773180517532,0.3120931382913178
240000,1020000,0.0741763279412214,0.1801003577981447,0.09608122554061171,0.23661741178666987,0.1312140602229233,0.3272054294063716
240000,1030000,0.07655242471494603,0.18650425151382868,0.09854707473927365,0.24354400563997067,0.1335547485497519,0.33432366624348514
240000,1040000,0.07867945386802778,0.1921745961539851,0.10082793053095143,0.24988501462069235,0.13584227112216676,0.34118647074296954
240000,1050000,0.08072509909789964,0.1975994083163598,0.10309481446480931,0.25614546665039073,0.13822668317186856,0.34825998278560566
240000,1060000,0.08264486238995244,0.2026842046934035,0.10526345317944759,0.2621183888497458,0.1405776372746172,0.35518691156811255
240000,1070000,0.08446040450314794,0.20750233127439158,0.10732540941927904,0.26780225043769823,0.1428425231533151,0.3618438545248955
240000,1080000,0.08589384447970905,0.21134145080589425,0.1089026188052955,0.27219388157641533,0.14451799670544185,0.36681735475412847
240000,1090000,0.08736495938386059,0.21529070811956708,0.11052934641308268,0.2767293309068215,0.14626376398549673,0.37199349222902717
240000,1100000,0.08896928815316314,0.219608048095777,0.11231302462912464,0.28171017461143855,0.14819833100813903,0.37772393326539977
240000,1110000,0.09060750695559135,0.22402627595379115,0.11414198920694107,0.286832089829941,0.1501899246125582,0.38364263683200206
240000,1120000,0.09271786185707505,0.2296989908179281,0.11656507898835218,0.293589159911055,0.1529182829531504,0.39170267451846225
240000,1130000,0.09516933937890945,0.23624853885453992,0.11949004691445941,0.30167613637145196,0.15637815513805936,0.4017913606159365
240000,1140000,0.09729172871733885,0.24197569295930196,0.12195057948111572,0.3085534520581278,0.1592043901936033,0.41012172328988505
240000,1150000,0.09899637282730198,0.24661471730627396,0.12387952328611333,0.31399438186593737,0.16136490355434538,0.4165473460894443
240000,1160000,0.10000220411817264,0.24940290571739673,0.12494273814647547,0.3170586770227641,0.1624653532689433,0.4199036429717872
240000,1170000,0.10047957486027734,0.25075426584785526,0.1253984534147291,0.31840439705054835,0.16288308672275503,0.4212139781835819
240000,1180000,0.10070949532978397,0.25142043463843317,0.12558270174022515,0.3189670891107676,0.16301184246520992,0.4216414274135151
240000,1190000,0.10092327315676282,0.25202776900816254,0.12576545443911452,0.31950458505098595,0.16316023188647286,0.42209636222254393
240000,1200000,0.10119329176128992,0.25278283708517474,0.12601501950207475,0.3202310283878701,0.16337870346026376,0.4227722146988966
240000,1210000,0.10159981925122573,0.2538835185615502,0.1264490870456472,0.32145292753015864,0.1638292034491186,0.42411733232601434
240000,1220000,0.10276046981952677,0.25698154244042015,0.12782238997208267,0.32525920981769385,0.1654269613544405,0.4287975760341109
240000,1230000,0.10470558395743633,0.26208753865130324,0.13027899240663957,0.33193519290240014,0.16851486151077882,0.43761444206562145
240000,1240000,0.10667667811409794,0.26719889536681807,0.1329510249074529,0.3390875071683115,0.17218583153359035,0.4478465670596506
240000,1250000,0.1078521096551395,0.27047492987118904,0.13467548188225395,0.34403442777539495,0.1749363649792725,0.4558470503219401
240000,1260000,0.1069509537690053,0.26877838836943263,0.13343210366675795,0.3417784744676212,0.17350707893879502,0.4535143202192227
240000,1270000,0.10732924929884942,0.27016658427346446,0.1338328271736562,0.3433262503362229,0.17433785742320526,0.4559936804073509
240000,1280000,0.11022366974628657,0.2779954290353089,0.13733063375847168,0.3530303662264467,0.1785593212953716,0.4681519849076869
240000,1290000,0.11979533010943716,0.3032672147362222,0.14986544172194194,0.3868658883712312,0.19514254000139336,0.514425313622503
240000,1300000,0.13997481106754037,0.35536194744266264,0.17749674977447694,0.4595354254566823,0.23354076794678577,0.6183401212224087
240000,1310000,0.17601899545351543,0.44474762779125754,0.22836727208320148,0.5868875612864833,0.30653506828468835,0.8044583461988625
