id,Name,description,timestamp,begin,end,altitudeMode,tessellate,extrude,visibility,drawOrder,icon,snippet,geometry_wkt
ID_00000,,"<html xmlns:fo=""http://www.w3.org/1999/XSL/Format"" xmlns:msxsl=""urn:schemas-microsoft-com:xslt"">

<head>

<META http-equiv=""Content-Type"" content=""text/html"">

<meta http-equiv=""content-type"" content=""text/html; charset=UTF-8"">

</head>

<body style=""margin:0px 0px 0px 0px;overflow:auto;background:#FFFFFF;"">

<table style=""font-family:Arial,Verdana,Times;font-size:12px;text-align:left;width:100%;border-collapse:collapse;padding:3px 3px 3px 3px"">

<tr style=""text-align:center;font-weight:bold;background:#9CBCE2"">

<td></td>

</tr>

<tr>

<td>

<table style=""font-family:Arial,Verdana,Times;font-size:12px;text-align:left;width:100%;border-spacing:0px; padding:3px 3px 3px 3px"">

<tr>

<td>FID</td>

<td>0</td>

</tr>

<tr bgcolor=""#D4E4F3"">

<td>ZONE</td>

<td>אזור אי ודאות</td>

</tr>

</table>

</td>

</tr>

</table>

</body>

</html>",,,,,-1,0,-1,,,,"MULTIPOLYGON Z (((228546.46105359902 569377.925440642 0, 228602.90640042335 569421.4802934467 0, 228679.78629246601 569521.0895227119 0, 228802.90633448662 569571.4801251512 0, 228945.4112675794 569657.4420766642 0, 228827.89417318557 569852.2663850585 0, 228853.82190525904 570027.7302056657 0, 228630.09144268752 570071.4802496182 0, 228486.25605140935 569885.1277105404 0, 228329.7923679894 569821.0896508395 0, 228235.61511064984 569699.0925068369 0, 228344.4225100446 569422.3102443183 0, 228524.683750422 569349.7028089205 0, 228546.46105359902 569377.925440642 0)), ((229143.75138543086 573580.6354703811 0, 229212.68448841933 573623.1158881214 0, 229028.85877112646 573818.7701974894 0, 228855.61654438468 573741.1580484923 0, 228908.15567174155 573572.5056083332 0, 229124.68389882718 573549.7029070144 0, 229143.75138543086 573580.6354703811 0)), ((229669.15456424525 578500.2643793528 0, 229395.41186538505 578593.9411008244 0, 229095.3507575605 578472.2370597543 0, 228849.68432468432 578477.2420538092 0, 228674.68429462728 578473.6774666823 0, 228599.2447706652 578475.215654848 0, 228250.1847671296 578374.2146705918 0, 227996.7728788204 578324.7273614692 0, 227895.8878897219 578219.7224505917 0, 227599.1837926831 578025.1911904096 0, 227450.1847460581 577924.2147232587 0, 227199.18383050538 577825.1913128323 0, 227100.18471253678 577674.2147135589 0, 226907.63094909527 577489.2049716073 0, 226897.3770777807 576986.7147711838 0, 226949.80629342407 576771.6512725716 0, 227147.18173424038 576582.0028240095 0, 227201.14897145776 576371.4315861379 0, 227196.1136037422 576124.7029905886 0, 227202.1133150938 575830.660064744 0, 226837.61129628253 575150.7528491422 0, 226449.18363045988 574875.1913703373 0, 226375.68495323457 574798.7021083356 0, 226299.18354174352 574725.1913296091 0, 226225.68503721786 574648.702140418 0, 226149.18354150467 574575.1913767332 0, 225991.13294109027 574249.4345404566 0, 225650.18443329292 573974.2148790052 0, 225451.60654170084 573844.0146329894 0, 225447.1875990314 573627.2422563038 0, 225599.18344993124 573524.2147638743 0, 225781.73354824274 573404.5126528189 0, 225698.7744455557 573324.8007138118 0, 225848.57919088713 573103.8045919251 0, 225850.19662087254 573024.7030586804 0, 225849.12236180028 572972.3105758874 0, 225950.20273303002 572875.191366491 0, 225948.16414801206 572775.24023272 0, 226041.53570322733 572773.3358698927 0, 226250.18439019672 572824.2148105967 0, 226413.60608042483 572908.3944701351 0, 226500.1844034748 572825.1913112004 0, 226570.68602715057 572607.9549707246 0, 226699.1834053355 572474.2147592604 0, 226776.72246782144 572399.703010658 0, 226650.18428396882 572278.1209901454 0, 226714.46657460995 572076.1922447945 0, 227174.68390591216 572049.7029171118 0, 227268.38503419637 572204.2195232973 0, 227200.18435107602 572275.1912341896 0, 227004.98781732895 572338.5457595594 0, 226949.80595574607 572677.5350596397 0, 226748.08486343513 572871.3339726184 0, 226750.1966396198 572974.7029899398 0, 226748.18243562206 573073.2625182008 0, 226800.18442586553 573174.2146703954 0, 226856.30013169997 573404.3904795875 0, 227003.85870691665 573475.9969917769 0, 227099.18352657784 573575.1913514059 0, 227266.07799401163 573684.6151028901 0, 227538.58780704034 573968.2576889736 0, 227838.3314681894 574164.7665179275 0, 227900.18453635785 574224.2145899852 0, 228054.603434123 574484.3220869437 0, 228403.35835362534 574819.4050773672 0, 228398.2192345975 575071.2117663983 0, 228527.46722813117 575268.3552655461 0, 228858.41214968916 575530.7331083455 0, 229012.35497413325 575690.9626259126 0, 229509.4375357546 575887.0076018352 0, 229625.68509172028 575998.7018380436 0, 229748.18262011404 576126.1921690974 0, 229881.7153999483 576254.4880273114 0, 230292.53080974045 576795.8941947382 0, 230353.41961255125 577418.5016272863 0, 230649.18382695247 577784.9078436231 0, 230305.53141596093 578098.3600674232 0, 229958.41229812437 578266.7683197713 0, 229669.15456424525 578500.2643793528 0)), ((220047.82261034442 578076.558909459 0, 220269.6976734267 578235.8851592201 0, 220395.6619535111 578382.1009615924 0, 220447.8226742619 578743.5999226273 0, 220281.08076990407 578887.276756109 0, 220052.54682490422 578868.917413105 0, 219665.3092406898 578762.9358952338 0, 219483.44282891465 578551.8275246487 0, 219502.44302404943 578315.4017794053 0, 219757.5700446006 578201.5589552749 0, 220024.68422266102 578049.7034780553 0, 220047.82261034442 578076.558909459 0)), ((203501.087941617 578654.4653274766 0, 203654.1519416708 578724.7045592738 0, 203444.97829513956 578820.7006701507 0, 203451.24059816738 578925.827623026 0, 203383.93094933528 579049.7046124813 0, 203451.59463418674 579174.2162881043 0, 203389.29598950234 579406.8335639361 0, 203085.11511112162 579473.2885626415 0, 202880.38487357635 579362.0581444644 0, 202732.2464218898 579196.2378945035 0, 202854.59135857795 579021.0913391947 0, 202748.28033245803 578926.1205732173 0, 202701.08796484346 578823.2886118134 0, 202648.28036402096 578726.1206195608 0, 202601.08792221604 578573.2885993768 0, 202487.14146351384 578410.1538336993 0, 202502.662600524 578149.7046687393 0, 202498.1948659817 578074.7046059964 0, 202508.05813005383 577909.2261395276 0, 202745.61919661143 577696.9702569311 0, 202848.28023338452 577473.2885624619 0, 203074.6841092824 577449.7046193838 0, 203207.99089324594 577678.6841429528 0, 203353.47435630337 577670.0170413551 0, 203519.05661926477 577855.3197683416 0, 203667.66510204086 577988.1078630651 0, 204049.90995144134 577850.949653364 0, 204648.28036215898 578176.1205119452 0, 204760.11504816829 578227.4388825718 0, 204871.87044466706 578352.5120545742 0, 205097.13291897904 578553.7816131498 0, 205148.2803026527 578805.9789425145 0, 204990.43739157586 578873.2885202317 0, 204901.08796618137 578773.2884452007 0, 204627.1255375511 578726.1205294093 0, 204340.15660025706 578882.0532043283 0, 204251.0879504499 579076.1205133817 0, 204025.80111115493 579219.3823655855 0, 203900.9903089337 579023.1421079678 0, 203849.6842154558 579026.1937771718 0, 203792.3477689728 579022.7758932468 0, 203804.15194591362 578824.7045356679 0, 203791.81672857056 578617.7221161746 0, 203649.68415489927 578626.1938156604 0, 203598.71985274123 578623.1665452875 0, 203501.087941617 578654.4653274766 0)), ((223963.7773702187 579635.9336634517 0, 223850.63654899376 579875.6553488296 0, 223698.73220365835 579923.7510470159 0, 223612.0745324197 580017.2813162204 0, 223372.9875908894 580026.7541394614 0, 223150.63650294452 579873.7511050131 0, 222898.73220712447 579825.6555096245 0, 222850.636459179 579523.751213187 0, 222710.93922538767 579183.6388924132 0, 222698.6954715219 578874.7033247306 0, 222704.1459529848 578737.1301499229 0, 222584.21795912067 578483.0041520834 0, 222348.98234998606 578473.6780101523 0, 221967.09147749626 578573.7512124797 0, 221851.37492196079 578492.3303236046 0, 221844.83812380006 578327.5110187356 0, 221951.03919536507 578024.5080099393 0, 221850.63637714327 577834.7620352549 0, 221928.02891107032 577575.6555185306 0, 222048.44518461748 577655.4162827994 0, 222110.2799633217 578172.1399325003 0, 222241.13320197078 578177.3400303606 0, 222363.69182098404 578119.5031943208 0, 222545.2591294637 577923.5314783585 0, 222793.63556259993 577933.3703210923 0, 222866.78624752027 577795.137839796 0, 222800.6363646134 577723.7511672806 0, 222550.63638168832 577664.2052128747 0, 222652.90690480656 577471.8469067744 0, 222785.64611066732 577477.1203598259 0, 223000.63636024608 577375.655513977 0, 223048.7320344001 577323.7511974134 0, 223301.8509777747 577204.2931004448 0, 223298.6954685375 577124.7033034038 0, 223300.7096117236 577073.8488095413 0, 223098.40241043453 576810.0303721556 0, 222991.54204999103 576505.1477006024 0, 223015.78515182773 575893.5021170602 0, 222848.7318917545 575675.6555198217 0, 222700.63619422296 575473.7511004715 0, 222398.73181223372 575125.6555089368 0, 222332.2829121159 574777.6086455622 0, 222200.63609157188 574573.7511322853 0, 222098.7318507136 574425.6554961732 0, 222000.63608607673 574173.7512193407 0, 221948.65852733134 574075.533415962 0, 221951.3685502024 574007.1741134159 0, 221655.1221956858 573548.4093506663 0, 221400.6360976482 573273.7512194352 0, 221081.04983409174 572977.6330482808 0, 220948.73164442106 572525.6556263185 0, 220900.63601959922 572323.7512471509 0, 220798.52418106937 571974.9475398051 0, 220850.63599032976 571675.6555543683 0, 220900.10497231706 571365.1331027753 0, 221247.9748161069 571042.818623194 0, 221273.2494027434 570405.0744438523 0, 221200.6358591605 569873.751218812 0, 221148.73152218692 569725.6554868493 0, 221097.3460505265 569456.5149246742 0, 220948.73145631337 569175.6554580618 0, 220900.63585548688 569073.7512666418 0, 220746.77230781704 568873.1164416866 0, 220755.97638470272 568641.0119868411 0, 220669.58099065215 568457.9554098146 0, 220519.58104574442 568225.6554791722 0, 220269.0622351314 568325.3625353886 0, 219835.41966993987 568623.7512852045 0, 219366.6330971421 568556.7836101115 0, 219051.27048243655 568339.7913749897 0, 218772.77928187491 568251.6078520166 0, 218328.4127735451 567979.5375437844 0, 217900.63563052937 567923.7514945313 0, 217448.73135264957 567875.6557906298 0, 217140.61984509212 567794.9185166673 0, 216888.47133314025 567968.4291852647 0, 216598.73143315763 568023.7514606415 0, 216300.3366102464 568146.3101509571 0, 215940.28406207587 568020.1138504153 0, 215704.566380827 568029.4644842948 0, 215594.08051829773 567868.8932544888 0, 215500.6356538648 567573.7516012295 0, 215448.73132342863 567425.6558684724 0, 215363.1112027434 567155.2212796296 0, 215148.73133997974 566875.6558848727 0, 215076.58774785342 566722.7993930923 0, 214848.73125923573 566575.6559869613 0, 214515.72955279876 566294.2594574911 0, 214059.7297131592 566106.9547283996 0, 213848.73127709742 566173.751732736 0, 213600.63556310168 566275.6559846044 0, 213325.1472722673 566341.2809847331 0, 213017.09067813895 566673.7518279075 0, 212463.52619057993 566622.3845540644 0, 212383.83872300413 566370.7000914442 0, 212004.45024775018 566169.9432036005 0, 211653.833802547 566004.4646931514 0, 211637.29927396795 565587.2284332177 0, 211998.731222931 565273.7517395683 0, 212212.5128451066 565135.6902657716 0, 212331.54358159975 564636.0075849106 0, 212469.06802048543 564508.5906384235 0, 212350.63539483555 564284.7625497376 0, 212698.73104021756 564023.7517095496 0, 212959.2535995603 563974.0203358586 0, 213209.25958800266 563841.7203959851 0, 213585.94424689945 563973.751670765 0, 213900.63548263506 563925.656035846 0, 214098.73114526673 563773.7516458821 0, 214281.9708434001 563655.4166652068 0, 214398.73109058628 563434.7624239408 0, 214321.6375596848 563096.5298960848 0, 213900.63533895422 562873.7516461267 0, 213798.73104607765 562825.655927056 0, 214761.68268312226 562877.7555121559 0, 214898.7311144702 563025.6558709156 0, 215002.53968852153 563121.8472643206 0, 215098.73105461156 563225.6559652286 0, 215436.74378279326 563491.4760805059 0, 215500.63534553576 563673.7516376319 0, 215555.78068728733 563847.9214391646 0, 215750.63540914396 563973.7515533234 0, 215898.7311085037 564075.6558666016 0, 216276.17258797918 564297.5552644016 0, 216500.63548375035 564623.7514889297 0, 216555.31076076886 564796.4566073887 0, 216945.69770418602 565158.1509182276 0, 217002.02102459976 565336.056132586 0, 217192.2310103392 565512.2768770157 0, 217484.24150728597 565910.3969553693 0, 217748.73127249198 566125.6557016313 0, 217901.58773482294 566197.7992199301 0, 218283.77161481546 566400.0209498132 0, 218827.76567942524 566313.3753960595 0, 218948.2552281746 566085.6653857002 0, 218951.6670475198 565999.7034921381 0, 218948.6580640418 565923.8733916213 0, 219000.6355074119 565825.6557018306 0, 219082.89256960392 565394.7962540052 0, 219279.15115897873 565182.9798455298 0, 219451.58759076564 565101.60784783 0, 219731.80607656916 564953.34111024 0, 220187.47639957012 565040.3284207892 0, 220348.7312704091 565125.6556143976 0, 221138.3003458432 565265.9875253014 0, 221200.63560668746 565323.7511914716 0, 221272.77911134495 565401.607662331 0, 221364.99099961578 565487.056893044 0, 221448.7312632706 565925.6554115393 0, 221500.6355727776 566073.7511237526 0, 221548.7313527417 566325.6554876075 0, 221650.63567404085 566573.7511055542 0, 221731.57439747461 566913.5460718643 0, 221864.60658753896 567333.7365531329 0, 222246.37539490085 567802.8283183947 0, 222519.8679353313 568382.3204838568 0, 222910.96292732912 568845.1378140486 0, 223000.63579491212 569273.7510603322 0, 223053.81575741485 569552.315599277 0, 223342.72562172063 570024.14166143 0, 223369.05634300527 570688.4238570194 0, 223300.63590204692 570975.6553149489 0, 223233.17373436008 571233.1261758285 0, 223254.39574914827 571768.5508951547 0, 223151.11203468253 571963.7413388727 0, 223140.8703372257 572222.0420809115 0, 223250.6359951458 572323.7511362828 0, 223363.53281950133 572915.0840701441 0, 223951.2707849776 573459.6397150013 0, 223947.05335016726 573566.0362544415 0, 224000.69710334283 573874.0928259984 0, 223996.8152476114 573972.0421024109 0, 224063.61225273486 574098.2627631709 0, 224032.63692901598 574879.7325132358 0, 224100.70337819372 575073.9463535615 0, 224095.22234776625 575212.2764252826 0, 224148.7319030923 575325.6553743932 0, 224250.70942602656 575473.848626285 0, 224245.72288685176 575599.7031575004 0, 224255.4641114582 575845.4794988347 0, 224200.63626287456 576075.6553866835 0, 224148.73202008073 576173.7511309218 0, 223986.9338291054 576722.0908882249 0, 223850.63631879154 577110.9580734313 0, 223898.7320297295 577225.6553935611 0, 223995.86947004785 577409.2246330132 0, 224050.69744192256 577724.0928782504 0, 224043.39149371133 577908.5166810083 0, 224259.26070293796 578601.4366915147 0, 224200.63645566814 578725.6554009231 0, 223865.24211566782 579112.374188692 0, 223998.7321812701 579364.6445571997 0, 223850.53881216148 579475.7286670681 0, 223892.65308059737 579570.015715831 0, 223963.7773702187 579635.9336634517 0)), ((208522.35275652685 579794.089009401 0, 208850.18475950975 580174.215958287 0, 209126.1187142596 580595.0655318173 0, 209382.7227083638 580862.1554158865 0, 209803.71879660242 581195.919931884 0, 209999.18388652007 581525.1924124463 0, 210394.88710161592 582154.2207417098 0, 210452.05868115736 582433.3466903148 0, 210449.0923450456 582578.8545280995 0, 210550.18498505087 582874.2158670587 0, 210599.1839876409 583125.1924864913 0, 210710.77463669132 583400.314441537 0, 210553.63960472745 583724.2158886981 0, 210165.25456750294 583374.7285854872 0, 210097.60318127376 583166.2569342392 0, 209973.68343037815 582925.7051547202 0, 209887.93516970795 582748.9474061432 0, 209385.94538324204 582321.3351117672 0, 209199.18393391056 582075.1925199252 0, 208941.12722103207 581659.6163817357 0, 208470.0273565042 581207.0040536864 0, 208330.38503803243 580994.0157772797 0, 208149.18382147537 580875.1925732937 0, 207668.48310078407 580310.9103908823 0, 207500.18481449 580224.2160822982 0, 207301.40543593443 580127.7560656103 0, 207211.59222990889 579865.3781030106 0, 207348.24377201207 579723.1418041612 0, 207498.24383281125 579726.1935650776 0, 207599.18372310355 579674.2159754317 0, 207974.68424570837 579649.7043321639 0, 208037.58710724078 579715.1827640767 0, 208522.35275652685 579794.089009401 0)), ((220000.68570010448 585811.2758834854 0, 219906.98449041715 585764.2299058976 0, 220024.68469524014 585699.703559817 0, 220000.68570010448 585811.2758834854 0)), ((220190.46231469262 585819.4057066635 0, 220102.44956848217 585734.6400898553 0, 220224.68474211378 585699.7035722133 0, 220190.46231469262 585819.4057066635 0)), ((221603.66408556528 584016.5002898354 0, 221543.26368440964 584242.0130598854 0, 221558.0586949319 584490.181871769 0, 221658.04653143056 584579.5129355759 0, 221753.4078538428 584787.2767384911 0, 221740.05328931738 585011.324493294 0, 221421.87099069537 585421.8958470647 0, 221343.32481717685 585593.0384437059 0, 221352.66329200673 585749.7034031156 0, 221347.57902960634 585835.0061956885 0, 221092.52532107648 585819.7962685451 0, 221102.40692305763 585654.0247527914 0, 220848.28090055572 585326.1194913517 0, 220760.09117191948 585133.9563699781 0, 220066.39608349063 584815.5726187036 0, 219806.1543579293 584248.5804863832 0, 219545.4670581697 584128.9271729459 0, 219431.2397686789 584001.0707205193 0, 219141.47535713407 584078.6830308265 0, 218752.34572275906 584055.489809211 0, 218515.14483472827 583926.5834314341 0, 218265.4926615146 584100.9732011119 0, 217768.59331231393 584071.3589052542 0, 217805.50724341872 583451.9986310501 0, 217907.2772689895 583264.7183128411 0, 218149.1596836498 583279.1469990708 0, 218252.0343836085 583117.4037614367 0, 218499.68450834588 583132.1499861996 0, 218698.42106032008 583120.3090833002 0, 218750.94797498352 583179.0981222024 0, 218943.00730255697 583167.6478961217 0, 219099.50754802258 583276.9741343451 0, 219291.3594257822 583172.7260200469 0, 219399.68456375282 583179.1713368964 0, 219743.2758722641 583158.6879019614 0, 219998.28073441258 582873.2874651995 0, 220104.59177972472 582778.3167715305 0, 219986.3117736563 582608.9809142823 0, 219863.05730079053 582340.4261873616 0, 219736.31171912517 582158.9809023691 0, 219651.08829591767 581973.2875135542 0, 219457.42980026462 581696.0414558112 0, 219401.0882090255 581573.287615837 0, 219348.28055921933 581476.1194776956 0, 219301.08818014627 581323.2875253964 0, 219189.83941623816 581164.0345630011 0, 218964.00937758552 581060.3725151145 0, 218869.63070978614 580854.7573458548 0, 218595.46689553605 580728.9272848294 0, 218192.07324757893 580277.4380970488 0, 218201.75953793194 580114.8647693319 0, 218327.4980701705 580002.5112468982 0, 218398.28050081208 579923.2876058244 0, 218624.68431343324 579899.703685292 0, 218715.10796403658 580055.0013692465 0, 218967.43947203876 580215.4994982426 0, 219164.46097634325 580553.9027783382 0, 219551.0882671739 580673.2875168293 0, 219598.2805679007 580726.1195755881 0, 220338.7041893425 580779.6350870705 0, 220678.602883065 581160.0550650686 0, 221001.08828990287 581423.2873869017 0, 221059.52944235236 581488.6926583246 0, 221148.28064221554 581776.1194177136 0, 221201.0882549103 581873.2873908265 0, 221264.40618987073 582413.765855239 0, 221401.03345649014 582665.2063561509 0, 221758.4431321635 582775.5579011736 0, 221917.12229627313 582953.1701639274 0, 221794.3927731213 583128.8538286327 0, 221621.33372250193 583118.5511214965 0, 221451.08830845845 583362.6673226983 0, 221603.84106324837 583729.9281295311 0, 221595.21681820287 583874.7034177016 0, 221603.66408556528 584016.5002898354 0)), ((192665.462114939 586418.8459270095 0, 192550.18503592449 586082.0540155779 0, 192736.97096519766 585972.9230537453 0, 192849.68456361722 585975.2179907259 0, 192949.68457200084 585973.1672010295 0, 193097.3164085808 585976.1945682848 0, 193174.6845498734 585949.7052214256 0, 193247.21263318928 586161.5949312823 0, 192999.1841050907 586324.216996024 0, 192924.6846620628 586401.7560356708 0, 192849.85544296523 586323.8507895654 0, 192665.462114939 586418.8459270095 0)), ((202875.51479077945 587151.975236061 0, 202810.2681846863 587266.5015638549 0, 202614.83976196934 587171.0670118621 0, 202664.22327781864 587069.9439381132 0, 202824.68470077845 587049.7047197854 0, 202875.51479077945 587151.975236061 0)), ((197967.48873460005 588148.9725369051 0, 198004.68359301524 588611.8876652686 0, 197885.84193127134 588801.6337664557 0, 197668.5935195388 588922.8494726028 0, 197374.33687249088 588810.0810016176 0, 197092.8426678703 588179.2460502315 0, 196601.54630763107 587772.849583387 0, 196294.10609666468 587680.2714489894 0, 196201.3021164326 587572.5567249423 0, 196124.6847459818 587578.7334435225 0, 195995.50991895693 587568.3331187421 0, 195788.48479881414 587683.8603907045 0, 195648.0672481733 587672.5567456326 0, 195562.69738556954 587771.65329797 0, 195424.68467505378 587782.73747629 0, 195054.384386795 587752.9767335354 0, 194886.58044571153 587827.854604765 0, 194718.5934362948 588022.8497805272 0, 194470.7113257873 587927.854567052 0, 194362.1480472996 587684.5440610568 0, 194251.07636036776 587622.5812132589 0, 194197.93296385417 587626.8536713358 0, 194097.64002884203 587362.5714625871 0, 193975.0020521654 587256.9074155957 0, 194003.70080356864 586899.7053269496 0, 193995.6685519751 586799.7052728285 0, 194003.70074525083 586699.7052706943 0, 193982.60694797654 586437.1320953144 0, 194098.2930057607 586372.5812141933 0, 194172.67046907524 586378.562717054 0, 194401.54622422374 586326.5606950733 0, 194552.04665987875 586242.6007404204 0, 194974.68456994492 586208.6407104392 0, 195324.68454479094 586236.7657858982 0, 195499.68460718438 586222.7031856824 0, 195714.96782409208 586239.988351917 0, 195974.68458802262 586199.7050851028 0, 196029.2316455032 586263.0107837509 0, 196224.6846584847 586278.7334063132 0, 196302.90726918232 586272.4346018725 0, 196851.54621210808 586322.8495781603 0, 197214.90681652175 586607.4198309546 0, 197498.42119033908 586726.8046329318 0, 197583.13187989296 586720.0174499912 0, 197796.92585464555 586815.40314815 0, 197805.70883564116 586924.7049983438 0, 197790.02890262267 587119.8466137956 0, 197851.54626223107 587172.8495554349 0, 197947.8231056634 587326.5604584652 0, 198073.2625804778 587382.5418122751 0, 198209.5601761191 587626.8289638004 0, 198197.5667738336 587776.0965077194 0, 198297.82317076233 587955.8084404871 0, 198198.31150613623 588080.6132633925 0, 198059.75553117832 588069.480348069 0, 197967.48873460005 588148.9725369051 0)), ((199121.96875018056 589570.4080567056 0, 199051.08864694956 589437.8641038853 0, 199174.68484404404 589399.7050147613 0, 199121.96875018056 589570.4080567056 0)), ((199842.08591093702 589216.7703064949 0, 199978.31033287547 589563.3035083207 0, 199855.95920261863 589874.5339852378 0, 199768.68514198408 589971.4822691139 0, 199556.12414810908 589843.2596055018 0, 199254.67138366651 589719.895353106 0, 199202.9013622099 589455.1004028486 0, 199368.33099604773 589327.414913291 0, 199602.90133666008 589277.9275929838 0, 199646.4682819434 589164.1091933692 0, 199548.31761942667 589178.6111988212 0, 199452.9013210189 589143.6990431712 0, 199668.53242632427 588977.2684281066 0, 199638.97920959286 588777.2683304746 0, 199764.47969791558 588680.3932780139 0, 199874.68474256483 588649.7048478207 0, 199896.46820971012 588677.9276061186 0, 200037.86845821902 588787.0584168104 0, 199896.46827039839 589021.4822526042 0, 199842.08591093702 589216.7703064949 0)), ((217924.68508126162 591532.6382670517 0, 217674.6849983121 591522.7260936707 0, 217599.68506179133 591525.7047295555 0, 217549.68508652112 591523.7027501066 0, 217399.68508283928 591529.6597614447 0, 217246.75535779507 591523.6051790508 0, 217251.74198934165 591397.8726721756 0, 217092.20823810346 591322.5797461795 0, 216878.0663377629 591091.4518410419 0, 216685.25632074624 590966.9645629718 0, 216599.78873281638 590519.2838946143 0, 216498.73288865318 590425.6559301725 0, 216426.5893306848 590347.7994316719 0, 216348.7328550595 590275.6559006843 0, 216300.6371379728 590173.7516324167 0, 215998.7327763849 589925.6560272755 0, 215642.0127617136 589472.042692216 0, 215274.68487737828 589486.5935639212 0, 214849.6848940613 589469.747765928 0, 214649.6849794559 589477.6824082104 0, 214523.95256984697 589472.701985448 0, 214196.90775095 589119.7234514867 0, 214200.70424408955 589023.9714872141 0, 214003.81076592108 588378.3661289294 0, 213898.73273861114 588225.6560716084 0, 213850.63703982165 588073.7518587562 0, 213685.2438808282 587858.0780844213 0, 213196.82837748132 587627.5604318433 0, 212986.22654224804 587516.1346457629 0, 212647.2677596808 587150.2900468394 0, 212461.22646467312 586672.555540196 0, 212170.87000619166 586403.5126344443 0, 211900.55134670998 586111.7646025296 0, 211268.80090384337 585555.246143814 0, 211100.63679022313 585373.7519784557 0, 210996.82824741825 585277.5605196414 0, 210886.71461436545 585158.7129933136 0, 210507.78399769988 584330.0264211765 0, 210611.11648132652 583935.6659754512 0, 210724.68450331123 583899.7041525536 0, 210753.35280045515 583930.6367569669 0, 211001.58888413286 584047.7997615548 0, 211226.11889432574 584166.5987057184 0, 211498.73240073165 584375.6562977456 0, 212168.83133426085 584769.6014205926 0, 212617.79376432227 585254.1473416014 0, 212742.3788113487 585518.1366207941 0, 213000.63683844198 585823.7518856825 0, 213147.78044317456 586051.6083875992 0, 213309.56633128066 586286.7401583157 0, 213403.5055169461 586485.7636029724 0, 213800.63684726026 586973.7517416211 0, 214047.46309310966 587310.2507413933 0, 214300.63699214693 587473.7517938227 0, 214398.7327154545 587625.6560234275 0, 214525.87492968264 587685.6658455597 0, 215200.63700835334 587873.7517790835 0, 215368.9964110206 587989.5964356674 0, 215496.82839286007 588127.5602807223 0, 215605.62351509035 588228.3659722438 0, 215730.79451094655 588493.6003353477 0, 215934.60918625927 588589.7917631912 0, 215998.7327320289 588725.6559273965 0, 216050.6370488067 588823.7517628082 0, 216122.84774563907 588976.7545575382 0, 216245.36366551436 588971.8961979314 0, 216456.99080448895 589046.066093019 0, 216701.88213762935 589379.9527927046 0, 217091.39635551636 589563.7662643928 0, 217148.73275901572 589625.6559084711 0, 217222.98204454023 589694.4546828935 0, 217538.6131997197 589898.2632727086 0, 217598.7327931124 590025.6558604286 0, 217675.78365620662 590171.2857646715 0, 217950.63719229455 590223.7515637007 0, 218210.17083082895 590503.8541725449 0, 218312.25835578493 590932.4429353295 0, 218297.59150242317 591302.5601416765 0, 217998.7329126444 591373.7516004792 0, 217950.63727688076 591402.2915384991 0, 218250.63727127793 591473.7515444878 0, 218298.7329864775 591527.6333229656 0, 218174.68508801234 591522.7260945028 0, 217924.68508126162 591532.6382670517 0)), ((218298.89165102583 591725.0698614735 0, 218495.0769552662 591820.2358777818 0, 218007.13134069857 591874.2154884917 0, 217900.185608177 591783.7613266313 0, 218202.10817237126 591724.825803167 0, 218046.767666562 591674.4107419101 0, 218324.6850641111 591649.7036221104 0, 218298.89165102583 591725.0698614735 0)), ((190698.73264240203 589225.657620175 0, 190878.06613060067 589341.4535472166 0, 191089.5895986187 589569.74934647 0, 191327.17502933554 589723.1673890945 0, 191598.73264526518 590088.4505338663 0, 191483.504421587 590417.1858664928 0, 191400.6370135878 590790.2816417204 0, 191602.19959809713 591171.1898524202 0, 191548.7326904726 591323.7533542338 0, 191500.63710875803 591475.6575491849 0, 191348.65946123446 591573.8021139234 0, 191352.55356522178 591672.0443656978 0, 191294.97300706417 591780.8577638895 0, 191302.55367398745 591972.0443354262 0, 191246.71866158326 592077.5619256363 0, 191043.01380715083 592069.4808277977 0, 190950.6371249262 591873.75333555 0, 190724.42858119824 591595.799238608 0, 190507.97346703208 591395.2377427606 0, 190450.63702542166 591273.7533145224 0, 190372.78059219805 591126.6098090287 0, 190214.1990027559 590790.5990958733 0, 190150.63704400003 590523.7533326393 0, 190072.78057720157 590376.6098225103 0, 189978.7680849252 590177.4154449399 0, 190000.9421353614 589618.040565793 0, 190100.63688355155 589525.6576807065 0, 190160.17062084237 589461.3999246287 0, 190248.73260023954 589273.753358765 0, 190400.710150374 589225.6331964749 0, 190396.68185805177 589123.9730455184 0, 190624.6848108747 589099.7055037458 0, 190698.73264240203 589225.657620175 0)), ((201754.40310418143 592343.8698549737 0, 201908.07125499577 592542.9664832968 0, 201895.58962006393 592627.3903901683 0, 202085.51875358925 592740.988897649 0, 201796.4684755468 592821.4821179048 0, 201624.6851399818 592889.0114305812 0, 201260.2136135512 592745.7253124071 0, 201164.2784989553 592621.433378462 0, 201087.31933576532 592433.3962081159 0, 201110.3356457536 592277.634565222 0, 201274.68499960224 592249.7047237696 0, 201300.67378646543 592343.0397939895 0, 201524.68503223002 592309.9342946621 0, 201754.40310418143 592343.8698549737 0)), ((202547.82351679486 593198.8746941073 0, 201951.54669231988 593174.680403071 0, 202021.639426137 593020.4322926062 0, 202125.14282133032 593028.7575010323 0, 202474.68511793946 592999.7047445783 0, 202547.82351679486 593198.8746941073 0)), ((191547.82339497487 591926.5608967033 0, 191570.00359844323 592202.5862963948 0, 191702.34614775833 592316.6243230809 0, 191693.71572777053 592423.9973667652 0, 191851.54658530207 592522.8498947778 0, 192029.38472453243 592648.9486414199 0, 191947.60980069308 593023.8509169368 0, 191951.75414803193 593075.4133820419 0, 191879.23220907408 593475.3889869845 0, 191788.08842132761 593808.4212623718 0, 191480.776346205 593872.8499049308 0, 191273.9648461078 593632.7864224005 0, 191192.34865806095 592832.6644420438 0, 191251.5466428637 592726.5609645328 0, 191297.8234184308 592622.8499563249 0, 191401.54653824586 592476.5609312761 0, 191456.50870884693 592234.6175946915 0, 191447.67684845906 592124.7054931362 0, 191453.70101254087 592049.7055011127 0, 191447.0238210923 591966.6244281342 0, 191524.68497456805 591899.7054587 0, 191547.82339497487 591926.5608967033 0)), ((200980.31261936482 595655.3200899537 0, 200848.28149327304 595773.2888812311 0, 200454.5314755707 596213.9871135798 0, 200107.27807180418 596234.6902519211 0, 199951.08910599002 595947.2635345524 0, 200010.68377303047 595159.2752728101 0, 200378.98823482916 594857.0778883282 0, 200739.5716837385 594878.5622779671 0, 200874.68520022364 594849.7047772972 0, 200898.28138523706 594876.1208814373 0, 200993.24601719217 594960.959704527 0, 201134.49970738063 595183.0544437009 0, 201347.93351745344 595170.3346882074 0, 201362.55143810733 595415.549518252 0, 201250.81438024633 595476.2673455136 0, 201145.89496337765 595470.0173304096 0, 200980.31261936482 595655.3200899537 0)), ((221898.73315402624 594025.6556867295 0, 222200.6373961574 594273.7512296082 0, 222272.7810284317 594351.6077351213 0, 222396.32223730764 594466.0852576839 0, 222169.58276325962 594761.7640470797 0, 221948.73316768097 594923.7513225826 0, 221900.63750934874 594975.6556048323 0, 221590.7742441066 595073.751320741 0, 221800.63745227462 595123.7512402023 0, 221898.73321981326 595188.4485809918 0, 221698.7331759079 595373.751363906 0, 221650.63747454743 595475.6556121204 0, 221446.82899842883 595571.8470596501 0, 221350.63749602437 595675.6556747622 0, 221069.62555076735 595936.0316918077 0, 220990.2921294221 596269.0882372035 0, 220244.27767177924 596323.751431555 0, 219800.63754249804 596214.6450459916 0, 220005.63021040024 596024.703582719 0, 219898.73318955456 595925.6557874135 0, 219838.6135994436 595735.7632325402 0, 219648.73321881096 595675.6558183333 0, 219600.63755887598 595587.1059769378 0, 220136.85574946037 595240.8413453471 0, 220612.71638699833 595090.1821048299 0, 220950.63750169013 595025.6556091713 0, 221098.7331452054 594973.7512897383 0, 221250.71074370446 594925.6311538384 0, 221247.62836988323 594847.8724835279 0, 221440.37741147462 594756.9056980663 0, 221289.10183180266 594616.7445331063 0, 221300.67404150232 594324.7034102 0, 221297.7016568189 594249.70353663 0, 221306.17333650994 594036.0560491518 0, 221874.6852833611 593999.7035388902 0, 221898.73315402624 594025.6556867295 0)), ((215199.1848881371 595825.1921566816 0, 215364.44369002883 595933.5417894024 0, 215288.69902638765 596154.8552693726 0, 215350.20422577093 596274.2399734019 0, 215349.12389392484 596327.0965065137 0, 215548.61117011512 596518.771251113 0, 215131.31383005469 596574.21557429 0, 215048.2815508314 596318.3562619202 0, 215051.1868453753 596176.1443802464 0, 214948.12895869146 595976.0955495078 0, 214950.24076068948 595872.5310448918 0, 215174.68532184002 595799.703977354 0, 215199.1848881371 595825.1921566816 0)), ((221879.62941893982 598157.2961707221 0, 221689.62081335677 598303.9515798157 0, 221505.3800633003 598192.8187947707 0, 221452.9020558376 598105.0990348787 0, 221614.48040618064 597980.3920591203 0, 221724.68556947037 597949.703501467 0, 221879.62941893982 598157.2961707221 0)), ((207697.3722048381 597777.0237030217 0, 207775.39956766588 597841.8430838574 0, 207897.37219321256 598129.3431627733 0, 207776.5958850382 598522.3851273638 0, 207524.24597708174 598218.600881923 0, 207417.58102517517 597855.0999203174 0, 207674.6854333455 597749.7044408695 0, 207697.3722048381 597777.0237030217 0)), ((229961.66078779896 599712.0077433377 0, 229597.7569032442 599796.6877779819 0, 228951.7486326652 599527.9989102501 0, 228830.38634614606 599462.0565986588 0, 228715.95767586553 599333.9803959216 0, 228651.08935171692 598754.8055903614 0, 228775.5156439382 598408.0527146698 0, 229236.47755922956 598048.5066544611 0, 229762.8081211246 597966.4998673867 0, 230288.78473710988 598059.9567959852 0, 230468.98486977874 597962.0564787482 0, 230630.22748801578 597781.5876619271 0, 230751.08935679647 597726.1189144319 0, 230848.28174709453 597673.286896714 0, 231474.6855632236 597649.7028948107 0, 231451.08932941355 597776.1188524027 0, 231392.20266072062 597828.7310938477 0, 231299.6855578492 597823.2135761854 0, 231111.72170589736 597834.4196091881 0, 230837.28317203224 598141.5731196068 0, 230852.6641034513 598399.7028575832 0, 230828.05471989434 598812.6667698902 0, 230569.05820769846 599044.0877415844 0, 230451.0894809165 599176.1189683592 0, 230348.281799998 599223.2869748892 0, 230284.21934166978 599294.9911012771 0, 230152.8472743724 599581.2215039927 0, 230066.20184647295 599484.248811595 0, 229961.66078779896 599712.0077433377 0)), ((224841.2994423812 599901.6198183505 0, 224783.37709711702 600107.7355191606 0, 224569.1864255604 600169.2223495026 0, 224478.01819546922 600026.8028920356 0, 224506.71084929138 599924.7033523801 0, 224463.61393228447 599771.3464019512 0, 224774.6856784393 599749.7033030149 0, 224841.2994423812 599901.6198183505 0)), ((231480.4840425871 600236.2872904212 0, 231063.73597926385 599891.5730166232 0, 230811.40441126016 599815.5964808243 0, 230751.54113967856 599643.50169664 0, 230901.54114044068 599576.5583980073 0, 230997.8301621704 599522.8474110467 0, 231101.54120663262 599476.5583218638 0, 231399.0753273041 599290.8650193036 0, 231624.68571064185 599249.7028045815 0, 231670.96251519266 599303.4137243461 0, 231751.54118013443 599372.8473733047 0, 231897.54945757048 599542.3054229297 0, 231953.6286071239 599970.8942305875 0, 231890.38399644304 600143.0987888102 0, 231785.34245861706 600233.5895828747 0, 231649.68570390347 600222.6887251928 0, 231480.4840425871 600236.2872904212 0)), ((223659.4879831186 600578.0237292732 0, 223483.89592022295 600620.1257031413 0, 223512.47251730927 600492.6599732598 0, 223574.68566679882 600449.7032968946 0, 223659.4879831186 600578.0237292732 0)), ((223943.46618333992 600199.7034303785 0, 223957.16867833806 600309.8353014447 0, 224052.45064522015 600471.932375916 0, 224096.92080290613 600605.7824750069 0, 223808.73720553017 600671.9323081279 0, 223742.82534992538 600144.9548007105 0, 223567.21492166087 600248.1775281556 0, 223305.83803461108 600094.5398474484 0, 223252.4505490734 599992.3791003033 0, 223552.45058820047 599927.4743933573 0, 223624.68564858 599899.7033892678 0, 223646.92078679428 599927.4744113625 0, 223852.45056818472 599971.9324195953 0, 223963.66266072378 600037.3131693356 0, 223943.46618333992 600199.7034303785 0)), ((222814.85298942644 600780.5017693585 0, 222710.4095914993 600816.5003661306 0, 222657.88880266884 600723.2874889432 0, 222774.6857081059 600699.7033955308 0, 222814.85298942644 600780.5017693585 0)), ((232546.46317781848 601177.9254223445 0, 232602.9084083952 601221.4801812579 0, 232667.5324549544 601527.7545350348 0, 232586.22144362674 601806.6364365568 0, 232180.09359654295 601871.4801794363 0, 232082.36408044264 601744.8689216941 0, 232160.2449399333 601615.7428822352 0, 231981.3630763591 601477.6691112524 0, 232233.9265466118 601374.2999952105 0, 232300.27178870759 601212.1905854488 0, 232524.68579157 601149.7027844745 0, 232546.46317781848 601177.9254223445 0)), ((233146.46341043513 605671.480111399 0, 232892.09334671166 605771.4802206929 0, 232606.54651732335 605686.0675980852 0, 232401.90778536437 605520.6745620653 0, 232306.76608397264 605534.7370184558 0, 232231.1313565136 605275.3010083797 0, 232253.38482438104 605124.7028374189 0, 232242.7524454353 605052.7424060588 0, 232299.68598734718 604913.6188560757 0, 232458.37746463236 604937.0685191066 0, 232817.8378472476 604789.9616007396 0, 232624.6250354341 604550.886882244 0, 232802.90869049422 604477.9254611362 0, 232977.9575496294 604372.3223778097 0, 233474.68597121022 604349.7028409429 0, 233518.25294436055 604406.1358450415 0, 233896.46334528123 604511.4581147225 0, 233852.90869366348 604577.925453606 0, 233752.90871555088 604655.1105155429 0, 233805.50873508383 604803.4258573046 0, 234041.54396064812 604944.5880750071 0, 234074.8080697913 605169.7100305319 0, 234002.90876811487 605427.9253766431 0, 233890.03034638814 605515.047044623 0, 233730.69201302287 605721.4801679571 0, 233546.46347881 605677.9253924546 0, 233412.83307312542 605597.3101542167 0, 233146.46341043513 605671.480111399 0)), ((229908.9635247003 608036.8978375716 0, 229890.39668377067 608162.5813862717 0, 229713.944079273 608234.79824521 0, 229539.83515356825 608166.3412721172 0, 229564.05394051922 608002.4740974439 0, 229874.68616508917 607949.703113585 0, 229908.9635247003 608036.8978375716 0)), ((211698.73413287298 611175.6563391531 0, 211800.638515227 611223.7521486162 0, 211848.73422567258 611281.1006669911 0, 211705.600648761 611413.7179200181 0, 212265.59826516095 611678.0000970073 0, 212448.73428879323 611875.6563915422 0, 212682.62094595452 612047.2139562796 0, 212748.73427824696 612144.6015980126 0, 212548.7342464289 612273.7520484964 0, 212386.91788165015 612385.0924203452 0, 211637.50993241463 612355.3926958683 0, 211313.48649616193 612106.9185441146 0, 211237.91275936968 611946.7867809684 0, 211250.8643184761 611619.9434859374 0, 211450.63855660593 611525.65642049 0, 211548.7341591405 611464.6456367009 0, 211352.35352273143 611282.6876628461 0, 211300.6384591398 611182.2970598931 0, 211674.6862734185 611149.7042011595 0, 211698.73413287298 611175.6563391531 0)), ((219681.363787288 614362.3136029227 0, 219078.1106228784 614573.7516329942 0, 218864.43877413045 614494.3204757518 0, 218748.73441864277 614275.6558575098 0, 218700.60211146998 614173.6784144216 0, 218625.84621303028 614176.6447271211 0, 218183.34130365704 613813.009508546 0, 218058.43284437797 613678.1950317661 0, 217782.48071956506 613605.892745421 0, 217650.63867067997 613675.6560590692 0, 217448.73444359173 613723.7517330062 0, 217354.34346382963 613923.7516633727 0, 217248.39871315987 613832.1257484959 0, 217252.65894117916 613724.7038630071 0, 217148.73442145583 613675.6561118974 0, 216992.3622536516 613592.916777705 0, 216148.73435561196 613673.7517590553 0, 215900.63871366184 613775.6561347115 0, 215344.33986843404 613874.5331404675 0, 215125.4617120459 614110.7636163716 0, 214698.73433847175 613975.6562119913 0, 214550.63867152305 613923.752006973 0, 214101.5785693308 613870.0166081209 0, 213946.83003915995 613577.5605200705 0, 213810.17235290364 613287.997591772 0, 213670.31017912566 613137.0576823708 0, 213275.68740765704 613061.7158268145 0, 213350.70577183308 612775.4121219208 0, 213346.78730566392 612676.5839571169 0, 213498.7342818476 612455.7709950807 0, 213450.63856226063 612273.7520088815 0, 213354.80721923054 612092.6484136416 0, 213839.5483959978 611737.0942131891 0, 213997.3853663907 611507.7241356056 0, 214003.6474615048 611349.7040302294 0, 213990.87892592084 611027.5727855017 0, 214150.638488574 610725.6562182815 0, 214286.71635785844 610376.2055101389 0, 214349.68636772424 610373.7152432667 0, 214503.0127660776 610379.7943259623 0, 215165.00611848402 610322.3357993433 0, 215395.2611676505 610331.4665971177 0, 215578.29347999868 610133.9202306626 0, 216028.2873668311 610016.0125743129 0, 216316.55032713697 610152.0477126981 0, 216714.50562592596 610443.9422496898 0, 216932.92608605445 610646.3225882158 0, 217143.35089632653 610972.1769721769 0, 217443.6927212452 611166.1222555864 0, 217500.63849498035 611273.7516694723 0, 217566.3367343318 611549.5695856989 0, 217879.67298129914 611648.7760603422 0, 218150.63852147196 611823.7515948345 0, 218289.20054384685 611973.3000153595 0, 218380.77162147628 611976.9254833813 0, 218734.2750828302 611865.0114835965 0, 218818.49741921492 611624.7038192502 0, 218701.29768398948 611290.3165940607 0, 218693.74154417936 611099.7037114068 0, 218708.16419467633 610735.8365164731 0, 218609.78154290424 610629.6599174682 0, 218430.0696385381 610513.6075280523 0, 217998.73419897165 610025.6559570542 0, 217743.17381841564 609663.1560659911 0, 217451.3952210836 609392.8190123792 0, 217441.5686044208 609144.8819802245 0, 217529.20276739378 608959.1886491628 0, 217936.45991626574 608458.7614471455 0, 218017.89914643555 608226.4127830833 0, 217749.68623499307 608215.7804830647 0, 217283.80483088884 608234.2496983942 0, 217098.7339533544 608175.6560313005 0, 217000.6383499983 608023.7517306803 0, 216486.72835184075 607953.51248982 0, 216067.2154019515 607564.8162766359 0, 215978.8609360492 607377.6091781243 0, 215333.94513977767 607289.4744732588 0, 215132.92585567283 607194.6014751749 0, 214901.48663253873 607045.1507531615 0, 214897.0615735055 606933.4808676507 0, 214998.73385277987 606823.7517893002 0, 215050.638267129 606775.6562306586 0, 215130.9299745908 606688.9984389074 0, 215534.93995219463 606475.2166445127 0, 216000.6381358076 606425.6560004781 0, 216262.7719513413 606333.7859032782 0, 217215.1218713004 606263.5221543423 0, 217598.73387161933 605809.5792668351 0, 217501.90761969367 605636.776502797 0, 217200.63813103014 605573.7516583991 0, 216898.73386231184 605525.6559538101 0, 216429.202567494 605332.7971897185 0, 216184.82387498033 605255.4167946446 0, 216012.07607090907 605095.3704193518 0, 215900.6380741546 604884.7625245893 0, 215958.40784925155 604571.2370549353 0, 216048.73373217843 604473.7518452276 0, 216320.0106374666 604222.3968145315 0, 216425.32674180996 603889.7551192648 0, 216798.73362559258 603299.6550432667 0, 216745.0044778099 603214.8527590506 0, 216313.39435069033 602814.9504044469 0, 216148.73367861487 602575.6559554702 0, 216058.57856636247 602290.9026011513 0, 215927.02342099076 602087.1795414827 0, 215673.465022112 601852.2429059157 0, 215448.73356073204 601525.6560861481 0, 215250.63788799816 601173.7518594228 0, 215148.73356512527 601025.6560723652 0, 214733.47465883102 600269.2595949316 0, 214197.78128571104 599651.6083033982 0, 214050.63769414922 599423.7518391022 0, 213945.59012773473 599271.0906881511 0, 213850.63768902252 598773.7518745218 0, 213668.94206801633 598476.999012204 0, 213985.78162473597 597963.7421226389 0, 214306.1978271767 597718.0144607893 0, 214582.2537919443 597728.9764398234 0, 214954.4156895663 597611.1297236738 0, 215194.16173142855 597389.0105144869 0, 215204.64149923492 597124.7039996221 0, 215198.69664030607 596974.7039124253 0, 215200.67423501055 596924.7039061312 0, 215194.8269812161 596777.1942250831 0, 215624.68538916 596749.7038154036 0, 215700.63757112998 596873.7517865046 0, 215780.79502290615 597043.6003147864 0, 216215.96353188265 597248.9714085577 0, 216374.4290598787 597395.7975318482 0, 216648.73330617716 597732.8581192031 0, 216595.66326325195 598055.9537949862 0, 216298.73332355928 598273.7516702354 0, 216089.974837749 598499.0446860321 0, 215603.95801086526 598591.8425714929 0, 215591.2078151704 598913.5710618251 0, 215648.73344716296 598975.656090485 0, 215899.60014429587 599159.664868016 0, 216133.48072480242 599655.245937425 0, 216246.82918302366 599777.5603381662 0, 216630.21546254522 599958.5050315445 0, 217009.31087620804 600309.7502004161 0, 217265.1213877806 600705.8927249236 0, 217844.52827204662 601046.5299606929 0, 217972.78146961887 601451.6080865485 0, 218050.63795222953 601673.7516700402 0, 218120.87105583213 602041.6226441236 0, 218198.73361188394 602125.6558529891 0, 218250.63797897127 602173.751589808 0, 218346.82929949107 602277.5602041029 0, 219023.64822223995 602904.6719249065 0, 219198.7336893392 603275.6557873308 0, 219250.63797606193 603373.751534451 0, 219298.73369613226 603575.6557847565 0, 219396.2984980135 603760.0308331995 0, 219473.9534821178 604005.3066999675 0, 219711.1544651414 604507.9189166198 0, 219850.63811586064 604573.7515159771 0, 220214.71887995122 604796.6762645037 0, 221416.83683192785 604910.5189256537 0, 222017.94154744083 604742.9530016019 0, 222148.73376105656 604673.7513724434 0, 222309.51259221355 604597.8724761588 0, 222423.80709338383 604381.8812146418 0, 222103.35412252176 604230.6483150506 0, 222019.51016766738 604140.1577133968 0, 221748.73376020676 604075.655708613 0, 221560.64174927422 603976.131833667 0, 221358.76795473605 603968.1239969563 0, 221298.73375225381 604023.7514321825 0, 221159.75060982368 604173.751483497 0, 221098.66670011915 603925.387122608 0, 221102.90242241937 603818.5023038461 0, 220803.68982619845 603541.26854755 0, 220724.56374970803 603086.8495845973 0, 220854.89216694434 602810.7021607114 0, 221047.5618404636 602632.186476155 0, 221100.43649108103 602520.1381237094 0, 221400.82101097694 602378.3779533774 0, 221396.72558893106 602275.0454266156 0, 221597.88520567332 602145.1502465432 0, 221608.35887795815 601880.9047972043 0, 221496.82934702164 601777.5599720944 0, 221400.63790456153 601573.7514163473 0, 221108.40769079071 601385.0429295996 0, 220998.73358348897 601225.6557258252 0, 220854.4525100147 600919.9428215671 0, 220462.985208259 600735.189394538 0, 220173.51376836572 600466.9765348046 0, 220053.2501829098 600239.7060692775 0, 220047.0611910295 600083.4803995877 0, 220212.92423103598 599904.4644283705 0, 220630.78912993005 599817.0375153138 0, 221300.6378115776 599923.7513444058 0, 221548.7335362344 600025.6556523406 0, 221800.6378223123 600123.7513009527 0, 221988.38810722574 600252.9505991341 0, 222507.21747270238 600479.3543649202 0, 222790.6037150293 600468.123850908 0, 222898.73349527508 600568.3069413201 0, 222794.16811387538 600629.4398409683 0, 222454.98360892414 600615.9998577266 0, 222442.94747941953 600919.686355704 0, 222548.73362535756 600975.6556585699 0, 222708.07803226486 601026.1072955095 0, 222473.00111107336 601243.9173274873 0, 222548.7335951548 601325.6556705553 0, 222731.680326393 601383.5779215164 0, 222868.0146581009 601672.4574012359 0, 223326.3947866321 601690.6213985048 0, 223529.78828431235 601375.6555288589 0, 223600.63792229193 601473.7512369046 0, 223694.91888966435 601673.5192931503 0, 223750.24115092523 601675.7166013332 0, 224100.40602923773 601623.494856466 0, 224215.32904111157 601579.4763062326 0, 223900.63796997728 601456.9299725217 0, 223948.73361039252 601423.751239484 0, 224250.63793634844 601375.6554425531 0, 224398.73360190203 601323.7512392603 0, 224592.392006727 601262.4352685068 0, 224450.6379306855 601131.099873735 0, 224687.0637273519 601094.9914598746 0, 224760.25090520162 601250.0695832461 0, 225048.73367791087 601325.6554115777 0, 225448.73360591693 601420.9312823514 0, 225396.2617356105 601698.836560777 0, 224994.46729503464 601935.0425841452 0, 224755.44760554456 602156.5148601831 0, 224622.3787476001 602498.2262851016 0, 224550.63801826147 602575.6554427647 0, 224498.7337241448 602623.7511910248 0, 224405.34991879557 602724.5325000861 0, 224142.0991704832 602787.2400005409 0, 223850.63799181095 603057.2961929695 0, 223898.73370122633 603125.6555587716 0, 224015.34141568304 603233.7000063895 0, 223948.73379078836 603423.75119482 0, 223900.63804272222 603575.6555395786 0, 223396.76235004028 604125.8997533177 0, 223400.711399637 604225.5212437557 0, 223300.63806772215 604414.6447806483 0, 223348.7338490776 604475.6555984941 0, 223503.92180682288 604619.4543712437 0, 223448.73375873643 604723.7513413454 0, 223400.63815721194 604825.6556096979 0, 223102.0237397481 605313.3509177405 0, 223298.8009683008 605525.7288002663 0, 223448.73390369557 605519.7839836825 0, 223400.36964289373 605676.5222524542 0, 223250.63817822773 605597.2987323662 0, 223298.73398562387 605975.6556391531 0, 223372.45212385658 606043.9538750877 0, 223246.78691134823 606226.583370078 0, 223256.24121924755 606465.0720870488 0, 223185.00099307796 606599.7034937799 0, 223251.31577220518 606725.033010763 0, 223106.35729795182 606859.3348757396 0, 223001.29747437077 607159.0906811636 0, 222994.73006700532 607324.703425759 0, 223006.40615182967 607619.2224890129 0, 222513.00408814457 608169.3323580617 0, 222448.0138980891 608644.8451582384 0, 222307.67570804866 609180.4530789377 0, 222250.6384051444 609775.6556000231 0, 222163.9808026719 610273.3120092859 0, 222068.49746943373 611005.6483882815 0, 222148.7341934908 611175.6556321444 0, 222298.7342870977 611459.1273245338 0, 222193.43037174555 611823.7514072037 0, 221948.73423678047 611775.6557252948 0, 221752.14616269938 611671.6273752676 0, 221649.6863806314 611675.6923976194 0, 221561.5516542165 611672.2011259532 0, 221179.563084417 611793.1362003244 0, 221003.41566597237 612295.7119180486 0, 220949.466793572 613195.1869926052 0, 220719.43754955725 613551.4004840055 0, 220650.63868875708 613625.655772079 0, 220468.96760124536 613793.9907773822 0, 220193.44871400835 614091.3419276504 0, 219681.363787288 614362.3136029227 0), (216695.20044500587 612881.8816973025 0, 216758.90276372983 612704.3426665816 0, 216745.072216482 612472.3235433305 0, 216858.15203699676 611943.063267976 0, 216694.6326507061 611662.2039351537 0, 216598.28262981575 611576.1076491885 0, 216574.6863820598 611549.7038899183 0, 215980.24060096173 611592.6726884242 0, 215434.42142673457 611694.5526796891 0, 215351.09016307717 611876.1078275411 0, 215212.85170737648 612130.5024068471 0, 215426.2183884658 612369.2962094143 0, 215608.4449876519 612425.5706720835 0, 215780.2223497986 612617.8192096466 0, 215983.9638059962 612711.3372670807 0, 216212.54649618125 612871.0051886089 0, 216324.6864073072 612877.6824100502 0, 216474.68650037065 612868.7469320734 0, 216695.20044500587 612881.8816973025 0)), ((215148.73446111797 615175.6562140095 0, 215718.42440318112 615230.2460156404 0, 215985.0199233074 615371.3103930793 0, 216178.06792305998 615432.4309517813 0, 216595.87197251903 615653.5125817123 0, 217001.017259979 615844.723386342 0, 217298.30114950862 615938.8396492185 0, 217098.73461316267 616123.7517017705 0, 216914.77457582322 616322.2869647722 0, 216698.7345597477 616373.7517832803 0, 216640.8121955082 616556.6984951332 0, 216413.63936123354 616663.9129901256 0, 215328.6051395968 616723.7519108062 0, 214838.75532091517 616552.0600289414 0, 214750.63885397644 616273.7519404432 0, 214648.6673820019 616025.485229642 0, 214650.71200938697 615973.8862420697 0, 214518.8577822899 615724.7041170582 0, 214662.07681327537 615454.0374987199 0, 214800.63875675653 615325.6561547681 0, 214929.06284636847 615187.0574830228 0, 215124.68666561806 615149.7040463629 0, 215148.73446111797 615175.6562140095 0)), ((234605.3142767779 616819.0753946102 0, 234825.94422264223 616875.6915520766 0, 234557.85332529264 616920.1250922176 0, 234504.26442892393 616748.3233628699 0, 234574.68685016787 616699.7027555902 0, 234605.3142767779 616819.0753946102 0)), ((235821.86709027016 618544.6123459195 0, 235701.77436723482 618616.4995341931 0, 235657.89010127014 618473.2866418161 0, 235774.68692781238 618449.7027435158 0, 235821.86709027016 618544.6123459195 0)), ((219762.69355886214 619923.2023029536 0, 219294.64546210002 619941.7448352657 0, 218984.4220743942 619833.0168809841 0, 218748.93009360132 619823.678432609 0, 218463.42596417488 619923.7517163015 0, 218293.6994329887 619874.1911097212 0, 218086.9854907117 619651.0832824983 0, 217848.73480232284 619575.6559935864 0, 217586.96109918485 619468.1364804612 0, 216931.88910103324 619312.0940859508 0, 216748.73474494906 619225.6560494844 0, 216650.63902732613 619173.7519004007 0, 216479.14242330883 619092.8191851862 0, 216101.39586499133 618742.8192201692 0, 216095.72567592227 618599.703958465 0, 216101.67052213152 618449.7039669616 0, 216095.0115700573 618281.7352704766 0, 216235.39241815632 618130.2215730741 0, 216431.87058517805 618122.4334177948 0, 216948.0816408987 618220.9930262725 0, 217000.57181023163 618277.6457704401 0, 217124.68678206266 618272.72643239 0, 217335.20928948515 618281.0638330454 0, 217646.83043886564 618171.8473839384 0, 218197.33085884553 617997.5554367264 0, 218721.30539506025 617782.3331860984 0, 219198.73469160992 617673.75168437 0, 219824.68676106035 617649.7037009384 0, 219946.86702543218 617849.2398752591 0, 219848.73465658005 618223.7516267588 0, 219796.95864077745 618871.700804039 0, 219613.6945269719 619069.4913875086 0, 219408.4820277251 619166.3419776366 0, 219298.73472918698 619373.7515820155 0, 219249.9981854912 619527.6945321679 0, 219111.5521838019 619522.2013401202 0, 218850.63906232006 619604.8064153278 0, 218930.8454220766 619722.9703546783 0, 219000.4742918596 619725.7292047605 0, 219309.02526811097 619598.9835359827 0, 219848.7347569428 619702.0231339276 0, 219762.69355886214 619923.2023029536 0)), ((237109.68457826116 619432.0390301704 0, 237091.45944697256 619555.4033196749 0, 237383.9277145784 619675.1054672585 0, 237542.21639677248 620061.8731040825 0, 237460.41700488905 620615.4741297069 0, 237357.84141804534 620785.5180350117 0, 237204.99721791194 620903.4990920703 0, 236868.48587443805 620756.4409606339 0, 236742.49717210332 620593.22074095 0, 236652.9097425881 620271.4799413002 0, 236594.938573205 620124.0190832082 0, 236652.90972335346 620027.9253369934 0, 236705.3145388478 619839.705051315 0, 236844.05963303774 619609.7001674847 0, 236922.4531198742 619328.1694143144 0, 237024.68699827357 619299.7026669998 0, 237109.68457826116 619432.0390301704 0)), ((219208.2441737802 621043.1975193302 0, 219188.27957462365 621291.6714966687 0, 219288.65799618824 621658.4318759243 0, 218925.64525975435 621971.1882389324 0, 218697.8255390453 622072.8484108102 0, 218492.55816241467 622187.3746980835 0, 217966.93555459075 622272.8483965102 0, 217583.34796657393 622167.867914779 0, 216957.3958420062 621904.2450216812 0, 216599.5161536732 621650.4973852687 0, 216006.1750152904 621308.4075349867 0, 215928.51389909055 620547.0673238947 0, 216051.5485343193 620326.5594910685 0, 216139.8053011579 620033.4320017243 0, 216324.68697630856 619999.7039577971 0, 216347.82533960982 620026.5594077938 0, 216637.54095616972 620079.4159229683 0, 216763.5174836332 620361.7157312245 0, 217342.2895054108 620612.1062699148 0, 217397.82537521678 620676.5594216895 0, 217615.8124849757 620813.0949752817 0, 218243.96804602072 620877.1696803442 0, 218424.68700347457 620862.6554938143 0, 218674.6870121085 620882.7360919192 0, 219086.99174575976 620849.6061080965 0, 219208.2441737802 621043.1975193302 0)), ((219990.46477292496 622769.3937417606 0, 219902.452028769 622684.6524599271 0, 220024.68708024162 622649.7037780123 0, 219990.46477292496 622769.3937417606 0)), ((220101.0909631615 623123.2999050819 0, 220180.06435850475 623295.358064792 0, 220098.13685267704 623523.7027969363 0, 220111.99801034763 623756.2710728397 0, 220040.4403323552 624073.3000047902 0, 219951.09103757402 623973.2999807058 0, 219898.28336289313 623926.1075632253 0, 219775.6393295648 623788.8516652498 0, 219701.09100513533 623617.904466095 0, 219903.66062576068 623524.9357554765 0, 219726.3106867341 623412.1427556721 0, 219651.09104056083 623315.4630743226 0, 219807.1089978415 623176.0588378793 0, 219698.2833204273 623126.1076779332 0, 219651.09089597446 623049.6671057307 0, 220024.6871008977 622999.7037892678 0, 220101.0909631615 623123.2999050819 0)), ((220090.4648984591 624419.3936885039 0, 220002.4521946449 624334.6525511633 0, 220124.6871677542 624299.703777064 0, 220090.4648984591 624419.3936885039 0)), ((220355.0461797182 624863.9493150827 0, 220250.45630517264 624812.8751292847 0, 220207.89039310426 624670.7364601542 0, 220374.68721766834 624649.7037863714 0, 220355.0461797182 624863.9493150827 0)), ((220442.4912763045 625118.3804559234 0, 220253.3615279611 625039.950316558 0, 220374.6872501154 624949.7037257663 0, 220442.4912763045 625118.3804559234 0)), ((220946.9223353164 624927.4746999426 0, 221102.45219364107 624971.9327025714 0, 221146.92242394196 625000.4604480241 0, 220946.92239224692 625121.932670523 0, 220902.45216979238 625177.4747162272 0, 220696.92232982253 625221.9326685139 0, 220652.45224400776 625327.4746934593 0, 220534.48347992546 625371.9326795592 0, 220552.79398307795 625224.7037578525 0, 220526.53048484915 625013.5465209635 0, 220924.68729539556 624899.7037507794 0, 220946.9223353164 624927.4746999426 0)), ((221349.46761625452 625509.713491279 0, 221204.26494053577 625467.367238355 0, 221374.6873152645 625349.7036866035 0, 221349.46761625452 625509.713491279 0)), ((240258.15911825185 625344.2703460887 0, 240243.87686947107 625522.0046718379 0, 239771.3792504249 625572.8470779054 0, 239501.54291276282 625345.4056608715 0, 239651.7991892121 625076.1062171741 0, 240024.6874152955 625049.702462137 0, 240258.15911825185 625344.2703460887 0)), ((220847.17882894145 625618.1607480454 0, 220574.68734078552 625549.5084123545 0, 220410.08775254095 625590.9756581071 0, 220380.79088175553 625474.7037759712 0, 220405.98618867816 625374.7037789631 0, 220382.06040516833 625279.7330678307 0, 220454.71659876918 625319.6744490233 0, 220514.47000679676 625409.530343618 0, 220656.1996975531 625445.2359190687 0, 220754.71666234932 625379.7330787256 0, 220824.571296464 625274.6793683944 0, 220924.68731835418 625249.7036908898 0, 221038.13338118535 625490.6338238049 0, 220847.17882894145 625618.1607480454 0)), ((221283.22008392392 626267.4527905599 0, 221202.8368138056 626316.5006403708 0, 221157.8904866826 626183.4927811696 0, 221224.6873438139 626149.7037792255 0, 221283.22008392392 626267.4527905599 0)), ((220945.46977760695 626028.9274356195 0, 221144.36512797972 626206.637338488 0, 220885.11829551373 626323.299893322 0, 220742.8698070136 626164.0958384678 0, 220753.41665871386 625987.1549016759 0, 220874.68735554873 625949.7037593157 0, 220945.46977760695 626028.9274356195 0)), ((241689.27504954595 629093.8673400999 0, 241574.9805975037 629218.7696987325 0, 241505.6202431868 629023.0666299717 0, 241624.68768484535 628949.7024751886 0, 241689.27504954595 629093.8673400999 0)), ((197398.28371938976 630676.1091144948 0, 197701.0913555697 630723.3014327103 0, 198003.79526836795 630980.7966018601 0, 197984.3494095145 631307.0538353592 0, 197788.8355209008 631481.7364720296 0, 197298.28380675355 631573.3015057503 0, 197216.83853698563 631664.451430045 0, 196885.11842752362 631723.3014434257 0, 196751.09138591532 631573.3015734936 0, 196434.78888850467 631499.705286839 0, 196453.10553822084 631192.3566652103 0, 196803.90510887196 630878.9289240758 0, 196983.43998723503 630677.9889326681 0, 197374.6874817438 630649.7053368476 0, 197398.28371938976 630676.1091144948 0)), ((215215.22128671207 634081.247152066 0, 215059.63655508263 634116.501001555 0, 215007.89097070906 634020.736851349 0, 215174.6878394879 633999.7040653427 0, 215215.22128671207 634081.247152066 0)), ((212046.92301410608 635177.4753390398 0, 212080.6815675833 635448.8986137045 0, 211909.70990895174 635621.9333551074 0, 211852.45282939065 635198.9475530789 0, 212024.68791826747 635149.7043287889 0, 212046.92301410608 635177.4753390398 0)), ((213203.44159291626 635942.4776790482 0, 212788.9152435832 635683.7497531088 0, 212811.74237917006 635399.7042231949 0, 212790.27019854597 635132.4923570217 0, 213001.54948802004 634862.7170215241 0, 213074.68788289526 634799.704306482 0, 213214.09217925498 634961.5084733516 0, 213351.54940458652 635022.8488778393 0, 213447.8262713621 635076.5597575727 0, 214011.94987442507 635134.1036347935 0, 214097.8263336006 635326.5597626478 0, 214151.54944901663 635422.8488181311 0, 214197.82630082415 635766.2569799534 0, 213925.51198502615 635936.8258237981 0, 213599.6880128179 635910.6417275283 0, 213203.44159291626 635942.4776790482 0)), ((223424.68838820863 641499.7036281688 0, 223224.6883810913 641499.7036912187 0, 223224.68844013824 641399.7035883962 0, 223424.68843719066 641399.7036224686 0, 223424.68838820863 641499.7036281688 0)), ((242974.68875530333 646049.7023621086 0, 242874.68878548936 646049.702405077 0, 242874.68877604214 645899.70242153 0, 242974.68876230344 645899.7024663729 0, 242974.68875530333 646049.7023621086 0)), ((242821.8689159328 645994.612126248 0, 242701.7762203039 646066.4992278806 0, 242657.8919701923 645923.2863656256 0, 242774.6887998207 645899.7024543809 0, 242821.8689159328 645994.612126248 0)), ((224949.1879287739 642319.3202310179 0, 224817.40087600567 642469.6131927177 0, 224552.08715152123 642555.7094764431 0, 224729.33323361888 642817.2085475314 0, 224849.18803893845 643167.3548530578 0, 224766.4854776969 643602.535641456 0, 224499.18806428273 643974.2030964695 0, 224405.18785430328 644167.9530412279 0, 224266.65022932054 644312.1547179248 0, 223755.4442288396 644717.4526535217 0, 223649.18810998873 644874.203099757 0, 223577.69154792425 645386.3736172079 0, 223475.68965530168 645700.7046879692 0, 223399.1881555199 645924.2031817189 0, 223336.76146221344 646435.1040576625 0, 223121.67967446023 646658.9566397999 0, 222689.4409400219 646951.9498587749 0, 222355.07201301015 647124.2032063813 0, 222299.1882468699 647075.2042542777 0, 222250.18917349706 647024.2032582063 0, 222006.8969789537 646864.6939633653 0, 221950.18921952377 646574.2032920606 0, 221847.24724226134 646422.3356313861 0, 221750.18917214265 646024.2032846095 0, 221631.7138203876 645732.1256536907 0, 221699.1881063432 645524.2033282504 0, 221770.4649712527 645385.8365958493 0, 221431.56721262456 645060.2384117285 0, 221501.1350904115 644720.577830355 0, 221493.2554326668 644334.4572331175 0, 221733.29453328968 644084.6280707862 0, 222029.89480635885 643890.1700796189 0, 222434.52732337246 643555.441057813 0, 222506.22535594323 643188.1435782948 0, 222838.26269122277 643080.3922034167 0, 223299.18795735383 642819.0762053881 0, 223250.18895242753 642724.2031350276 0, 223128.25283577942 642544.3203413407 0, 223347.98552117177 642333.1996984457 0, 223354.2660401415 642025.5215550597 0, 223000.18889120576 641910.6290438203 0, 223049.18792189469 641824.2031582767 0, 223100.18892506545 641775.2042378741 0, 223231.31673561138 641575.2042272434 0, 223450.18885509766 641624.2031999276 0, 223549.68832088742 641675.4604976524 0, 223649.18793397542 641624.2031336692 0, 223777.7523217419 641561.8374312556 0, 223550.18885704127 641451.4370982357 0, 223683.0685546971 641377.59672806 0, 223849.18790456324 641374.2031668287 0, 223874.68830910863 641349.7036282147 0, 223899.18787603287 641375.2040682973 0, 223977.7522998668 641450.6801415785 0, 223823.17470774805 641599.2030929029 0, 223900.20719614316 641824.264132528 0, 223895.15960598597 642071.6151797482 0, 224119.26238301804 642187.0570797222 0, 224797.13108129808 642173.2264701994 0, 224949.1879287739 642319.3202310179 0)), ((226551.55057944523 650326.5589716241 0, 226373.85897030708 650372.8480614572 0, 226101.55053528666 650272.8480525676 0, 225890.8754824307 650209.4202618856 0, 225907.98969627186 649996.3832712129 0, 225837.91527012817 649740.3286351219 0, 225620.97184671197 649553.4267034864 0, 225435.33957757524 649337.9604189435 0, 225052.71621061635 649098.3118944974 0, 224807.867568848 648814.1078255645 0, 224742.8345970869 648246.8471176323 0, 224647.82726576348 648076.559081315 0, 224601.55041752043 647835.0306962213 0, 224705.267376349 647359.5180589203 0, 224801.5503050331 647276.5590946582 0, 224888.48272019703 647175.655725574 0, 225051.55035242118 647126.5590827136 0, 225258.5876593786 647050.5336521699 0, 225397.82718617315 646972.8481666199 0, 225751.5503662649 646876.5590130675 0, 225866.6687448811 646812.3378674446 0, 226275.0610108095 646689.3763018511 0, 226653.40575687424 646603.4265817935 0, 227122.91259600793 646474.9231134625 0, 227701.55037536315 646426.558865131 0, 227974.68871122287 646399.7034446726 0, 227997.82711278266 646426.5588312512 0, 228105.26730104038 646519.1246845893 0, 228257.989490316 646696.3952402722 0, 228244.67779772688 646862.105686885 0, 228307.63551750194 647150.7654482804 0, 228293.42655056994 647327.6575047999 0, 227952.27673057147 647726.046217303 0, 227679.92566893174 647921.6027412553 0, 227505.52376519737 648200.0452467409 0, 227555.7130093918 648824.7034569508 0, 227542.54778704004 648988.6072099399 0, 227425.61051608695 649524.7033833888 0, 227505.26754494966 649889.8890364867 0, 227607.72118143376 649978.1701613866 0, 227446.39914797913 650117.1472775101 0, 227182.00099175607 650282.7601196682 0, 226813.99565896002 650216.036502925 0, 226551.55057944523 650326.5589716241 0)), ((219393.2497509777 650806.051665693 0, 219351.20262012645 651219.2230304482 0, 219184.19216376977 651104.8554242171 0, 219206.81787965837 651024.3255061745 0, 219130.83522286336 650788.7420558893 0, 219206.40895304823 650678.3783063672 0, 219324.68889597154 650649.7039942654 0, 219393.2497509777 650806.051665693 0)), ((229774.6891002172 651849.7032759156 0, 229674.68914903238 651849.7033059794 0, 229674.6891096419 651599.703305068 0, 229774.68903825892 651599.7032662816 0, 229774.6891002172 651849.7032759156 0)), ((222957.39782741826 652945.6632456903 0, 222792.45644847013 653137.1183677042 0, 222210.4679553544 653183.8834007245 0, 222182.6114606114 652837.1305200442 0, 222299.68909756278 652771.81072795 0, 222480.78033585058 652872.8483318595 0, 222597.82749427663 652713.595329149 0, 222537.7811519574 652530.9659766655 0, 222401.55066319858 652372.8482824117 0, 222301.55070455244 652286.6910508448 0, 222347.82753763947 652222.8482325389 0, 222447.82752176112 652136.6911139364 0, 222401.55061008653 652072.8482949053 0, 222297.82751291053 652026.5592482992 0, 222081.95218009988 651873.4953322388 0, 221901.5505672798 651772.8482542641 0, 221553.34504652407 651617.4650080322 0, 221447.827428077 651526.5593794271 0, 221391.85814476357 651401.1320800356 0, 221203.40612307866 651295.9806860541 0, 220901.55059943383 651161.2882777279 0, 220955.6764891911 650882.418762009 0, 221289.1909137736 650806.6496134324 0, 221655.53615301705 650595.4313364231 0, 222012.7016037665 650287.7164744955 0, 222240.68013400733 650023.1047144844 0, 222874.68888856957 649999.7037998309 0, 222897.82728406624 650026.5591640967 0, 223076.61771307106 650138.5464399102 0, 223190.22849855095 650342.1719571351 0, 223251.77029894732 651025.3263387044 0, 223151.55058427 651578.1094871662 0, 223197.8274438325 651676.5592201523 0, 223435.69362535118 651825.5460773973 0, 223467.37708072137 652219.8453500276 0, 223201.55059792788 652448.8736502206 0, 222943.91516372692 652777.8409128297 0, 222957.39782741826 652945.6632456903 0)), ((228556.76930168687 653308.0285282399 0, 228161.0844531911 653141.2926910032 0, 228109.9857928171 652730.5018023448 0, 228258.13638764384 652545.4919855065 0, 228452.46010500423 652427.474296846 0, 228541.6447460725 652316.0974069698 0, 228856.50060430635 652064.278514 0, 229249.68913497357 652015.3771680275 0, 229397.41856889767 652033.7486905606 0, 229446.91814516156 651971.9324180089 0, 229774.68904906887 651949.7033245276 0, 229743.02403188345 652146.1265866058 0, 229771.90587198464 652378.3532907033 0, 229690.32634673835 652847.1397827019 0, 229485.8585929617 653010.8727119784 0, 229291.16874698643 653254.0002548813 0, 229049.68918222113 653284.0295164029 0, 228899.68918274547 653265.3772116796 0, 228556.76930168687 653308.0285282399 0)), ((231929.59672797302 658361.4951363625 0, 231893.78128227717 658521.0288367871 0, 231571.14951654655 658465.4868851942 0, 231606.732971684 658258.7974890632 0, 231824.68958787952 658199.7032545779 0, 231929.59672797302 658361.4951363625 0)), ((232023.3589888446 659097.8477264015 0, 231947.809748444 659420.1254820899 0, 231754.267220214 659270.1255644655 0, 231645.11189387727 659229.2808176421 0, 231514.09388751222 659143.9659297392 0, 231607.1236460092 658922.4816138273 0, 231974.68957230006 658899.7032178153 0, 232023.3589888446 659097.8477264015 0)), ((233147.27279549566 662256.7831425396 0, 232981.79428571532 662323.7510438167 0, 232900.64190035735 662082.9307263168 0, 233074.6897798203 662049.7031437693 0, 233147.27279549566 662256.7831425396 0)), ((229393.8428669119 667327.9992942798 0, 228898.68912428434 667448.7024876281 0, 228721.491854773 667718.9782621721 0, 228645.30779979756 668420.0892547107 0, 228804.30448094825 668629.6351267962 0, 228948.18866763383 668926.2050024514 0, 229154.7927383747 669124.7034843197 0, 228941.9509530567 669329.2078448951 0, 228649.1896594453 669424.2030023243 0, 228500.19069511347 669475.2040421503 0, 228165.8828438739 669529.62297804 0, 227881.19047179146 669523.8124265352 0, 227800.1907047709 669274.2030933063 0, 227733.25950535742 669078.6708517667 0, 227499.18970569395 668925.2040999066 0, 227345.1797238314 668820.8095698128 0, 227352.75409243492 668449.703527731 0, 227348.22536947776 668227.9627978957 0, 227400.3127088565 668024.7402372692 0, 227294.04436564428 667552.3281200451 0, 227199.1712718671 667275.1430782416 0, 227200.61167689782 667204.4521351082 0, 227068.5072399677 667125.2040426094 0, 226550.19054139088 667275.204110142 0, 226201.47227595636 667360.2138939184 0, 225935.58485408867 667269.1982191476 0, 225592.09722351044 666911.6909597812 0, 225500.19052075737 666619.3203421535 0, 225600.1904549388 666425.2040842171 0, 225654.188290426 666313.9005233572 0, 225753.87696424572 665904.9648357177 0, 225744.7522105238 665457.7602708619 0, 225516.75540331105 665015.1822298202 0, 225436.29265109845 664603.0118293009 0, 225197.13248972406 664373.2265481332 0, 224960.32824413816 664378.0606914207 0, 224727.98574077527 664318.5146770332 0, 224365.2233822636 664325.9122057135 0, 224198.23111476656 664071.2125645401 0, 224200.70921600808 663949.7037363109 0, 224198.5850990487 663845.6022236475 0, 224041.5660174273 663613.9615810389 0, 223921.0887547626 663498.2023428887 0, 223249.18931780045 663425.2043463882 0, 222914.2894350817 663368.0753710379 0, 222624.47620727122 663485.6291341899 0, 222484.37603632212 663699.3254331782 0, 222500.29408593653 664479.3059377191 0, 222707.69158928996 664785.2628883818 0, 223296.4245418634 665070.8951489736 0, 223699.18944776073 665425.2042736249 0, 224002.74168450362 665650.2286698536 0, 223999.12839594952 665827.2061722929 0, 223739.73517641498 665953.0485142709 0, 223172.8161993196 665870.1994670838 0, 222569.18460634493 665663.5953804619 0, 221941.18776910013 665676.4128573767 0, 221714.85719391523 665911.9841198747 0, 221637.83082443033 666463.7298344559 0, 220649.18947595492 666524.2035314698 0, 220474.81200274435 666583.8959305015 0, 219924.6900321761 666572.6655117231 0, 219623.82328034026 666578.8055683926 0, 219241.98129556276 666523.0073099163 0, 219042.42675841384 666420.1996748296 0, 218892.18875484125 666263.8398003903 0, 218796.19265612256 666065.9638889489 0, 218700.19040358593 665574.203577479 0, 218646.19256900725 665416.4399241987 0, 218496.4061570746 665272.5312075975 0, 218396.62596083368 665066.8549830498 0, 218223.68892785552 664900.7050341378 0, 218057.53291743342 664727.7681242264 0, 217945.19154434605 664673.2637704597 0, 217849.68989264828 664675.216904984 0, 217799.68983968615 664674.1914381229 0, 217709.7057353541 664676.0346953294 0, 217017.24966002855 664621.6158193881 0, 216781.43419447113 664135.5439926262 0, 212449.53631263488 663079.6744175019 0, 212365.5768745024 663082.6582152289 0, 212281.59977045553 663084.8584125632 0, 212197.61029400188 663086.2748706257 0, 212113.61373941763 663086.9075000223 0, 212029.61540143093 663086.7562607878 0, 211945.6205748708 663085.8211624407 0, 211861.6345543554 663084.1022639443 0, 211777.66263395897 663081.5996737416 0, 211693.71010686818 663078.3135497161 0, 211609.7822650676 663074.2440991792 0, 211525.88439900163 663069.391578907 0, 211442.02179725215 663063.7562950498 0, 211358.19974619662 663057.338603187 0, 211274.42352968937 663050.1389082387 0, 211190.69842872888 663042.157664498 0, 211107.02972113274 663033.3953755475 0, 211023.42268119007 663023.8525942845 0, 210939.88257935806 663013.5299228407 0, 210856.4146819245 663002.4280125669 0, 210773.02425066702 662990.5475639784 0, 210689.71654254437 662977.8893267444 0, 210606.49680935396 662964.454099585 0, 210523.37029740805 662950.2427302758 0, 210440.34224721143 662935.2561155631 0, 210357.41789313228 662919.4952011186 0, 210274.60246306914 662902.9609814716 0, 210191.9011781329 662885.6544999669 0, 210109.3192523257 662867.5768486672 0, 210026.86189220555 662848.7291683285 0, 209944.53429655195 662829.1126482699 0, 209862.34165607058 662808.7285263654 0, 209780.2891530426 662787.5780889156 0, 209698.38196101738 662765.6626705923 0, 209616.62524448326 662742.9836543385 0, 209535.02415854443 662719.5424713052 0, 209453.58384860086 662695.3406007427 0, 209372.30945002794 662670.3795699045 0, 209291.2060878527 662644.6609539723 0, 209210.27887644427 662618.1863759338 0, 209129.5329191694 662590.9575065103 0, 209048.97330811052 662562.976064014 0, 208968.605123714 662534.2438142768 0, 208888.4334344978 662504.762570504 0, 208808.46329671476 662474.5341932095 0, 208728.6997540491 662443.5605900486 0, 208649.1478372983 662411.8437157193 0, 208569.8125640631 662379.3855718523 0, 208490.69893842042 662346.18820688 0, 208411.81195062792 662312.2537158786 0, 208333.15657679984 662277.5842404718 0, 208254.7377785974 662242.1819687003 0, 208176.56050293217 662206.0491348454 0, 208098.6296816313 662169.1880193269 0, 208020.95023115567 662131.600948552 0, 207943.52705226955 662093.2902947444 0, 207866.3650297546 662054.2584758408 0, 207789.46903208736 662014.5079552939 0, 207712.84391114383 661974.0412419528 0, 207636.49450189772 661932.8608898828 0, 207560.42562210062 661890.9694982134 0, 207484.64207200994 661848.369710988 0, 207409.14863406698 661805.0642169629 0, 207333.9500725894 661761.0557494906 0, 207259.05113350268 661716.3470863028 0, 207184.4565440227 661670.9410493535 0, 207110.17101234847 661624.84050465 0, 207036.19922739995 661578.0483620554 0, 206962.54585849578 661530.5675751308 0, 206889.21555506944 661482.4011409266 0, 206816.21294637772 661433.5520997895 0, 206743.54264122044 661384.0235352204 0, 206671.20922763518 661333.8185736184 0, 206599.2172726146 661282.9403841238 0, 206527.5713218185 661231.3921784133 0, 206456.27589930408 661179.17721048 0, 206385.33550722201 661126.2987764513 0, 206314.7546255366 661072.7602143825 0, 206244.5377117534 661018.564904026 0, 206174.68920063725 660963.7162666487 0, 206105.21350393147 660908.2177647802 0, 206036.11501007146 660852.0729020416 0, 205967.3980839276 660795.2852228852 0, 205899.06706651332 660737.8583123842 0, 205831.12627472254 660679.7957960231 0, 205763.5800010602 660621.1013394635 0, 205696.43251335126 660561.7786482956 0, 205629.68805451255 660501.8314678184 0, 205563.35084223998 660441.2635828317 0, 205497.42506876984 660380.078817335 0, 205431.91490061523 660318.2810343633 0, 205366.82447829167 660255.8741356803 0, 205302.1579160555 660192.8620615704 0, 205237.91930166146 660129.2487905795 0, 205174.1126960942 660065.0383392767 0, 205110.74213330084 660000.234761979 0, 205047.811619962 659934.8421505118 0, 204985.32513521053 659868.8646339629 0, 204923.2866304075 659802.3063783963 0, 204861.70002887037 659735.1715866233 0, 204800.56922563634 659667.464497901 0, 204739.89808722248 659599.1893877008 0, 204679.69045135909 659530.3505674099 0, 204619.95012677286 659460.9523841051 0, 204560.68089293095 659390.9992202175 0, 204501.88649979868 659320.4954933069 0, 204443.5706676224 659249.4456557732 0, 204385.7370866654 659177.8541945565 0, 204328.38941700023 659105.725630892 0, 204271.5312882599 659033.0645199717 0, 204215.1662994198 658959.8754507173 0, 204159.29801855487 658886.163045467 0, 204103.9299826247 658811.9319596674 0, 204049.06569725345 658737.186881611 0, 203994.70863649063 658661.9325321077 0, 203940.86224260717 658586.1736642323 0, 203887.5299258619 658509.9150629934 0, 203834.71506430508 658433.1615450372 0, 203782.4210035366 658355.9179583542 0, 203730.65105652183 658278.1891819676 0, 203679.40850335048 658199.9801256164 0, 203628.69659106462 658121.2957294744 0, 203578.5185334204 658042.1409638289 0, 203528.87751068614 657962.5208287361 0, 203479.77666946466 657882.4403537532 0, 203303.92754470496 657482.8666853291 0, 203409.3755504732 657405.3214642494 0, 203451.27783075013 657376.5799778436 0, 203387.92849130573 657261.4107788358 0, 203329.88277536107 657144.0939171914 0, 203277.00953680306 657024.3569643707 0, 203229.40955495267 656902.4275529617 0, 203187.17326511402 656778.5379254881 0, 203150.38126519154 656652.9238373283 0, 203119.10346419193 656525.8245587492 0, 203093.3994188528 656397.481877572 0, 203073.3180769303 656268.1401998418 0, 203058.8976039369 656138.0456529319 0, 203050.16563572787 656007.4458859989 0, 203047.1385108499 655876.5895728027 0, 203047.46776850335 655842.0896327227 0, 203045.2502940236 655833.4374005909 0, 203019.36067507108 655723.9155292275 0, 202997.59706633608 655613.4997444408 0, 202990.3046622751 655570.6605590945 0, 202939.6965404317 655259.7690989719 0, 202815.46381980157 655130.4606751119 0, 202748.23420341458 655058.1383478546 0, 202683.421164546 654983.6426953927 0, 202601.34876999375 654881.6786720568 0, 202523.80205007328 654776.2317228462 0, 202450.92869749398 654667.5025454778 0, 202382.86742710878 654555.698237088 0, 202319.7478037767 654441.0314977719 0, 202261.6899014624 654323.7206319994 0, 202208.80430103562 654203.9889511344 0, 202161.19166353843 654082.0644758333 0, 202133.61021479653 654003.2313853516 0, 202108.23381251303 653923.6611628055 0, 202085.08224283528 653843.4152886053 0, 202064.17334041407 653762.5561452459 0, 201995.23668042678 653478.1326392707 0, 201939.9531469424 653364.129018247 0, 201877.56286261324 653229.3144944547 0, 201827.6792490226 653115.3866942007 0, 201782.56047234326 652999.4891420099 0, 201740.3069059588 652875.6053133283 0, 201703.49735109246 652749.9963734987 0, 201672.20177606674 652622.901382521 0, 201646.4797937647 652494.5622185399 0, 201626.3803190823 652365.2231800997 0, 201611.94173627323 652235.1305872883 0, 201603.1914705123 652104.5319850041 0, 201600.146155573 651973.6759434253 0, 201602.81163118628 651842.8117589429 0, 201611.18276889523 651712.1882578754 0, 201625.24364082408 651582.0542946124 0, 201644.9675153825 651452.6574552342 0, 201670.31685558433 651324.2442565487 0, 201701.2433998349 651197.0588493542 0, 201737.6881610349 651071.3436163176 0, 201779.58193228807 650947.3376747579 0, 201813.7467172156 650857.5596254931 0, 201850.76826992808 650768.921324384 0, 201890.60863026118 650681.513815685 0, 201933.22685440027 650595.4264551128 0, 202054.61381668507 650359.794080068 0, 202121.30402450528 650237.407005211 0, 202189.04590439465 650125.4087447862 0, 202261.60859781917 650016.4720635421 0, 202338.85401693842 649910.8042206009 0, 202420.6350290026 649808.6063093926 0, 202506.796050349 649710.0728568303 0, 202597.17296041644 649615.3915232782 0, 202691.59386595612 649524.7426016205 0, 202789.8789299293 649438.2984182057 0, 202891.84113758977 649356.2237294496 0, 202997.2862949503 649278.6746238914 0, 203106.0137100775 649205.798819209 0, 203217.81653270125 649137.7349626694 0, 203332.4817552579 649074.6127299351 0, 203449.7912333067 649016.5522241198 0, 203569.52160152627 648963.6638754443 0, 203691.4449552857 648916.0484392591 0, 203815.32919157983 648873.7965959314 0, 203868.35901890806 648858.2568448666 0, 203880.03092081723 648798.4886548555 0, 203907.00936771472 648684.2839179081 0, 203938.4334486257 648571.2216545437 0, 203974.2551693993 648459.474799122 0, 204063.25678035518 648199.4404188726 0, 204081.27419263453 648148.3120072761 0, 204128.56464742677 648026.2622099213 0, 204181.13393145645 647906.3915239779 0, 204238.88183190598 647788.9278475395 0, 204301.69841679264 647674.094910137 0, 204369.46420249407 647562.1113741829 0, 204442.05015189786 647453.1903354648 0, 204519.3180982886 647347.5390225059 0, 204601.12091449622 647245.3586955294 0, 204687.30293641152 647146.8438471861 0, 204777.70013238408 647052.1820017983 0, 204872.1403573869 646961.5532153781 0, 204970.44377835648 646875.1301737218 0, 205039.61775741816 646818.6780225834 0, 205110.4409940416 646764.3094498782 0, 205182.85076249216 646712.0723438899 0, 205256.78296965023 646662.0132973751 0, 205289.26364908915 646641.2534857773 0, 205345.42872467343 646585.2065438144 0, 205376.7121287394 646555.1373142427 0, 205370.1214546826 646498.3123678728 0, 205361.45833527032 646412.9694717079 0, 205355.2386767088 646327.413614803 0, 205351.46774026784 646241.714990879 0, 205350.14849067354 646155.9435990996 0, 205352.86214450636 646025.0804867926 0, 205361.28145146585 645894.4603615876 0, 205375.39029651324 645764.3317703448 0, 205395.16184102072 645634.9424859793 0, 205420.55851966818 645506.5387095538 0, 205451.53186818943 645379.3649704173 0, 205488.02294568156 645253.6633274228 0, 205520.62296694817 645157.2838654472 0, 205523.0217852754 645135.1621660163 0, 205542.7951776722 645005.7731948169 0, 205568.19369380336 644877.3698132486 0, 205586.6485252759 644801.6004514929 0, 205550.61632099608 644768.8553542742 0, 205491.93341072008 644712.5469549437 0, 205434.79834294517 644654.6685362273 0, 205333.82159717815 644549.565995849 0, 205266.3390494218 644476.9625335243 0, 205201.29175279965 644402.169413047 0, 205119.24501383625 644300.1848893098 0, 205041.72483177477 644194.718632502 0, 204968.87883020382 644085.9712748777 0, 204900.84564402365 643974.1499455068 0, 204837.75483258226 643859.4675733381 0, 204779.72636731804 643742.1422904051 0, 204726.87088608972 643622.397532122 0, 204679.28883970447 643500.4611417813 0, 204637.07091598908 643376.5653706483 0, 204600.2973562416 643250.945982204 0, 204569.0382937558 643123.842152494 0, 204551.3904302978 643035.6566771085 0, 204520.92559827818 642990.1822398325 0, 204452.88756344296 642878.3638987045 0, 204442.2419866785 642859.5973976045 0, 204391.2977518932 642825.7206423875 0, 204320.3897644334 642774.6674035927 0, 204250.9985912499 642721.5708868059 0, 204183.18308224907 642666.4761484206 0, 204084.66176685446 642580.3014532587 0, 203989.99308417898 642489.9114142962 0, 203899.35726126196 642395.4779740631 0, 203812.92681532874 642297.1808635441 0, 203756.4363184858 642227.9691373645 0, 203702.03161929615 642157.1061107954 0, 203649.7610831013 642084.6545020321 0, 203599.67103995086 642010.6786283324 0, 203430.47216393042 641752.6001799374 0, 203359.62417204175 641700.8037800277 0, 203257.43032597553 641619.0177335255 0, 203195.64757807308 641565.8788726786 0, 203135.3309644713 641511.0814640287 0, 203076.5249690277 641454.6659982384 0, 203019.27288937673 641396.6741641385 0, 202729.4311569933 641094.9978633141 0, 202528.83931540677 640902.279522873 0, 202472.33366101453 640846.5352669992 0, 202417.32246147734 640789.3156446351 0, 202363.8443401716 640730.6606562989 0, 202311.93656349296 640670.6114016075 0, 202234.75114175098 640574.9858812405 0, 202161.5467221234 640476.2795030008 0, 202157.43674614214 640470.2351640606 0, 202033.52915411972 640378.3889206158 0, 201963.56908660659 640324.9192289094 0, 201895.20829395452 640269.4194250487 0, 201796.66778691672 640183.266461652 0, 201701.97895034158 640092.8973102374 0, 201611.32217681536 639998.4838728921 0, 201524.86989367893 639900.2058422707 0, 201442.78673263482 639798.2504032174 0, 201365.22884732424 639692.8115368919 0, 201292.34408313053 639584.0900214531 0, 201224.2709539919 639472.2928365207 0, 201170.8113788918 639375.988996457 0, 201120.9230930035 639277.7876380846 0, 201066.73822574862 639166.0969987542 0, 201032.2385954524 639099.129420639 0, 201000.0075228268 639034.675378591 0, 200904.78647454368 638838.3983347712 0, 200842.08107183754 638700.3692979654 0, 200786.4287235995 638559.3486502417 0, 200744.1640547617 638435.4686411087 0, 200707.34318338463 638309.8628751447 0, 200676.0362812454 638182.7706008152 0, 200650.3027242173 638054.4336869444 0, 200641.06848566697 637995.03520773 0, 200596.02043184458 637926.3244772408 0, 200229.05063311808 637489.1921542541 0, 200147.75002769372 637387.9766955136 0, 200070.90455435766 637283.3386036274 0, 199998.65810636326 637175.4738612607 0, 199931.1459241779 637064.584452901 0, 199867.99981969438 636949.932047757 0, 199809.91498628916 636832.6344209933 0, 199757.00181739696 636712.9148545009 0, 199709.36111059994 636591.0010418154 0, 199673.20204739686 636486.1985241043 0, 199592.5988383458 636237.7851265281 0, 199562.44848589238 636139.1157083575 0, 199535.70881256255 636039.4678961803 0, 199512.41138904652 635938.9595743305 0, 199492.58370455093 635837.7095356873 0, 199474.95579929583 635726.6752483663 0, 199460.02889852104 635619.7467946039 0, 199434.0448276926 635560.9613776477 0, 199386.4004368117 635439.0491032822 0, 199344.11905906862 635315.1746280438 0, 199307.28128903467 635189.5737719284 0, 199275.95726598657 635062.4855739074 0, 199250.20650147105 634934.1520933012 0, 199232.74693273046 634823.0137943211 0, 199230.04816590756 634804.8231555694 0, 199207.01417678772 634640.0068525249 0, 199166.3601024108 634566.7963510418 0, 199116.33641653927 634468.3404038666 0, 199042.2345210839 634315.5949201221 0, 198982.23577445603 634199.1308254176 0, 198942.37751969037 634118.8370119284 0, 198793.37814712332 633807.0691040079 0, 198734.99665653164 633677.0609436274 0, 198682.85532123887 633544.4268367338 0, 198640.56563565825 633420.555185173 0, 198603.71942599915 633294.9566920158 0, 198572.38677550736 633167.8705906204 0, 198546.62739263204 633039.5387360201 0, 198526.49035324762 632910.2054064705 0, 198512.01384220572 632780.1168057194 0, 198503.22557621825 632649.5205638488 0, 198500.14220459358 632518.6652401051 0, 198502.76956209648 632387.8000233079 0, 198511.10266527196 632257.1739341514 0, 198525.12571015168 632127.0357253879 0, 198544.8119832326 631997.6329844133 0, 198561.15262877973 631911.4635439956 0, 198648.91551439255 631482.9745644543 0, 198688.11410085805 631242.1796233599 0, 198693.81893560453 631208.355518128 0, 198719.13282211518 631079.9350007534 0, 198750.02426429486 630952.7409122327 0, 198786.43447746732 630827.0154448572 0, 198805.55757473432 630770.3590792257 0, 198803.99903155677 630693.9991476807 0, 198741.84854149862 630329.6363110631 0, 198727.94830300086 630239.9851601184 0, 198694.20119379545 629998.2337589815 0, 198663.5173403243 629908.5932934885 0, 198639.0423716898 629833.9111309755 0, 198616.53209592003 629758.6133728604 0, 198596.00190848886 629682.7519303486 0, 198577.46584315962 629606.3787183616 0, 198422.02721408167 628927.2397186942 0, 198392.90420935446 628784.045288312 0, 198372.76552266596 628654.7121702645 0, 198358.28739416483 628524.623817868 0, 198349.49755390838 628394.0276600011 0, 198348.14235050182 628336.546982222 0, 198310.13440621278 628225.2275141942 0, 198273.2845909231 628099.6301712727 0, 198241.9482645138 627972.5449746138 0, 198216.18517169214 627844.2137758764 0, 198196.04441969577 627714.881049637 0, 198181.5641332329 627584.7927975612 0, 198172.77213489878 627454.1968464853 0, 198169.6849178141 627323.3415543158 0, 198172.30849660782 627192.4762073067 0, 198180.63789182695 627061.8499242328 0, 198195.5301640631 626932.3275290534 0, 198195.20655166893 626928.0998353872 0, 198177.4447182266 626856.2003585092 0, 198160.51499151892 626778.9840855183 0, 198145.62551024507 626701.3485983011 0, 198125.48391027923 626572.0158987207 0, 198111.00288783567 626441.9278396525 0, 198102.2100133904 626311.3318490454 0, 198099.1220397365 626180.4766826711 0, 198099.43540128344 626146.8269908495 0, 198086.91849836116 626084.4818960528 0, 198066.77622612845 625955.1493112729 0, 198052.29452519468 625825.0613379901 0, 198043.50096890208 625694.4654037999 0, 198040.41222680104 625563.6101646236 0, 198043.03440213497 625432.7448061608 0, 198047.67592430726 625359.940372501 0, 198043.7374741589 625324.5623968209 0, 198034.94378525607 625193.9664591318 0, 198031.85510195114 625063.1113133128 0, 198034.47710121307 624932.2459463356 0, 198042.80497552713 624801.6194759014 0, 198056.82266263905 624671.4806533838 0, 198076.5036942614 624542.0770641719 0, 198101.81042689586 624413.6551289929 0, 198132.69480561774 624286.4594040237 0, 198169.09801954534 624160.7317833796 0, 198210.95075615653 624036.7116976039 0, 198245.17281662908 623946.7039259843 0, 198282.26590798263 623857.840775635 0, 198322.1919154647 623770.2137989404 0, 198364.9094775992 623683.9133599437 0, 198435.77147925607 623546.3521751027 0, 198501.98343400375 623424.791481988 0, 198569.68773077673 623312.7702596938 0, 198642.21380825568 623203.8089897326 0, 198719.4237964105 623098.114868927 0, 198801.17049995766 622995.8893311516 0, 198887.29850347788 622897.3267476974 0, 198977.64374546433 622802.6148260027 0, 199028.47718585932 622753.1374594166 0, 199075.55081165544 622630.856926211 0, 199128.06286174504 622510.9608220938 0, 199185.75475530475 622393.4693814208 0, 199248.5166476595 622278.6061784285 0, 199251.63726629448 622273.4436581552 0, 199250.3038680076 622253.6060647914 0, 199247.23081465563 622122.750578281 0, 199247.85182012274 622056.5168299067 0, 199256.09155055296 621652.9642046113 0, 199260.60347795472 621538.7170299287 0, 199269.46549233672 621424.7248472419 0, 199282.66467153898 621311.1530293975 0, 199300.18186571318 621198.166767213 0, 199325.50408294756 621069.7479781053 0, 199356.40371921286 620942.5559660736 0, 199392.82200067892 620816.8328160464 0, 199434.68964843935 620692.8179486489 0, 199481.92687502454 620570.7472222054 0, 199534.4438097523 620450.8532304007 0, 199592.14040978646 620333.3642049098 0, 199654.90696971546 620218.5036146789 0, 199722.62394967393 620106.4901655606 0, 199795.16239938635 619997.5371005161 0, 199850.26826594467 619922.5635445606 0, 199853.56597604224 619917.606217524 0, 199918.17482147887 619810.738763369 0, 199990.71537442223 619701.7871391915 0, 200066.46050006364 619598.3747570879 0, 200062.9801455577 619586.2523811792 0, 200058.7619977915 619581.0143350265 0, 199981.1911551585 619475.5849404434 0, 199908.29293904817 619366.8723179639 0, 199840.20607354963 619255.0833252766 0, 199786.64526475302 619158.6180107302 0, 199736.66798426548 619060.2482915899 0, 199636.11231839305 618852.9726885557 0, 199573.4760949834 618715.1044867922 0, 199517.87638552103 618574.2512887837 0, 199475.59785568912 618450.3758658568 0, 199438.7629322847 618324.7742344782 0, 199407.44169049812 618197.6853303052 0, 199381.69390162468 618069.3512080855 0, 199361.5684324066 617940.016145793 0, 199347.10366904517 617809.926345037 0, 199338.32708754277 617679.3293338493 0, 199335.25542214507 617548.4738668848 0, 199337.89457582904 617417.6088287438 0, 199346.23944844137 617286.9836332566 0, 199360.27418744835 617156.8466274318 0, 199379.9720166295 617027.4457896344 0, 199405.29557239814 616899.0272329826 0, 199436.19647589765 616771.835504935 0, 199472.61609734184 616646.1127877298 0, 199514.48495583836 616522.0983006988 0, 199561.72339998223 616400.0281986955 0, 199614.24151917396 616280.1346741875 0, 199671.9393984469 616162.6461554905 0, 199734.7071149745 616047.7862090972 0, 199813.96014613693 615917.7435003443 0, 199899.71032049737 615791.8901410778 0, 200192.0265459717 615385.4323833582 0, 200257.59243901476 615297.6894794134 0, 200326.3177121877 615212.3984536709 0, 200412.46058486647 615113.8490749844 0, 200502.82019314836 615019.1510530183 0, 200530.9616439465 614992.1235880097 0, 200543.2407624243 614929.8914371587 0, 200574.1558066523 614802.7032675832 0, 200610.58925368605 614676.9846173315 0, 200652.4719243518 614552.9748959776 0, 200686.64520538782 614463.1520693783 0, 200723.6779422827 614374.4699749177 0, 200763.53221738705 614287.0195553525 0, 200806.16711970608 614200.8905638924 0, 200871.49491836524 614074.0680267148 0, 200830.86160757934 614023.6024405117 0, 200753.29899615468 613918.1670556195 0, 200680.40921962023 613809.4487345151 0, 200612.33106016146 613697.6545434836 0, 200558.85714511643 613601.3343729575 0, 200508.9557037676 613503.1156971826 0, 200357.77130076653 613191.5066172566 0, 200295.0670147544 613053.4917200145 0, 200239.41438880106 612912.4856595633 0, 200197.14495587483 612788.6071721655 0, 200160.3191597619 612663.0028902612 0, 200129.00726631898 612535.9117523736 0, 200103.2688049029 612407.5758160746 0, 200084.30153089546 612286.7664448939 0, 200027.57525713957 611870.2131985667 0, 200021.55324948608 611819.6873290872 0, 200002.1043097442 611789.1754937452 0, 199958.70618047187 611716.6633411127 0, 199895.56215020153 611602.0099331603 0, 199837.47926987708 611484.7111953422 0, 199784.5681976938 611364.9907031341 0, 199736.92963015547 611243.0761447371 0, 199694.65421586795 611119.1996211522 0, 199657.82255289907 610993.597048551 0, 199636.4608862067 610906.9101060005 0, 199582.31559306593 610797.5700568364 0, 199529.40163646708 610677.85084256 0, 199481.76014080265 610555.9374366371 0, 199439.4816808588 610432.061937847 0, 199402.6469508292 610306.4601603835 0, 199378.26435153975 610207.5245586238 0, 199356.17332532548 610198.9803419355 0, 199236.2708348607 610146.4829175686 0, 199118.7722625519 610088.8053886194 0, 199003.90143006502 610026.0574217739 0, 198908.78896360553 609969.0106063527 0, 198815.85004949095 609908.4871508036 0, 198525.97533308735 609711.9907726252 0, 198403.29212447218 609624.247340881 0, 198285.17400125295 609530.4486331006 0, 198186.60476729897 609444.328223924 0, 198091.8859079985 609353.9902249513 0, 198001.19764196745 609259.6066727597 0, 197914.71271267667 609161.3570966895 0, 197832.59562016846 609059.4286211814 0, 197755.0027047489 608954.0152685893 0, 197682.08180458355 608845.3177613943 0, 197613.97157067273 608733.542826637 0, 197550.80172257323 608618.9033956715 0, 197492.69253307444 608501.617609011 0, 197439.7546563773 608381.908817537 0, 197392.08869823904 608260.004786417 0, 197349.7854704896 608136.137595624 0, 197319.99888297624 608034.6437176334 0, 197294.95166835867 608000.6194052619 0, 197261.50687684325 607950.770259209 0, 197245.44658442383 607934.0580965749 0, 197158.9545626555 607835.8146713002 0, 197076.83007797642 607733.892137751 0, 196999.2295895561 607628.4843071423 0, 196926.30088348137 607519.7918912946 0, 196858.18255832075 607408.021806605 0, 196795.00445060636 607293.3868749633 0, 196736.8868641074 607176.1052279712 0, 196683.94022694358 607056.4002088237 0, 196636.26551531797 606934.4994747078 0, 196597.68365320092 606822.3045798633 0, 196563.56815060164 606708.6718441669 0, 196561.5494837753 606700.8352598717 0, 196522.1324084212 606642.0935628993 0, 196454.00986809863 606530.326094005 0, 196439.39098527137 606504.832920029 0, 196237.45558957296 606148.6558173974 0, 196178.7549645486 606039.9618036229 0, 196124.57871052172 605928.9432254657 0, 196103.92224937634 605881.780306382 0, 196080.24398001665 605846.4968388091 0, 196012.11675251604 605734.7322200378 0, 195948.92937411772 605620.102264191 0, 195890.8023563884 605502.8251921913 0, 195837.84616304355 605383.1243380202 0, 195790.16163408445 605261.2274504922 0, 195747.83955716636 605137.366595313 0, 195710.9605793485 605011.7775575405 0, 195679.59477748728 604884.6994444133 0, 195653.80191136547 604756.3740869224 0, 195648.5780887281 604722.8806469784 0, 195626.82734303828 604673.7187879435 0, 195579.14041554372 604551.8227481281 0, 195542.62322663455 604446.0534554753 0, 195521.74502505123 604381.714468952 0, 195439.94664984543 604222.9320175779 0, 195398.4587682789 604139.2192351877 0, 195359.59764305816 604054.2551659053 0, 195323.40109847722 603968.1221600644 0, 195289.90414732235 603880.9038723514 0, 195253.3614077214 603775.065408606 0, 195244.8426274005 603748.8141854341 0, 195216.3261952335 603716.0725214748 0, 195134.18297321736 603614.1649435308 0, 195056.56303409714 603508.7712532011 0, 194983.61417396142 603400.0921344417 0, 194915.4752550717 603288.3344769162 0, 194852.27603352428 603173.7110781576 0, 194794.13681498333 603056.4399472155 0, 194741.16811233206 602936.744505784 0, 194693.47098352708 602814.8524912877 0, 194654.82521712713 602702.5301857848 0, 194647.29077695464 602677.4445207152 0, 194641.054618647 602666.134748408 0, 194582.91297297197 602548.864741815 0, 194529.94196325075 602429.1703229356 0, 194482.2423151448 602307.2792278663 0, 194439.9049558961 602183.4235101674 0, 194403.01041339955 602057.8389446652 0, 194371.62889901653 601930.764629016 0, 194345.82013354317 601802.4423862842 0, 194327.2699994831 601685.1613845249 0, 194321.63371783122 601637.3268337966 0, 194304.3204612753 601607.267297773 0, 194242.60225005719 601494.5932259496 0, 194185.76450471173 601379.3800481696 0, 194133.91149608116 601261.8391335679 0, 194087.13820814062 601142.1860670315 0, 194044.79625552183 601018.3318873862 0, 194007.8970695358 600892.7486611059 0, 193976.5107926733 600765.6754831377 0, 193962.5845138846 600696.4460344242 0, 193928.5464913666 600635.5619445529 0, 193872.61396929 600530.6842310235 0, 193820.8796777121 600423.6731137839 0, 193773.42487547337 600314.69685424 0, 193730.32400330537 600203.9262272946 0, 193687.97787066302 600080.0734999644 0, 193651.0744266645 599954.4914461272 0, 193619.68391369592 599827.4192576385 0, 193593.86616683193 599699.0987525852 0, 193573.67018455474 599569.7742771364 0, 193559.13446636402 599439.6918075633 0, 193557.62268142286 599417.3781430757 0, 193539.01321874166 599375.338622229 0, 193491.3022879654 599253.4517906131 0, 193452.62073707068 599141.0623693296 0, 193418.42149416986 599027.2288716632 0, 193388.7582080023 598912.1300139168 0, 193363.67744686504 598795.9464299997 0, 193320.6449019601 598575.5150109163 0, 193310.78215355246 598546.7001357158 0, 193295.66125467382 598501.3458112832 0, 193244.75780801673 598344.5096706476 0, 193214.7031270272 598246.2049293681 0, 193188.03402398137 598146.9281896214 0, 193164.7817348283 598046.7960169063 0, 193157.91375955546 598011.8215055689 0, 193127.60071234146 597908.6853070369 0, 193096.20400372136 597781.6145634712 0, 193070.37998741018 597653.2952366604 0, 193056.94812470875 597571.6131951072 0, 193045.77496721872 597489.591607451 0, 192970.54267480673 596873.9167316033 0, 192961.0130816511 596784.9226121077 0, 192954.14241650447 596695.6837337023 0, 192949.93693255738 596606.2796500522 0, 192948.40023385876 596516.7899235801 0, 192949.01683606204 596448.8364788094 0, 192950.8723498715 596357.8938573338 0, 192955.3573300869 596244.0759049733 0, 192964.15983372487 596130.510167094 0, 192977.2669962712 596017.3605232022 0, 192994.66005035938 595904.7899754421 0, 193019.90669760676 595776.3558842144 0, 193039.97697418806 595693.5276825321 0, 193004.5191922996 595697.1418581842 0, 192996.90808346577 595622.4347916913 0, 193060.20768110905 595057.9329325666 0, 193250.54580955557 595077.3420855418 0, 193269.5090030922 595073.1202701012 0, 193283.3206903644 595045.2137355545 0, 193431.5876921517 594757.3960971707 0, 193497.09747790528 594637.0596880608 0, 193564.7502945872 594525.0069515982 0, 193637.22632249814 594416.0118354255 0, 193714.38774380757 594310.2818901682 0, 193796.0875566356 594208.0183092908 0, 193882.17025797276 594109.415726919 0, 193910.3979833039 594079.7963724331 0, 195140.3323359276 594614.815613723 0, 195301.5466972761 594426.5606047295 0, 195368.81352402084 594275.8038862417 0, 195624.68507601967 594249.7051983703 0, 195770.96814051736 594503.4160333208 0, 195874.95976026263 594593.0157928019 0, 195951.7725357809 594873.6798020595 0, 195943.66099459954 594974.70511603 0, 195962.3438967696 595207.2246497719 0, 195809.16396260727 595481.7607859122 0, 195785.62280256485 595774.7051293557 0, 195804.37881312353 596008.1524570384 0, 195737.6978940886 596157.5908829704 0, 195334.3959349282 596189.988401648 0, 196023.68440573255 597125.7062286194 0, 195948.45229264366 596510.0323580323 0, 195950.3077696883 596419.08989414 0, 196098.57435611097 596131.2725611948 0, 196500.1857460948 596075.1934471689 0, 196890.2431170906 596018.2109828825 0, 197396.95082415984 595914.426694638 0, 198124.68526239027 595849.7049930198 0, 198149.1847827951 595875.1933232135 0, 198300.18575627077 595924.216700776 0, 198419.80859314944 595985.8378981876 0, 198699.18476842775 596175.1932598872 0, 198850.18574801955 596274.2166812278 0, 198929.04318292558 596356.2723827411 0, 198639.27879347224 596546.2626451042 0, 198701.78486050863 596728.8797361238 0, 199111.78245202955 597032.8105134169 0, 199300.1857795921 597124.2167606401 0, 199686.28813211696 597323.0936156857 0, 200000.18588868075 597374.2167318829 0, 200313.78441970394 597438.4255457339 0, 200801.15634271762 598027.5856655083 0, 200798.1655601788 598174.0212420715 0, 201102.30998917547 598526.6579919381 0, 201202.04757351556 598834.0310282683 0, 201197.1342198424 599074.7047965878 0, 201200.3568444804 599232.5418338866 0, 201300.18595704713 599524.2164965053 0, 201400.99782688863 600085.3006216738 0, 201399.1728368225 600174.704756806 0, 201402.81051250474 600352.7076885069 0, 201651.18705887167 600473.2034124053 0, 201879.910225012 600591.0378358824 0, 201949.18511003596 600875.2052336133 0, 202003.04255631135 601085.3371758423 0, 201998.66633283588 601299.7048028685 0, 202001.16880065983 601422.3366558371 0, 201949.18513309085 601574.204314109 0, 201891.51304484956 602163.8893507484 0, 202023.21478572863 602358.1765506774 0, 202273.75802918177 602522.4465171503 0, 202844.90665850812 602584.4948183675 0, 203441.2750130058 602572.3243153198 0, 204123.6419776477 602277.0849830616 0, 204360.43398087285 602116.5870057326 0, 204709.21930283066 601753.5620328526 0, 205301.22987285725 601417.9174152557 0, 205508.98740462394 601325.2050370736 0, 205899.18516451214 601425.2050200072 0, 206111.34943236507 601476.9262286427 0, 206504.12286954117 601679.2699518073 0, 206746.54238287237 602178.9403375342 0, 206799.18527815343 602833.029708114 0, 206623.68473742125 603173.7035096235 0, 206550.18623618863 603325.2050444548 0, 206495.18751876708 603431.9677143139 0, 206394.4611870746 603528.7450612052 0, 206300.18633363134 603727.5121959045 0, 206600.18626772155 603924.2041084855 0, 206755.0813201673 604085.4223749873 0, 206749.17317764185 604374.7045267301 0, 206750.24732628954 604427.2069596812 0, 207045.18150509437 604570.2855016188 0, 207506.36317737072 604930.8202070721 0, 207662.91223377085 605253.5008636728 0, 207749.18553429327 605880.0877901438 0, 207509.2868540606 606110.5808939269 0, 207213.79126397055 606509.2015980612 0, 206797.8367084543 607470.1513304162 0, 206999.1856210321 607478.1224930492 0, 206821.62215482735 607648.7279819628 0, 206903.28716153523 607727.1825663137 0, 207752.0298317779 607709.8607633857 0, 208300.1194209561 607789.9510502082 0, 208552.16414091177 607876.2302928006 0, 208705.91784860697 608350.0340444313 0, 208799.18569403922 609033.0296418498 0, 208604.13561029945 609411.6550721581 0, 208493.6742863236 609691.7210288903 0, 208399.56409781118 610077.7683339405 0, 208273.68526422305 610198.7034543704 0, 208200.18669869853 610275.2050031957 0, 208414.93899111316 610880.6005333426 0, 208682.71248239384 611331.6868094433 0, 209149.16760511513 611322.1653565895 0, 209379.91094513523 611441.0373752323 0, 209465.17704027082 611790.7931907466 0, 209447.5440155326 612654.5994305179 0, 209149.1859776802 613024.2039122545 0, 209100.18694544712 613175.2048514644 0, 209047.23888755433 613329.8924159758 0, 209051.37108818386 613532.3948585193 0, 209150.1869617703 613724.2039223862 0, 209285.65449427444 614556.3572781973 0, 209199.18606092635 614724.2039450213 0, 209148.93583015565 614930.3195901056 0, 208999.18602785107 615074.2039427885 0, 208900.18711537545 615232.053063674 0, 209000.18710515875 615524.2039091175 0, 209084.476675687 615955.9788943768 0, 209300.1871385249 616274.2039917179 0, 209485.6303143968 616744.3699574865 0, 209937.61395859142 616963.6447518703 0, 210274.20453646866 617246.2009370688 0, 210523.56974550724 617666.2814928938 0, 210651.1272316848 617929.1965262865 0, 210649.1741241679 618024.7043319098 0, 210651.8717962294 618156.7478921233 0, 211233.79328055028 618865.1096651516 0, 211515.02502649935 619049.4967095157 0, 212167.18561593792 619140.5367540496 0, 212738.16335711026 619372.1407691923 0, 213132.84123967466 619703.4517909223 0, 213365.189906995 620292.53866108 0, 213603.18428725778 620521.2006924937 0, 213799.18648349005 620725.2047266887 0, 213899.99828757014 620822.0551505313 0, 213951.65836464017 621403.0122420406 0, 213948.66771233635 621549.7040884407 0, 213961.2837512666 622167.9292484641 0, 213760.62454925533 622299.4843462158 0, 213700.18751870067 622430.0874926582 0, 213823.1062872737 622668.6983226374 0, 213692.5643386134 622990.5366503348 0, 213571.36686593175 623364.0108413132 0, 213188.42002620673 623424.2037466163 0, 212740.190044389 623270.7857987029 0, 212450.18761217847 623074.2037583682 0, 212190.06182584495 622919.7848257006 0, 212050.1876049961 622774.203778717 0, 211999.18657690068 622725.2048458593 0, 211895.1887720924 622616.9650165361 0, 211796.36680675537 622312.4240498949 0, 211808.64083985577 621710.8737075228 0, 211298.1855157052 621376.2057057655 0, 211155.26560166592 621227.4509666382 0, 210995.23747403154 621125.2048207266 0, 210697.23341229075 621327.2068623394 0, 209968.7543784235 621312.3387185019 0, 209578.70925863954 621378.8669681533 0, 209305.63788036373 621373.3006307242 0, 209050.18741004527 621409.299179331 0, 209259.00088166178 621477.0604431365 0, 209559.01316274452 621470.9446341721 0, 209699.18648810327 621482.0530818747 0, 209589.49413572953 621802.5241774366 0, 208851.13962625578 621922.7269516011 0, 208648.1977332146 622076.7187042357 0, 208650.2668771744 622178.207980373 0, 208851.28616331136 622371.3352913162 0, 208848.15505915217 622524.7044919534 0, 208853.30640620578 622777.1825258281 0, 209048.69826902624 622773.1907315403 0, 209264.39040903404 622919.4065959626 0, 209474.68707929528 622811.0692592056 0, 209601.18846940025 622876.2303779833 0, 209598.77154264177 622994.5409148467 0, 209199.18660523786 623124.2040285754 0, 209084.66025821638 623183.2006123008 0, 208864.18912763768 623412.6683524993 0, 208790.19616121362 623716.1962035557 0, 208543.88878776054 623877.6830321641 0, 208384.61143813402 624043.4545392038 0, 208173.85705322717 623934.8852047584 0, 207962.29697450247 624471.2743403836 0, 207723.6862494231 624548.703593068 0, 207640.56624889898 624577.1527373838 0, 207891.5156926444 626425.1256490187 0, 208032.0786435753 626352.719786527 0, 208710.61870484916 626439.450657807 0, 209842.63163858477 626531.7356125868 0, 210354.63728897748 626473.5814283192 0, 210749.18677286725 626174.2038592008 0, 210950.18786838066 626125.2048221696 0, 211109.18438965324 626070.7858807801 0, 211454.68609347352 625836.5817472935 0, 211649.18679006025 625574.2038485515 0, 211800.1878135901 625375.2048321617 0, 211949.1867686679 625174.2037840653 0, 212267.36911860332 624805.2829179635 0, 212607.02975495323 624725.2046816082 0, 212962.70601936502 624846.9454088343 0, 213051.15818187981 625029.2696482699 0, 213300.16329555548 625024.1793484482 0, 213501.82960509407 625177.206715096 0, 213653.685090068 625174.1183001593 0, 213800.96901283303 624870.5293419067 0, 213976.68914999368 624701.7061157387 0, 214238.95112875983 624428.7324441905 0, 214971.3058372624 624373.6177050403 0, 215049.68725631043 624375.2167268844 0, 215157.37760923844 624373.0195604238 0, 215349.18672134608 624274.2036067089 0, 215470.32930835013 624215.4267342917 0, 215957.53020838302 624225.3754491238 0, 216341.21558607504 624356.6985894549 0, 216688.5910347693 624718.2586023329 0, 216951.05442140953 624890.3411780805 0, 217511.35107632665 625026.9255466167 0, 217837.6632854605 625195.0286276488 0, 217899.1868239719 625584.0057477223 0, 217799.18683399446 625974.2034657828 0, 217716.90531408763 626395.6999706528 0, 217599.18693238855 626624.2034462887 0, 217550.18786261816 626894.4060398861 0, 217757.6158887406 627236.4471043143 0, 217854.06362592662 627435.2507978355 0, 217849.06482082754 627680.3314536944 0, 217741.1852279794 627889.7308167807 0, 217523.6864385928 628098.7029260697 0, 217139.555581623 628498.5199433544 0, 216744.30415234104 628574.2035213165 0, 216500.68841065207 628448.703092098 0, 216349.1869799101 628375.2045625162 0, 216209.86820277784 628303.4393606414 0, 215987.5597824295 628379.525827024 0, 215531.33416707214 628490.7441157901 0, 215450.18799439777 628575.204616667 0, 215373.68651645005 628648.7030773803 0, 215271.10477877973 628755.4780407122 0, 215352.2571048237 629390.4145944511 0, 215601.21340264546 629574.9605258404 0, 215598.66831362603 629699.704129219 0, 215602.39140082622 629882.1992045135 0, 215847.1241355701 630117.343244204 0, 216300.18812769972 630374.2036454626 0, 216406.1329191581 630535.8002166954 0, 216909.78286408976 631019.6990560053 0, 217107.78097272012 631286.8011524815 0, 217207.9823017098 631493.3319128727 0, 217198.66842736633 631949.7039724095 0, 217202.0314547693 632114.4134644849 0, 217142.08272333193 632465.8417135037 0, 217300.1881697272 632674.2034306056 0, 217349.18726677223 632980.0872975936 0, 217069.07868610718 633249.2034943132 0, 217909.49008083824 633521.9207148772 0, 218179.4240907122 633382.8703764015 0, 218449.18732073822 633475.2044050536 0, 218600.1883507185 633524.2034563875 0, 219011.9559311863 633761.3494761465 0, 219149.1873363232 634166.4397372416 0, 218757.23793029835 634399.1057948454 0, 218122.91172850193 634553.7444376634 0, 217745.07968528982 634879.6112192674 0, 217647.2708927825 635081.2225668925 0, 217651.29316593648 635278.2439752385 0, 217984.5756558728 635496.7499365199 0, 218099.18743966223 635632.0525509538 0, 217988.09742957706 635956.6130735774 0, 218150.26785563436 636271.408050138 0, 218145.9831352384 636481.1980584838 0, 218032.56764934023 636590.1703304724 0, 217146.17243003912 636572.0794604977 0, 217151.03080889097 636333.8105461572 0, 217115.08713540353 635925.2045905604 0, 217001.6655780023 636274.7284228198 0, 216849.18754538658 636324.2036076611 0, 216750.15191871356 636375.2289220906 0, 216642.47372136012 636373.0317766871 0, 216315.47775333447 636713.3758862829 0, 215828.6125355105 637090.1337154 0, 215449.18755693213 637274.2036370315 0, 215350.18851513974 637325.204708664 0, 215078.27691826917 637424.203670983 0, 214900.18850292172 637124.2036892966 0, 214717.10745462653 636882.9194998358 0, 214650.18851695268 636667.3555711483 0, 214875.68905428116 636450.7051905377 0, 214983.7761462137 636338.2051842465 0, 214876.06737535432 635812.3262134102 0, 215057.6164525885 635512.9610308564 0, 215198.18644499875 635223.2026447039 0, 215325.68890704482 634975.7051909701 0, 215409.8074787497 634802.3164654822 0, 215336.0526592475 634586.8256927413 0, 215400.87806990952 634524.5453925921 0, 215299.18739205672 634475.204612878 0, 215250.18836308023 634447.9707155827 0, 215498.2718731369 634327.6216104081 0, 215756.04775689443 634002.4874048359 0, 216046.84352920478 633811.8378590603 0, 215897.20372955845 633521.3594353631 0, 215902.71512962994 633251.3398677733 0, 216150.18826187213 632925.2045708663 0, 216199.1873132372 632817.3554349883 0, 216097.18530133372 632519.3574795587 0, 215922.6858686706 632351.7060247166 0, 215641.36245147718 632058.8960935565 0, 215450.18814613577 631574.2036017571 0, 215349.1871786174 631425.204576647 0, 215195.26256701702 631062.594783831 0, 214793.36435167296 630720.2362857528 0, 214546.19030855852 630725.2900909609 0, 214414.189579032 630862.6679995903 0, 214348.82710830087 631130.7832775322 0, 214203.57556526377 631412.7535518347 0, 214351.1769680344 631776.6450690231 0, 214347.65528882662 631949.1793538311 0, 214502.72728140934 632177.9512122022 0, 214601.0915321131 632481.0639622775 0, 214598.02155722515 632631.1983185916 0, 214401.70799147084 632819.8213482681 0, 213881.31618918417 632874.2037238176 0, 213724.01029858174 632634.2745882223 0, 213499.1872957975 632525.2046963944 0, 212960.22851559825 632186.1544269664 0, 212393.4438631447 632124.5821983976 0, 212094.5057508075 632022.2628394831 0, 211945.0856533925 632025.302494661 0, 211645.76309366166 632228.207793145 0, 211550.1881194106 632425.2048286315 0, 211438.42062964785 632474.203846873 0, 210886.66889511928 632361.1912905241 0, 210137.54778720782 632376.4867645355 0, 209850.18818648678 632678.1225093828 0, 209975.1699356561 632798.2030711698 0, 210800.68877394716 633198.7034546146 0, 210951.18924985325 633276.2303100388 0, 210948.9308935123 633386.911447723 0, 210549.18731387454 633624.2040105903 0, 210350.18825732957 633775.2049180433 0, 210199.1873409963 633874.203995516 0, 210130.5227707068 633945.6762239975 0, 210048.93707977407 634280.3196998552 0, 209878.7162282173 634443.8695537061 0, 209511.93767346413 634533.2860304771 0, 209257.23169650658 634402.0727698084 0, 209103.86268968356 634925.9863486376 0, 209199.1873926812 635025.2050233808 0, 209450.07851542218 635106.613801748 0, 209799.18744438884 635380.0878733482 0, 209650.20673546183 635669.2845525524 0, 209600.18839381554 635910.629825596 0, 209812.3710896254 636190.2563433078 0, 210607.53095918449 636174.0330750638 0, 210916.71680125795 636068.2103566338 0, 211099.1874667618 635974.2039348352 0, 211207.53097188275 635921.6403755028 0, 211435.08222367382 635684.7996522686 0, 211705.02847616596 635777.2068227802 0, 211800.17014634487 635876.2302542801 0, 211902.09273976844 635874.1427980971 0, 212052.1232399693 636030.3073833762 0, 212049.12642361305 636177.2068274716 0, 211709.67327521555 636341.8918776165 0, 211647.32588418797 636534.0183476662 0, 211651.3725327317 636732.3948030643 0, 211802.22712756277 637025.2293120493 0, 211798.66880215638 637199.7043680059 0, 211801.18948246166 637323.2638903549 0, 211723.17437947541 637474.7043657536 0, 211925.6891637602 638550.7053165876 0, 212330.99304448612 638467.6853733185 0, 212845.3911743992 638478.1833216536 0, 213163.311143017 638369.3697792336 0, 213461.4373714602 638375.4490012425 0, 213889.44644711365 638595.944497561 0, 214057.18936387767 638941.696437556 0, 214182.98892191862 639329.3673012357 0, 214097.24067965284 639579.8922866725 0, 214100.57320752877 639743.2101116099 0, 214573.09522380878 639896.5425158171 0, 215050.18873014228 639974.2036939048 0, 215375.67086985984 640029.7212242059 0, 215705.19972147467 640279.7578447643 0, 215685.3328674599 641253.2076203063 0, 215245.6722866843 641675.6197132892 0, 215150.1888151789 641878.1222168537 0, 215305.24870609288 642027.1089535583 0, 215298.66917712352 642349.7041180793 0, 215300.93349584437 642460.7881706166 0, 215550.1888676802 642624.2036799203 0, 215599.18799376374 642675.2046745806 0, 215655.74912451702 642729.5503846455 0, 215819.84222638965 643067.7827098304 0, 215738.01235724706 643306.85756936 0, 215458.1051871752 643442.6485874765 0, 215309.96072574376 643899.1793016619 0, 214887.04206492944 644104.3550641253 0, 214700.18901826444 644252.9146943389 0, 214860.63824611882 644489.6212654562 0, 214999.1880635445 644775.2047453515 0, 215190.91164300079 645058.0416588696 0, 214952.37413832752 645451.4009984754 0, 214900.18907336175 645825.2046871661 0, 214630.9508296757 646158.7374336527 0, 214550.18908603583 646325.2046569361 0, 214433.39832533928 646551.91373866 0, 214584.59462282236 646774.9605133347 0, 214810.95570413582 646874.2037346495 0, 215249.1881675488 646724.2036730397 0, 215546.105857497 646666.2447220322 0, 215803.88790750867 646470.639311698 0, 215935.52242255688 646199.3134865448 0, 216250.18918539383 646075.204685823 0, 216349.18817129597 646024.2036765974 0, 216456.2010763516 645972.2871257092 0, 216624.68864585174 645975.7294861174 0, 217249.18819131056 645874.2035260038 0, 217682.8917413247 645789.5355670273 0, 217971.28889611582 645938.1073928118 0, 218504.4860628572 646024.8992607634 0, 218763.12864701333 646158.1390906789 0, 219055.7799643006 646380.2093434689 0, 219278.44839281938 646719.833313775 0, 219149.18826887693 647224.2035067071 0, 219100.18923417354 647535.9710490092 0, 219200.18931587847 648024.2034996767 0, 219251.0193576056 648284.5794416725 0, 219248.2666645346 648419.4548971223 0, 218818.43265950202 648917.8437142869 0, 218348.59027053806 649145.7855922573 0, 218350.2015139616 649224.7040281793 0, 218349.12733099554 649277.206493742 0, 218149.18842800116 649374.20357439 0, 218026.84948625357 649437.2284621919 0, 217750.18931779134 649925.2045657132 0, 217645.51410134975 649975.9857245156 0, 217501.19041622226 650126.2056303213 0, 217264.34346633306 650353.7690250152 0, 217100.18943767983 650575.2045928243 0, 216988.17162768065 650629.5503508287 0, 216725.07955315133 650903.3784844773 0, 216644.30565723323 650974.2036427986 0, 216228.89425777906 650760.2022995946 0, 215957.53191497384 650477.7681260676 0, 215756.8971214035 650380.4292986196 0, 215600.18940013798 650274.2037126975 0, 215399.1884625497 650225.2046549035 0, 215250.18939583353 650124.2038030117 0, 215138.23868061384 650075.2047326169 0, 215000.18946904552 650425.2047714527 0, 214894.12246981487 650527.1089884648 0, 214800.18940615054 650730.0875425824 0, 215076.1294555263 650995.1998631547 0, 215450.43965241083 651086.4595885675 0, 215713.56836297773 651286.1177646033 0, 215649.1884371421 651474.2037221083 0, 215591.498105757 651887.4727478648 0, 215419.52539108752 652052.7072343968 0, 215073.48665457213 652164.999605709 0, 214538.29373336604 651889.291671699 0, 214050.329843904 651538.3518220829 0, 213889.55113499143 653523.3371388175 0, 213698.17548095505 653775.5344134012 0, 213700.72671247853 653900.6442487638 0, 213527.4479485795 654156.2716994281 0, 213750.28725698713 654370.3830197933 0, 213748.2059487877 654472.3361624544 0, 213837.8300934916 654734.1769668367 0, 213549.1886808322 654874.2038727176 0, 213450.18961616766 654928.1223631615 0, 213553.6564995299 655027.5363613951 0, 214219.04342907656 655189.7434981228 0, 214349.1887802986 655325.2047843523 0, 214403.11324576547 655374.2038527256 0, 214543.89082863257 655227.6829193907 0, 214707.70313924845 655120.2730870161 0, 215094.434109784 655128.1710715996 0, 215388.02536150714 654976.9259677476 0, 215607.83739693774 654923.3370250274 0, 215754.18744608003 654926.3277107175 0, 215971.68629553492 655152.7071045205 0, 216152.2465948786 655326.1812910629 0, 216264.09353710315 655323.8985133927 0, 216471.39946709925 655044.2354442156 0, 216621.2773362901 655200.2290996739 0, 217000.18965705505 655274.2036980272 0, 217149.18874611106 655325.2046098458 0, 217350.52538297087 655390.5367194874 0, 217549.18877013188 655525.2045487062 0, 218124.58545283377 655595.5171147633 0, 218296.77794109142 655774.7284871908 0, 218559.55864691292 655826.0346409498 0, 218649.6893157589 655824.1913478476 0, 218724.68928668165 655825.7293652018 0, 218835.77324637133 655823.4589262175 0, 219006.1345703647 655563.6078325807 0, 219152.21006450374 655423.2635500679 0, 219148.66991612082 655249.7039648187 0, 219150.29350640543 655170.126454427 0, 219562.25020833567 655178.5370166287 0, 219996.9304630717 654914.9382896802 0, 219898.98122136324 654724.8015479448 0, 219953.09491096914 654566.7083293723 0, 219948.15721079125 654324.704019591 0, 219951.22112881066 654174.703913047 0, 219948.12662562507 654023.2635264086 0, 220093.12782186893 653883.9569082544 0, 220532.14154928125 653996.4690809535 0, 220399.17033595324 654124.2277679956 0, 220400.29341871088 654179.3059561527 0, 220600.1897179549 654474.2034901588 0, 220699.18874484327 654632.0525167728 0, 220499.18873366588 654824.2034827822 0, 220450.1896876294 654888.8762466821 0, 220700.18970037243 655074.2034324183 0, 220899.18868650886 655225.2043307995 0, 221014.27660747344 655281.0393009282 0, 221374.68926604014 655273.6784948251 0, 221499.68926029644 655276.2296835906 0, 221649.68928060873 655273.1779713465 0, 221850.17140966145 655277.2673582084 0, 222026.6911828979 655093.5392942762 0, 222104.51098607478 654536.0685503038 0, 222096.62525415444 654149.7038343973 0, 222104.93820169067 653742.5992797955 0, 222598.76749481595 653646.2004016503 0, 222849.22525673598 653775.2287157961 0, 223088.87983978877 653770.3336314028 0, 223263.79437403052 653830.2090995763 0, 223499.18873850704 654075.2041925035 0, 223560.15063180187 654133.7735009069 0, 224384.04591071277 654234.4448295417 0, 224792.56639876185 654374.2763214656 0, 225194.70268155084 654430.4164974677 0, 225597.54695309405 654422.2011132847 0, 225813.6601980206 654586.190466972 0, 225946.3506410591 654724.2885228061 0, 225797.33334733188 655534.2860899864 0, 225801.22125780734 655724.7036565888 0, 225796.93665140794 655934.4570039308 0, 225699.18882081634 656124.2031140643 0, 225638.1597761189 656374.5570334976 0, 225850.18987951803 656724.2030140316 0, 226005.09102989052 656985.1406137142 0, 225998.1574520304 657324.7036711585 0, 226002.71681063206 657548.0678928489 0, 226275.2021464905 657907.1620549368 0, 226550.19002177 657974.2031046438 0, 226832.47753947758 658119.6254497801 0, 226901.77083369694 658333.150880645 0, 227000.19001611066 658524.2029775021 0, 227049.18899301873 658677.682049271 0, 226642.3775047343 658979.2567692777 0, 226318.5554600924 659316.292860035 0, 226119.42827033825 659412.899443589 0, 225850.1900547831 659274.2030645431 0, 225542.21881613065 659224.0688550397 0, 225350.18998651407 659024.2031770421 0, 225138.02573278354 658972.4818843228 0, 224850.19000801424 658824.2031901807 0, 224449.1889765316 658675.20419162 0, 224334.6626057809 658616.2075826786 0, 223971.38134010803 658238.0948231092 0, 223754.33424632967 658095.7974700915 0, 223600.18989736756 658175.204193422 0, 223399.18900413235 658224.2032989847 0, 223194.11698809714 658276.754561602 0, 223203.07077227053 658715.2555245279 0, 223099.0059963228 659074.8380042042 0, 223150.18999747987 659174.2033474828 0, 223199.18902520568 659275.2042421575 0, 223252.7656531667 659379.2081046021 0, 223550.19004644846 659574.2031984566 0, 223863.56892340656 659786.630034238 0, 223952.8634580902 660244.0396070245 0, 223948.99996901478 660433.3950904994 0, 223799.18911339942 660724.2032574019 0, 223749.714077813 661179.5864941248 0, 223599.1891818286 661324.2032546474 0, 223426.66724678923 661614.8283131446 0, 223350.19022354897 661780.0871145636 0, 223504.35283402255 661928.2071889333 0, 223800.19014999497 662024.2032678005 0, 223998.30423013194 662126.266282686 0, 224124.68980573647 662123.6784134641 0, 224199.68968164176 662125.2165151953 0, 224374.6897389646 662121.6397954071 0, 224818.02477109796 662130.6851546523 0, 225149.1892720902 662074.2031481959 0, 225450.19014999253 662025.2041540346 0, 225664.01465475405 661970.4067250157 0, 225960.7004419603 661976.4614057958 0, 226275.2146405825 662084.11527555 0, 226476.66733824098 662594.8817844857 0, 226825.69078737526 662823.7025182983 0, 227157.57555225972 663048.6781382124 0, 227404.9449047361 662921.2367251297 0, 227649.68975214357 662926.2292948428 0, 227750.1536830751 662924.1785604531 0, 227851.19125421002 662976.2293242894 0, 227848.4691267487 663109.5423692004 0, 227632.15436704052 663179.7327999747 0, 227450.19032281448 663425.2040235351 0, 227299.1893814116 663524.2029969213 0, 227093.99529692746 663886.1293160286 0, 226995.03285739291 664191.0975853696 0, 226842.90276693055 664486.4101051873 0, 226853.18720941932 664575.289575121 0, 226957.2094034481 664683.5536168157 0, 227362.25704873624 664880.0623666251 0, 228335.18792462721 664860.2015396768 0, 228599.1893946853 664724.2029647976 0, 228904.0356387585 664625.2771247132 0, 229095.51511457027 664425.9851726157 0, 229805.31738802863 664081.6247641864 0, 230138.74021493443 664025.2038898896 0, 230199.18948182964 664284.005100353 0, 230099.18940486456 664674.2028244998 0, 230050.1904474584 665075.2038803243 0, 229999.189485539 665324.2027901516 0, 229950.1905328192 665886.3489307871 0, 230351.63093751672 666204.6227932731 0, 230348.76230182912 666345.1012301601 0, 230137.78814573467 666693.001644719 0, 229898.18862213072 666923.201913701 0, 229756.3428598157 667070.8338033899 0, 229393.8428669119 667327.9992942798 0), (209224.6870114584 621549.7045078895 0, 209224.68696895993 621699.7044688661 0, 209374.68697120747 621699.7044142726 0, 209374.6869722309 621549.7043614002 0, 209224.6870114584 621549.7045078895 0)), ((233727.2417115289 671305.4283069072 0, 233649.04338748264 671416.5001169964 0, 233607.89353675276 671233.4922143668 0, 233674.69034245613 671199.70314715 0, 233727.2417115289 671305.4283069072 0)), ((221748.66504480364 672473.8860861739 0, 221755.54362659907 672647.4334570235 0, 221580.39110448596 673018.5760499099 0, 221306.92309373966 673083.712777638 0, 221030.7512658252 673273.7518096226 0, 220465.3764854443 673191.8549195232 0, 220151.9486906607 672806.7352773726 0, 220148.70167543268 672724.7040242436 0, 220155.3972234786 672555.6488508857 0, 220093.29999413266 672139.2060744251 0, 220560.82315368307 672008.8836806305 0, 220650.64248767582 671925.6561513627 0, 220777.7665236084 671788.44914983 0, 221149.6903667935 671773.7152549775 0, 221288.4903579633 671779.2205504262 0, 221979.5059394265 671576.9134502076 0, 222574.69028826538 671549.7039184286 0, 222598.7382053016 671625.6560414678 0, 222748.73818304393 671843.6370276687 0, 222550.6425307917 671925.6560932675 0, 222201.58854702083 672008.798072594 0, 222132.1671747448 672372.421278911 0, 222049.69038075593 672375.6927248765 0, 221999.6903820692 672373.7151539308 0, 221949.69032524404 672375.6926810469 0, 221803.68817279523 672369.9066138662 0, 221748.66504480364 672473.8860861739 0)), ((234574.25106649418 673349.4101607279 0, 234509.2364979491 673482.540029838 0, 234383.77255121325 673516.5000131899 0, 234223.48203705467 673389.168475639 0, 234319.3072772656 673268.5385580992 0, 234524.69052529152 673249.703172621 0, 234574.25106649418 673349.4101607279 0)), ((210668.73949663335 674557.8467441042 0, 210279.03615055766 674769.6143458153 0, 209875.76476593534 674863.4376034705 0, 209701.0942866141 674926.1085647714 0, 209330.99541985418 675028.061728193 0, 209030.0615639539 675010.1295792392 0, 208701.094245542 674873.3010749528 0, 208548.28661343257 674826.1087011885 0, 208201.09422531826 674623.3011043161 0, 207689.08253108186 674527.7322814704 0, 207523.97626849992 674342.9421485021 0, 207401.0942524528 674023.3010256714 0, 207195.50339578252 673569.9807705462 0, 207201.17962559577 673474.704946705 0, 207196.63864028192 673398.4719386827 0, 206748.28653029617 673226.108766412 0, 206601.09416089492 673123.3011423019 0, 206257.5638075012 673069.7611493847 0, 205999.69033869516 673085.1297398064 0, 205647.3465570361 673064.1337002337 0, 205382.94837247045 672859.2387454569 0, 205201.09405735097 672573.3012432441 0, 205066.5482447651 672380.6865312192 0, 205301.0941245186 672326.1087565271 0, 205582.64314102218 672209.0066919877 0, 206042.59185982612 672066.977954043 0, 206379.81110129342 671831.4187106747 0, 206533.6746057456 671496.1893311616 0, 206825.76441485842 671310.4227510155 0, 206948.28644488985 671173.3011478045 0, 207153.73689763385 671042.6370060749 0, 207474.69018282637 670999.7048317803 0, 207498.2863329175 671026.1086650436 0, 208102.47958315475 671096.8850528902 0, 208574.69018045109 671068.7477038663 0, 208824.6902402656 671083.6403653978 0, 209074.6901865108 671068.7476930032 0, 209220.6374372997 671077.4391871296 0, 209698.28644087302 671276.1085433697 0, 209991.65195022168 671366.6967950674 0, 210176.61897074096 671495.9083181929 0, 210306.3247704328 671641.0743862137 0, 210398.28649579108 671912.6564006523 0, 210214.01529620902 672355.6983230528 0, 210143.1046189011 672660.4591629412 0, 209974.47057859044 672723.3008664425 0, 209719.02015547373 672437.3999608579 0, 209117.0853170064 672598.6061247071 0, 208706.88028059137 672745.7985865801 0, 208409.4864985398 673078.63555215 0, 208560.10301138725 673498.3986514678 0, 208851.802171508 673710.0930413082 0, 209098.2866535156 674026.108653393 0, 209164.25950828282 674073.3009600351 0, 209368.98980292602 673962.0460479334 0, 209542.6590654234 673767.6735403186 0, 209879.51214066692 673466.6968122375 0, 210565.38246150245 673216.074366594 0, 210671.8766916101 673096.8970114191 0, 210781.99619125633 672998.5083210613 0, 211012.92893445352 673081.3697834866 0, 211149.69036504035 673073.2153164743 0, 211691.3652463817 673105.5029263846 0, 212128.38301617125 672988.4496893319 0, 212339.99792728323 672873.4595368376 0, 212722.84706628782 672576.7674466204 0, 213148.4635413034 672381.4183786405 0, 213631.11128942543 672269.1258587303 0, 213896.49207213896 672284.9460836046 0, 214248.28649580406 672476.1082202402 0, 214378.18157886722 672535.72743428 0, 214571.87666338764 672752.5120003603 0, 214651.09422003053 672823.3005412511 0, 214706.56903716433 672944.1624059863 0, 214943.1596587829 673155.5515588961 0, 215006.22114148748 673693.8572713418 0, 215196.79731790267 673864.1330196424 0, 215526.36887009314 673940.8054639228 0, 215633.7358886181 674516.0495508314 0, 215474.23880994748 674809.5554982094 0, 215385.12136362406 674873.3004955323 0, 215251.09430423265 674723.3005220561 0, 214832.4724660748 674674.2527543453 0, 214519.7405232083 674562.0457726322 0, 214334.22412670392 674354.4163806032 0, 214174.83690387034 674007.1385406795 0, 213946.45557350965 673902.3289450315 0, 213600.48392579998 673976.2425154279 0, 213549.6904702443 673973.2151900718 0, 213471.79118809727 673977.8538851012 0, 213103.51123871663 674205.5272757837 0, 212821.26647291094 674521.4208996536 0, 212598.28665152536 674573.3007877322 0, 212104.0239982086 674750.6445391555 0, 211701.09426994558 674573.3007212671 0, 211437.67872978142 674512.0092858657 0, 210668.73949663335 674557.8467441042 0)), ((215885.68903805566 675154.8679337887 0, 215790.96864307788 675221.4817091248 0, 215602.90707237023 675037.3752223259 0, 215824.69050326635 674999.7043977072 0, 215885.68903805566 675154.8679337887 0)), ((229669.44180287767 677704.879212125 0, 229525.52091614626 677962.8381968158 0, 229355.90412839453 678108.9686391153 0, 229189.93742431936 678016.3660627234 0, 229278.36508014982 677528.6462832574 0, 229624.69076885938 677499.7035149194 0, 229669.44180287767 677704.879212125 0)), ((245066.63434152454 679673.9334256118 0, 244497.83551315745 679772.8470109708 0, 244269.1734182496 679934.9686456564 0, 243709.76179236098 679979.914989805 0, 243625.00837913135 679906.8924834728 0, 243651.7051839383 679574.7025688129 0, 243647.6768179253 679524.7025636851 0, 243651.70511847964 679474.7025509069 0, 243625.09376663066 679143.6111831362 0, 244001.54640187472 678926.558021973 0, 244350.45995133414 678708.7845110896 0, 244924.69096085167 678662.6541282625 0, 245371.27296771918 678698.5304916615 0, 245647.8354416077 678622.8469421727 0, 245851.5464486424 678576.5578233453 0, 246032.4057291259 678475.6544643772 0, 246174.69092421333 678449.7024669913 0, 246197.8354376193 678476.5578600385 0, 246278.41406291822 678545.9791709357 0, 246513.69235331283 678954.0724827083 0, 246747.83545160893 679155.7936510331 0, 246660.2500426822 679384.3215038324 0, 246314.48590326964 679785.6520861619 0, 246106.9419081888 679901.4480690887 0, 245801.5464527551 679772.8469351544 0, 245547.8356030407 679676.5579227478 0, 245270.9434816164 679559.9562692703 0, 245066.63434152454 679673.9334256118 0)), ((243359.15156368498 681545.527864682 0, 243198.89762934778 681671.028221158 0, 243003.3653969383 681589.949125094 0, 243104.8668701385 681425.9476755265 0, 243324.69113994544 681399.7025424244 0, 243359.15156368498 681545.527864682 0)), ((207359.28600314315 686595.2738910533 0, 207024.97801035846 686499.8148809182 0, 206708.20558307064 686104.2460721517 0, 206652.45607825083 685971.9339598698 0, 206596.92627455806 685877.4759972967 0, 206536.79439211535 685734.775808795 0, 206609.09657883932 685286.3017487376 0, 206725.5273253943 685088.230303247 0, 207002.4560227655 684877.4759560225 0, 207340.46872186518 684584.1531391466 0, 207602.45595838845 684527.4759705446 0, 207780.53829530455 684422.7883883688 0, 208224.69104731755 684399.7048371129 0, 208246.92618722742 684427.4758803188 0, 208543.00778153216 684479.0017599243 0, 208596.9262026713 684724.0578909167 0, 208234.66428871462 684928.867583597 0, 208252.7855646732 685074.5950613089 0, 208602.45607551243 685221.9338351946 0, 208684.98171116805 685324.9978044553 0, 209243.20316042105 685440.7570796364 0, 209296.92627013798 685621.7385342551 0, 208964.04047746537 685888.3157014204 0, 208646.92626213905 686021.9338447808 0, 208475.25882947052 686122.849426221 0, 208365.39547783896 686507.090115084 0, 207749.95974937273 686584.0677456767 0, 207599.69124077997 686565.3787232608 0, 207359.28600314315 686595.2738910533 0)), ((244491.6470220421 687386.9951018313 0, 244199.520553642 687471.9315738907 0, 244102.46249123194 687297.5907037489 0, 244202.46251658103 687127.473593228 0, 244246.9204213134 686821.9315652754 0, 244424.6914411669 686799.7025262249 0, 244452.97516878435 686873.2864915614 0, 244440.36536297726 686974.702534654 0, 244491.6470220421 687386.9951018313 0), (244307.4428727706 686985.1273622542 0, 244353.28032833338 687114.4486358436 0, 244374.6914972933 686949.7025482595 0, 244307.4428727706 686985.1273622542 0)), ((214001.79689468886 684873.5082953325 0, 213990.23681348865 685017.380362335 0, 214219.44822918277 685294.4798578448 0, 214105.05625214486 685499.5091702016 0, 213859.00521281388 686083.7621238817 0, 213841.65899533068 686299.704508376 0, 213854.70226320415 686462.1068253755 0, 213788.8025900102 686764.2310113956 0, 213809.73770806103 687024.7046376637 0, 213791.65905908588 687249.7045673662 0, 213803.103189459 687392.1361761957 0, 213447.82980586772 687472.8491541788 0, 213247.57950258235 687614.8290629304 0, 212991.71406607702 687635.3857101434 0, 212678.23742873577 687495.5053823934 0, 212551.55291799761 687150.5346298241 0, 212597.82975881593 686922.8491432769 0, 212679.77547651337 686699.704564818 0, 212575.94245102478 686416.9531804309 0, 212667.53179672742 685914.853603893 0, 212835.81792873086 685537.717294981 0, 213018.2946756606 685408.3349196004 0, 213221.93230452246 685317.4657815464 0, 213542.1349701561 685041.5990688934 0, 213685.01219155092 684813.4862647072 0, 213891.909142761 684830.1000384823 0, 213974.69119630646 684799.7045695262 0, 214001.79689468886 684873.5082953325 0)), ((244246.2612460535 687667.0365572001 0, 244152.9141833893 687593.69665584 0, 244274.69149128368 687499.7025360938 0, 244246.2612460535 687667.0365572001 0)), ((236450.64351516543 686775.6552323258 0, 235913.39995975027 686973.6166158674 0, 235738.83933684562 687243.9413965986 0, 235598.73928136792 687373.7509831368 0, 235505.63628906786 687571.0410250177 0, 235384.4937390448 687683.284745686 0, 234975.39949507813 687812.8012537132 0, 234700.6435774512 687925.6553774637 0, 234505.33113131244 687973.7509723253 0, 234250.6436593807 687757.2959913537 0, 234365.82911625825 687317.6964185206 0, 234950.6435182608 686625.6552644712 0, 235098.7392585532 686423.7510088535 0, 235250.6434660219 686225.6552658355 0, 235398.73916874317 686023.7509677883 0, 235650.64351704053 685725.6552564515 0, 235848.73909256203 685373.7509147713 0, 236027.3402828808 685114.1928127548 0, 236654.5374426279 684533.0771337737 0, 237354.85484285827 684138.8509472995 0, 237780.64827651682 683937.8987694252 0, 238048.73905903424 683773.7508434823 0, 238252.02276432133 683677.8157961846 0, 238800.643323596 683475.6550632373 0, 239229.58616233905 683288.4724101998 0, 239698.73900321647 682873.7505996544 0, 239934.29804788553 682700.9723015731 0, 240086.678415687 682464.9982219889 0, 240178.64612488617 681218.3429052348 0, 240409.07829069812 680706.9292770695 0, 240498.73881576705 680423.7506774222 0, 240609.22475911572 680263.1914920575 0, 240900.64313525142 680125.6549313657 0, 241180.4282585801 679977.6079544134 0, 241674.69099007233 679949.7026949142 0, 241785.68960107336 680069.4903409634 0, 241900.6430977451 680123.7504845985 0, 241948.73893509782 680355.7696211465 0, 241785.49426817402 680592.9888426473 0, 241687.63051223705 681207.3321921251 0, 241337.83813961857 681637.1417430837 0, 241050.64327890924 682125.6548990485 0, 240948.73897730678 682273.7505656047 0, 240900.6433562619 682475.6549291682 0, 240848.51928122903 682674.5929975149 0, 240921.76147837625 683024.7027203268 0, 240807.66240125487 683570.0641163276 0, 241178.49991466128 684270.8941055903 0, 241332.78453026753 684597.7984872101 0, 241398.7391810229 685062.9351658355 0, 241150.09419731528 685387.1783368683 0, 240674.08104620274 685828.2305958647 0, 240448.7392308292 685973.75066819 0, 240135.60447438946 686238.3624514788 0, 239833.39500139962 686380.9895085964 0, 239574.6913922201 686370.7355499006 0, 239158.37062862222 686387.2394721764 0, 238850.64351475055 686575.6550286586 0, 238248.73931416165 686623.7507687045 0, 237715.53611323782 686716.597542515 0, 237450.6435719275 686623.7509363586 0, 236974.77684705457 686575.6551570038 0, 236450.64351516543 686775.6552323258 0)), ((208195.5653324656 687678.8309125826 0, 208353.81726209377 687720.5789852606 0, 208445.56531454256 687804.6243522912 0, 208182.86392228398 687873.9358557205 0, 208303.81728498274 687920.5790148666 0, 208395.56535178085 687993.4426436453 0, 208147.54293635936 688089.0970020711 0, 208026.8580814245 688065.2567219723 0, 208098.12875837652 687704.5755175254 0, 208174.69132213562 687649.704941502 0, 208195.5653324656 687678.8309125826 0)), ((229647.83606105312 689276.5589602184 0, 229792.40386691852 689401.119601506 0, 229847.83609948304 689532.8211600945 0, 229404.31802954333 689822.8480734519 0, 229151.5469284226 689505.7948982094 0, 229274.50836826093 689285.4214230829 0, 229624.6915203894 689249.7035296651 0, 229647.83606105312 689276.5589602184 0)), ((234294.66235633547 690679.7325897999 0, 234442.88019817113 690778.29210053 0, 234374.49630746726 691049.7032520216 0, 234426.07107987357 691254.4029211192 0, 234202.63361619375 691519.5397428494 0, 234002.67014878782 691469.1490452097 0, 233854.72094449514 691278.1822162863 0, 233925.72925110513 690996.370710884 0, 233768.2097234345 690796.1143748462 0, 234125.15557272852 690672.6647034603 0, 234274.6916909846 690649.7032415094 0, 234294.66235633547 690679.7325897999 0)), ((234251.54722862333 691672.8477061081 0, 234297.83628317172 691862.4473749886 0, 233885.77576051926 691922.8477881164 0, 233903.18289727502 691706.2462160469 0, 234174.6916468008 691549.7032318886 0, 234251.54722862333 691672.8477061081 0)), ((241206.67406330368 689592.8302300657 0, 241141.45197680144 690218.6358947053 0, 240672.79959226062 691248.1159384061 0, 240440.30449382126 691548.1159114421 0, 240187.6800403906 692000.1179142699 0, 239918.11217508526 692371.5534208642 0, 239669.06437896343 692594.0754275856 0, 239480.56343192005 692805.0496048543 0, 238708.13915410516 693241.7317858954 0, 238001.59608878574 693336.2264641876 0, 237630.34371655138 693469.4418385363 0, 237206.1005484218 693222.4325711459 0, 237030.78304905037 693065.8041266231 0, 236856.64980771753 692816.5121364797 0, 236840.69523760534 692548.7753929368 0, 236898.28791571883 692423.2992109715 0, 236951.09558284318 692326.1069216299 0, 237091.25666527494 691961.5317329852 0, 237398.28798661087 691523.2991962791 0, 237847.4455852879 691024.6541956451 0, 238001.09548851624 690776.1067574271 0, 238062.3259528456 690642.7082824107 0, 238254.74535976152 690312.2029201012 0, 238577.13303365037 690024.1414063036 0, 238709.06667387421 689706.9538381263 0, 238691.2443254447 689408.0159328573 0, 238792.2574712866 689080.9163398687 0, 238933.79798873415 689003.9998258775 0, 239351.09538803517 688926.1067571379 0, 239665.6339490044 688858.9070319566 0, 240461.04414500206 688943.3917506037 0, 240874.69159115455 688918.7458050852 0, 241386.59339464156 688949.251054864 0, 241598.28778509377 688873.2990087956 0, 241951.09534392972 688826.1065814985 0, 242126.14424583036 688703.8287000663 0, 242392.42834809548 688786.0552159082 0, 242455.160326473 689055.6596427618 0, 243097.05492981724 689093.9165777067 0, 243101.2541726494 689023.4331165357 0, 243003.3537713527 688935.9576034831 0, 242934.7990091737 688550.2275681031 0, 243051.0953079156 688226.1064489074 0, 243111.52012831415 687838.3257378745 0, 243308.4805394991 687528.645419611 0, 243490.93905208513 687517.7690272466 0, 243643.84434953541 687600.8622778531 0, 243748.28767168307 687373.2988061347 0, 243824.69148601257 687349.7026409684 0, 243791.00011729656 687507.4174096965 0, 243936.32482389992 687735.9329861891 0, 244192.20851479543 687720.6742353284 0, 244251.2539874725 687773.4330471429 0, 244246.7130434852 687849.70265095 0, 244255.56311331288 687998.1401240865 0, 244098.2877606204 688223.2988431233 0, 243938.16807421454 688498.3110271357 0, 243745.4678984613 688670.4789370263 0, 243651.0953425721 688776.1064145968 0, 243598.28775597078 688823.2988412679 0, 243551.0953745862 688976.1064188113 0, 243498.12910951505 689073.5796668764 0, 243517.13549049172 689392.2929585775 0, 243433.55394274733 689751.4848143449 0, 243151.09539078717 689926.1064453188 0, 243008.01684264143 689991.7802916688 0, 242921.09057959443 690273.2988300741 0, 242748.2877821265 690176.1064781138 0, 242667.96564664767 690001.1064572446 0, 242451.095430337 689923.2988982459 0, 242198.28778807013 689876.1065714324 0, 241951.09545286003 689673.2988968763 0, 241798.28784574475 689626.1065786488 0, 241519.58903102018 689526.1064953653 0, 241206.67406330368 689592.8302300657 0)), ((231178.6469273227 694344.4787987501 0, 230701.49850310825 693790.6458642195 0, 230651.54727126434 693598.87349241 0, 230895.91980322087 693388.338735469 0, 231274.69182890258 693349.7034198791 0, 231401.54727945582 693522.8479179929 0, 231447.836355316 693776.5589278841 0, 231509.54291088978 694002.0350307499 0, 231701.81589482594 694273.2263514672 0, 231697.21382614953 694330.5262160144 0, 231524.6918498798 694316.6712412281 0, 231178.6469273227 694344.4787987501 0)), ((246048.88639164928 695467.2805302078 0, 246002.4630804249 695577.4735196191 0, 245900.83950930924 695658.8455684044 0, 245702.4630768411 695598.9457026533 0, 245906.38142324315 695475.0810183149 0, 245803.2564196785 695392.5004452892 0, 245719.07678270453 695192.7201015756 0, 245509.72623504983 694930.9647028442 0, 245885.39751127217 694461.2504436942 0, 246093.90578477058 694294.2825561482 0, 246252.46292216773 694227.4734413247 0, 246397.11627198913 693989.3021445277 0, 246624.6918827183 693949.7023687037 0, 246703.00005178116 694123.1278306464 0, 246696.40826869907 694176.1185408176 0, 246767.07480335265 694359.9562844271 0, 246740.3658340022 694574.7024438936 0, 246778.69591404338 694882.8445087306 0, 246696.92097087632 695021.9314137737 0, 246652.46298823698 695227.4734200425 0, 246494.16228448466 695294.1726869817 0, 246351.48649993155 695378.0350338524 0, 246298.27602633007 695371.4188279526 0, 246048.88639164928 695467.2805302078 0)), ((248246.90844472457 669070.7177239874 0, 248257.9541856186 669071.9587925498 0, 248365.714674037 669088.8536960398 0, 248472.6356118739 669110.4329423042 0, 248578.51361155752 669136.6555347594 0, 248683.1469302741 669167.4714978809 0, 248786.3365737167 669202.8221799214 0, 248887.88595758151 669242.6403520231 0, 248987.601927471 669286.8501118679 0, 249085.29458911595 669335.3672825726 0, 249180.77798771605 669388.0996145881 0, 249273.87027892238 669444.9466870875 0, 249364.39440742636 669505.8003094147 0, 249452.17802247286 669570.5446212422 0, 249537.05390189964 669639.0563935816 0, 249618.86054612228 669711.2052307465 0, 249697.44234760661 669786.8537709336 0, 249772.6495055979 669865.8578861873 0, 249844.33904254972 669948.0673842077 0, 249898.35526635536 670015.123410192 0, 249950.0302618792 670083.9997258731 0, 250153.5220658015 670365.188933272 0, 250228.0978864294 670474.1895837126 0, 250296.81341802306 670586.9763523962 0, 250349.00821550476 670682.7546781211 0, 250396.97560023976 670780.7186269938 0, 250440.62415595527 670880.681668532 0, 250479.8708066141 670982.453411949 0, 250514.64098306207 671085.8403053328 0, 250544.86828341402 671190.6453358631 0, 250570.49531687298 671296.6692296114 0, 250591.47327971458 671403.7099519721 0, 250607.76212007008 671511.5639052722 0, 250619.3310463266 671620.0257311381 0, 250626.1578450622 671728.8889070344 0, 250628.22955695543 671837.9462470909 0, 250626.2779414361 671929.9083475905 0, 250595.0403660237 672717.9793718738 0, 250610.32273354268 672750.9509824333 0, 250644.4251618694 672831.8575854216 0, 250675.6655319915 672913.9117687808 0, 250683.29217148866 672935.3578248069 0, 250855.79043969495 673427.5094582658 0, 250880.1687047781 673500.65707307 0, 250902.27970447595 673574.5217636997 0, 250922.1024916959 673649.0331417156 0, 250939.61807426266 673724.1203274231 0, 251020.073419117 674094.7636203773 0, 251056.47876151878 674212.2619775772 0, 251156.68983033078 674256.2803791056 0, 251254.3720331592 674304.8190329334 0, 251349.84401592988 674357.5723039237 0, 251442.92412913768 674414.4398308323 0, 251533.4350882221 674475.3132827312 0, 251621.20465096962 674540.0769602085 0, 251706.0657041955 674608.6073973489 0, 251787.85677064388 674680.7741618452 0, 251866.4220938224 674756.4399557228 0, 251941.6121468597 674835.460717363 0, 252013.28380098625 674917.686021674 0, 252081.30066381942 675002.9593811036 0, 252092.85274100938 675018.8143805416 0, 252136.9782039895 675159.495175743 0, 252226.2783929095 675668.46922799 0, 252401.32560644936 675558.4688911341 0, 252405.86284567887 675569.0209622814 0, 252491.02331560254 675776.3400592417 0, 252420.76445512057 675921.2137493177 0, 252422.36652801256 676048.705279759 0, 252631.38288761224 676118.0591759604 0, 252711.88198980558 676314.0537025988 0, 252751.1878737365 676416.0353536645 0, 252764.1319473921 676454.5526609982 0, 252479.7926930028 676558.0525383588 0, 252666.31570185447 676683.30419392 0, 252707.77097766977 676937.9163901679 0, 252786.6820507054 677128.2838044259 0, 253193.47950865474 677582.88612656 0, 253235.68977079826 677716.2092288114 0, 253237.77266078923 677719.2360662469 0, 253294.30748089732 677805.1203464868 0, 253347.2630092156 677893.2565521931 0, 253399.42849506444 677989.0513096062 0, 253447.3657751095 678087.0302153849 0, 253490.9836408385 678187.0069082121 0, 253513.03952328206 678244.2527633788 0, 253582.25948227753 678521.4893983059 0, 253493.7729578067 678586.3562115034 0, 253169.3651824575 678653.8350582747 0, 253189.30392201012 679227.3000795195 0, 253297.72919286703 679736.0252240538 0, 253384.61386390595 679543.7908918072 0, 253569.53378854165 679541.6759521302 0, 253698.6669893444 679667.6751867149 0, 253792.77458902958 679677.2642998701 0, 253794.30931896446 679701.8648878825 0, 253812.65640324648 679764.5321741765 0, 253845.34037849156 679887.7284223767 0, 253868.41728477835 679984.6103453353 0, 253770.42987162672 680304.3896339259 0, 253426.8662435893 680371.9921756872 0, 253406.15937420973 680754.7183674484 0, 253973.70284716313 680748.248368089 0, 254000.8206764818 680875.3675029896 0, 253729.8246052816 681133.5869456917 0, 253622.98970796063 681262.1979925882 0, 253697.93829305953 681643.9286276152 0, 253627.0102924666 682090.8969259115 0, 253356.7710808454 681902.7689338652 0, 253108.8782287234 681969.3762245419 0, 253054.69347308832 682224.9839328957 0, 253018.82408977172 682416.7202165775 0, 252767.71484879308 682738.3122093333 0, 252864.98850796415 682864.6844278537 0, 253171.06532702292 682861.2010230075 0, 253264.34458879975 683178.8106425528 0, 253441.30359728122 683049.327765116 0, 253549.70973039948 683048.0845163447 0, 253617.4730915847 683365.9437057665 0, 253748.20731971198 683619.4343640553 0, 253749.01800627462 683683.1805724207 0, 253635.8394515717 683812.0411060998 0, 253500.3357764759 684196.1361685864 0, 253075.46957718194 684392.2262936112 0, 253078.65914108913 684647.210258309 0, 253188.70275144314 685283.4270159635 0, 253136.089268963 685666.5260528075 0, 252825.2246154293 685797.5007549359 0, 252826.0582004536 686881.3094159834 0, 253120.19418060532 686941.6952136224 0, 253257.2883264185 687195.0633855526 0, 253230.20592470505 687577.9131354258 0, 253465.3692102275 688021.3977741377 0, 253413.57968652807 688468.2430746842 0, 253011.33131346945 689258.7176087925 0, 253054.33765135694 689130.4286092516 0, 253053.25052413196 689132.4323734327 0, 252995.91562909295 689238.0483611613 0, 252481.79895558866 689641.0189846038 0, 253072.48981952577 690617.1121877797 0, 252905.9046514362 691065.2004249836 0, 252760.04546236692 691640.6573478554 0, 252362.79042359415 691938.5046408232 0, 252272.07337264466 692296.5081008429 0, 252299.3283569742 692538.4519904387 0, 252354.3418472979 692856.5605147695 0, 252446.84319469324 693110.4250276483 0, 252243.59861867045 694196.4722152108 0, 252407.8116907366 694577.08240025 0, 252610.2905300724 694957.3200567857 0, 252553.01274841686 695096.7770142821 0, 252526.24951489797 695122.2381925385 0, 252444.01743006907 695193.9020798322 0, 252358.73758098582 695261.9108945624 0, 252270.5724786625 695326.134993152 0, 252179.68984284526 695386.4523256244 0, 252086.26268841335 695442.7480362495 0, 252019.16896566702 695479.2853793617 0, 251990.46898599778 695494.9148606891 0, 251892.49089914354 695542.8536215223 0, 251792.51495536065 695586.4729290202 0, 251690.7316215232 695625.6898772602 0, 251587.33454387228 695660.4297420221 0, 251482.52046290244 695690.6264785795 0, 249131.90945951472 694024.4131187743 0, 248995.9932110162 694029.8047655043 0, 248618.7959037965 693808.0520121475 0, 248548.739825116 693675.654487912 0, 248500.64407621487 693573.7502159254 0, 248405.40478805226 693393.7575076753 0, 248393.66160479913 693097.700410183 0, 248491.11031474915 692789.9001333645 0, 248644.43055309542 692624.4336847962 0, 249061.837868649 692557.9419847564 0, 249151.66939210278 692474.7022167306 0, 249097.7142951641 692424.702364053 0, 249242.11127739758 692290.900991919 0, 249254.61122816656 691975.7276243902 0, 249100.64395839526 691684.760887451 0, 249148.73962607805 691423.7501340107 0, 249350.6439125801 690975.6543454126 0, 249449.52081715266 690419.3555676022 0, 249550.6439389022 690325.6543956785 0, 249598.73957583672 690273.750109326 0, 249696.38359077397 690183.2837358785 0, 249704.3303872075 689982.7222259127 0, 249500.6437715932 689486.8482161426 0, 249548.73956505777 689223.7501256022 0, 249648.7394055037 689034.7609208018 0, 249600.6437744376 688673.7499995495 0, 249485.4581650959 688393.3301651932 0, 249648.26329830763 688085.6641948018 0, 249650.68032941132 688024.7022385546 0, 249648.70273886906 687974.7022655965 0, 249656.57622991648 687776.0572418174 0, 249252.4258701423 687618.6841468788 0, 249248.70276804146 687524.7022626665 0, 249256.0514098857 687339.1798657712 0, 249198.7394355459 687175.6543651579 0, 249135.42147141136 686975.654399125 0, 248941.58597290222 687077.5098790711 0, 248741.76911436947 687293.159229968 0, 248598.73929644588 687225.6543863846 0, 248292.91659809594 686991.1451294784 0, 247965.30427159538 686876.3136799566 0, 247898.93456749685 686873.6770261247 0, 247613.4243915275 686973.7501777028 0, 247661.153851257 686568.2813643153 0, 247789.5962065732 686429.6583843338 0, 247992.66013392597 686298.5304638378 0, 248234.01756196935 685787.0924436811 0, 248435.39697833388 685648.5304104335 0, 248771.33444538884 685530.7814227219 0, 249046.07816270538 685519.8926165662 0, 249348.73919501097 685775.6544079318 0, 249536.5443842404 685864.2895336834 0, 249300.64357731584 685938.9723020274 0, 249348.73926797145 685975.6543238437 0, 249533.54153113562 686034.1626383966 0, 249620.88286064242 686491.6212459308 0, 249742.2085166068 686622.5781912393 0, 249857.17444407084 686676.8261996626 0, 249989.76724402548 686819.9413958668 0, 250196.2369155667 686892.3047914256 0, 250422.7871932271 686647.7978647235 0, 250587.9727805079 686494.7461144315 0, 250648.7393064651 685923.749993554 0, 250767.66019717336 685634.2113719762 0, 250597.04240550063 684716.5356359882 0, 250606.2709099758 684483.784138172 0, 250500.5824534735 684369.7095199513 0, 250299.6912964306 684377.6806586061 0, 250199.69130990212 684373.7134838122 0, 250105.16009065753 684377.4609080938 0, 249763.66838055302 684096.8458255135 0, 249389.05889671072 683565.4736497065 0, 249111.71518576817 683434.5898918451 0, 248808.66342392174 683226.0450249839 0, 248707.0033006719 683222.0166097546 0, 248388.2776695904 683288.7037777391 0, 247959.22493576293 683086.2135261085 0, 247750.6433869235 682783.100669947 0, 247852.55980970903 682127.5344107331 0, 248039.42502809822 681731.5870528048 0, 248148.73903847925 681673.7502323132 0, 248499.83761287146 681508.0518801041 0, 248772.00553862937 681038.8257326388 0, 248902.52311010455 680721.0888851286 0, 248891.78091259502 680450.2759356825 0, 248950.64321305632 680225.6543619558 0, 248998.73888520317 679973.7500247962 0, 249056.050854436 679810.2247060731 0, 249046.71248337225 679574.702213249 0, 249056.1362848776 679337.1167545927 0, 248860.32327628255 678860.3955827979 0, 248786.99565010858 678323.9087879828 0, 248650.6429902948 677973.7501303949 0, 248498.7387374838 677625.6543931634 0, 248384.22455939773 677263.9478405187 0, 248282.5887966776 677154.2554164357 0, 247919.13661420648 676847.1266348759 0, 247199.49546689095 676627.656471397 0, 246548.73864239082 676575.6545178832 0, 246200.64293813892 676473.7502071882 0, 245860.71368488902 676392.7810066356 0, 245772.78643337954 676226.6067178 0, 245652.54717321292 675971.8459435175 0, 245401.9856689732 675607.722461561 0, 245395.24732271547 675437.593139905 0, 245452.74243785063 674777.7785894482 0, 246170.0885639296 674000.3981471679 0, 246404.5978058591 673637.2390143385 0, 246648.73841574206 673373.7501915914 0, 246744.73450764455 673284.7974579063 0, 246848.73844074857 673123.7501399895 0, 247013.50895611706 672908.8820364908 0, 247204.68315070914 672223.0299952612 0, 247278.1799950459 672067.2912569828 0, 247280.34752391963 672035.4381778772 0, 247282.9988589557 671926.3936945787 0, 247280.89128472717 671817.3371919601 0, 247274.0286611233 671708.4765174745 0, 247262.42410031983 671600.0188523507 0, 247246.09971422667 671492.1705113003 0, 247225.08661589664 671385.1369423552 0, 247199.42475394896 671279.1217289935 0, 247169.1629979269 671174.3268891268 0, 247160.96338487483 671148.0854548056 0, 247295.9009908964 670870.8093738618 0, 247385.48404579956 670784.7465411946 0, 247477.4503520563 670691.6400276326 0, 247564.41842378146 670593.8486831994 0, 247632.9111751085 670508.9575670543 0, 247697.6358129804 670421.1596567563 0, 247758.46911252258 670330.6220809509 0, 247815.29537300975 670237.5170769028 0, 247868.0063336094 670142.0219909287 0, 247916.50168517305 670044.3185823241 0, 247960.68907159212 669944.5928245811 0, 248000.48451587462 669843.0346078732 0, 248035.81208332558 669739.8371403447 0, 248066.60464648102 669635.1969506948 0, 248092.80354898528 669529.3130898303 0, 248114.35894577773 669422.3873316892 0, 248131.22972260605 669314.6230763269 0, 248135.15125385468 669279.6483659121 0, 248182.40940284036 669195.1168787786 0, 248228.90129313373 669107.9509418911 0, 248246.90844472457 669070.7177239874 0)), ((248246.90844472457 669070.7177239874 0, 248149.55926213827 669059.7803492802 0, 248040.73640592134 669052.3417030035 0, 247931.69257273304 669049.6568087098 0, 247845.05664723137 669050.9157002232 0, 247758.51637356356 669055.1758923526 0, 247672.1757303449 669062.4323849356 0, 247586.13836633446 669072.6763837093 0, 247363.83620653176 669103.060174285 0, 247275.10208149895 669116.8156828692 0, 247168.06242831534 669137.7982684828 0, 247062.03997755528 669163.4297356043 0, 246957.23649015347 669193.6616311775 0, 246853.8513681793 669228.4361136341 0, 246752.08156572605 669267.6870501266 0, 246652.12073958016 669311.3398151003 0, 246554.15907869453 669359.3111907592 0, 246458.3832166938 669411.5099655818 0, 246371.44915850344 669463.751685593 0, 246286.7055074541 669519.4764159324 0, 246204.29182897025 669578.5924211362 0, 246124.34378767494 669641.002567343 0, 245808.92693208944 669897.6921130508 0, 245785.23740474688 669917.2139821617 0, 245703.03190527417 669988.9075820253 0, 245624.03185370393 670064.118698484 0, 245548.38767104558 670142.7042361456 0, 245476.24341466304 670224.5145002189 0, 245407.73626788406 670309.3936945031 0, 245342.9967085885 670397.1804212207 0, 245282.14791606565 670487.7074807356 0, 245225.30585471354 670580.8024707842 0, 245173.66105771292 670674.2251713178 0, 245126.05143316148 670769.7672625714 0, 244943.76441361514 671156.0218404336 0, 244898.46493556997 671257.8266175486 0, 244857.74687689848 671361.5487453876 0, 244825.19026795484 671456.0401044813 0, 244808.57915519006 671511.33588979 0, 244567.87513246769 671502.6367256735 0, 244782.95463720075 671920.1613710752 0, 244621.60217292604 672417.3782610284 0, 244500.1910757724 672725.2029830781 0, 244449.19008779188 672824.2019661278 0, 244400.19104016977 672925.2029725567 0, 244222.83508926333 673186.8484270279 0, 244104.35364147075 673649.1287990044 0, 244199.1901559374 674425.2030290753 0, 244599.19021793085 675015.3029725241 0, 244505.42795715775 675608.2717801929 0, 244305.8308696654 676019.6975560817 0, 244078.7923021757 676173.6039197864 0, 243814.92511857522 676178.9871874633 0, 243507.43005631224 676079.2068884133 0, 243357.80839440628 675935.4447095522 0, 243249.19022117293 675775.2031073059 0, 243003.12085617756 675399.8856184788 0, 242849.19022807325 675325.2030594028 0, 242645.35714705693 675187.0317120136 0, 242208.9924363434 675075.2030894246 0, 241941.79272631055 675194.4414393422 0, 241759.09006761143 675549.1045251491 0, 241622.17609812427 675896.2236919865 0, 241437.0076644657 676140.2544166688 0, 241236.2995734095 676446.3945701598 0, 240454.54920305446 677197.4810724584 0, 240102.22989523353 677717.2442950499 0, 240000.3377689547 678114.8394473011 0, 239937.86227942552 678626.1310300315 0, 239830.39160166096 679176.6071913562 0, 239532.18603573402 679631.4410726556 0, 239262.74027726948 679770.2473541901 0, 238922.90875969577 679904.2927146568 0, 238450.69195055103 680300.703863129 0, 238149.19054540026 680524.2023969603 0, 237889.26620520005 680734.0168975184 0, 237474.32482448767 681006.062743185 0, 237199.19059643545 681224.2024648401 0, 236803.7804400541 681543.3919850191 0, 236499.1906226604 681724.2025108607 0, 236060.03040995536 682092.8549085886 0, 235816.71997592715 682218.2089473975 0, 235650.19163690848 682275.2035573566 0, 235225.7652835241 682334.4565764954 0, 234879.8546776943 682446.7002978484 0, 234751.63209036936 682569.8936411344 0, 234479.65944351826 683049.6056026889 0, 234174.6179560877 683295.8457719483 0, 233676.79082229602 683492.208174092 0, 232978.31667748364 683950.142775307 0, 232608.10192168943 684305.8434728171 0, 232475.99742106337 684578.1334788218 0, 231797.64053917766 684999.3493812397 0, 231801.18048732265 685172.8478052173 0, 231530.7459893082 685356.1731244702 0, 230972.04231124563 685260.8728916973 0, 230799.19078902868 685374.2029431224 0, 230706.95443031838 685470.1989791387 0, 230440.1698326593 685607.6379825206 0, 230096.77384039783 685674.6790172341 0, 229847.17659857663 685934.4569573632 0, 229371.8348818973 686222.7259860208 0, 229055.36758412834 686229.1835547462 0, 228948.18980015026 686126.2050361205 0, 228817.52578172617 685856.8690896669 0, 228649.19078332427 685775.2040931183 0, 228550.1917525543 685724.2031488022 0, 228149.19073825856 685575.204067608 0, 227657.74789177306 685142.8798331879 0, 227395.26011211425 685057.699240764 0, 226999.46532587745 684677.4259005274 0, 226928.28615032983 684094.9184909782 0, 226632.11302754152 683894.1616868252 0, 226079.36642810368 683575.8145970154 0, 225956.05102836492 683573.2999347046 0, 225775.3503168043 683631.9425303491 0, 225310.8971957622 683871.2002689282 0, 225100.1916866042 683925.2043294472 0, 224794.89380617035 683974.8991132082 0, 224410.43945485476 684172.9582073956 0, 224103.054250422 684179.2327491505 0, 223984.61543464966 684055.9539026363 0, 223844.43600801297 684128.1706554499 0, 223602.05927337706 684123.2268457186 0, 223478.32120258044 684165.5756777634 0, 223144.9155577532 685125.3061397 0, 223224.69123588904 685123.6785924345 0, 223347.13382477002 685126.180907868 0, 223400.19168444243 685075.204323479 0, 223544.3078617399 684925.2043606025 0, 224407.4732603476 684985.1164747081 0, 224546.71885493555 685118.9054288416 0, 224656.13651349925 685285.8000203312 0, 224899.0687057501 685519.1985195111 0, 224900.7777390616 685603.0851619896 0, 224850.191711308 686275.2042799823 0, 224755.52628313703 686551.7668093855 0, 225000.19184923806 686874.203392846 0, 225049.19084980502 686975.2042827765 0, 225190.27975248743 687043.6491259944 0, 225264.52290454236 687272.4576968747 0, 225400.18571492814 687275.2286949006 0, 225449.1908917373 687074.2033734506 0, 225590.2797941705 687005.7584618569 0, 225649.19083582488 686824.2033229095 0, 225750.1918358501 686675.2041597657 0, 225922.5978751352 686143.9054635213 0, 226106.89954029524 686018.9786424617 0, 226300.19180443167 685925.2041782517 0, 226489.9439540898 685827.4502878392 0, 226845.1563405375 685820.1992693173 0, 227100.44204028588 686136.4589941585 0, 227372.20722204295 686615.7925566023 0, 227850.19179151877 686674.2031025792 0, 228149.30071848736 686725.2162666944 0, 228199.69141253206 686724.190852488 0, 228249.69135096538 686725.2163681467 0, 228641.92775066482 686717.208456698 0, 229177.6943436188 686792.0009492368 0, 229641.8056581474 687017.1717748279 0, 229960.78759929433 687284.9451958311 0, 230829.4154882289 687406.1975589102 0, 230900.2163941834 687474.2273339804 0, 230899.17866373522 687524.7034022459 0, 230900.2163150819 687575.1917978179 0, 230743.83207238914 687651.0583962487 0, 230379.19585180952 688207.2351609673 0, 230055.3189173551 688374.0809121421 0, 229307.32086554516 688389.3397732726 0, 228849.53273625838 688203.658644649 0, 228259.4937110987 688324.5082721593 0, 227599.19094372058 688374.2031396442 0, 227365.34079044277 688434.1397053157 0, 227199.19097176372 688325.2041986539 0, 226907.1498793576 688127.2427409797 0, 226700.1918573679 688074.2033081448 0, 226276.58356345832 687991.5128391914 0, 226099.190935325 687875.2042356319 0, 225917.92866492143 687598.727228649 0, 225557.03396129224 687475.2043432511 0, 225499.19090211956 687524.2032594021 0, 225449.52659155056 687575.9001327676 0, 225399.85612701048 687473.507486554 0, 225349.20914760153 687526.2296804714 0, 225202.27321748514 687523.2267543322 0, 225196.21237423082 687820.0652196242 0, 225250.17359893126 687876.2297326771 0, 225399.19089143103 687873.1778677017 0, 225349.69757835162 687976.2296611062 0, 225202.27319301703 687973.2268338116 0, 225198.05567941777 688179.989529716 0, 225449.1909945337 688421.2858154719 0, 225400.1919714405 688475.2042435288 0, 225225.74742940636 688589.5720683531 0, 225450.69241090489 688698.7028358263 0, 225606.13673952565 688935.800045454 0, 225843.19121939928 689163.5586810741 0, 225946.93880203695 689364.9504217254 0, 225951.2479893365 689576.0953381604 0, 225848.92247652935 689774.7282287141 0, 226052.74331347458 690128.634429598 0, 225802.1939830156 690369.3571317262 0, 225724.91745426357 690595.1261028501 0, 225950.19214527108 690874.2032821651 0, 225999.1911192866 690975.2043320042 0, 226050.19207048198 691024.2033644915 0, 226166.92792796716 691145.6998272637 0, 226413.26589821567 691230.0259860222 0, 226987.0390481654 691118.0142468059 0, 227335.17737387333 690882.0279271111 0, 227840.84146118182 690820.2358598462 0, 228163.76634914958 690575.2040992917 0, 228218.63080382612 690649.0078950641 0, 228149.17285848976 691124.3252468304 0, 228151.09543197425 691218.343761654 0, 228092.83135258727 691397.884785433 0, 227710.43996025072 691913.7295441095 0, 227000.19224592016 692575.2041916942 0, 226705.19102635872 692768.6123789178 0, 226549.19123739467 692974.2032911797 0, 226250.19232734322 693525.2041864243 0, 225815.17038808396 693795.3337234769 0, 225362.36279171452 694266.6227694269 0, 224967.47140714538 694494.0520679429 0, 224606.90010585173 694668.9787682372 0, 224399.53932425746 694809.5427849551 0, 223839.18165355062 694891.4275145425 0, 223539.81635596772 694769.9920091889 0, 222707.71187260578 694535.2996956611 0, 222578.21357250266 694344.2597674276 0, 222472.555510661 693910.8369100746 0, 222350.19225124377 693724.2035954592 0, 222067.04403811728 693373.4345020629 0, 221999.19120595895 693175.2045940871 0, 221941.59236107598 692821.3715722634 0, 221618.60649441485 692485.2020873866 0, 221500.1921099576 692424.2035551732 0, 221139.1631590763 692336.190955968 0, 220900.19214843801 692174.2035586706 0, 220479.40358662637 692105.7099601682 0, 219951.4006132779 691976.9868986037 0, 219639.49261116105 691725.2046984824 0, 219499.19113254934 691774.2037220644 0, 219231.3078116417 691912.204249077 0, 218772.72632113908 691979.2208256511 0, 218450.19215635167 691924.2038524676 0, 218013.55883106083 691863.2540951583 0, 217949.19109358962 691675.2048031259 0, 217885.86099640952 691480.0388370014 0, 217707.41332997745 691476.3978819493 0, 217553.81138544055 691473.2638962837 0, 217084.39011505054 691569.4065163247 0, 216799.69162311743 691575.217050839 0, 216704.18989317148 691573.2639792379 0, 216596.76189846822 691625.3880506983 0, 216359.10321911023 691987.875816115 0, 216050.19204915507 692175.204986676 0, 215299.19116917998 692574.2040100661 0, 215206.95485275632 692670.2001002979 0, 215035.43996749172 692758.5668491591 0, 214699.19113521755 692824.204096748 0, 214600.19214306574 692875.204977617 0, 214349.19118618412 692924.2040301885 0, 214252.16364013322 693124.2041181865 0, 214098.6419008677 693051.1450567394 0, 214100.79035653642 692946.0180244979 0, 213611.01371949757 692845.7006687967 0, 213441.84867434844 692927.7685632297 0, 213206.9976252084 693172.2022345926 0, 213000.19211397838 693225.2050919613 0, 212473.7090338397 693289.5361990707 0, 212200.25324104025 693422.2022404758 0, 212195.1811979281 693670.8106203667 0, 212349.1912393725 693775.2051911311 0, 212450.19220605402 693824.204199396 0, 212512.6189842534 694271.3966132441 0, 212794.50979662908 694277.1461237995 0, 212949.19125950738 694224.2041168724 0, 213100.19230923493 694175.2050316681 0, 213199.1912960987 694124.2041517826 0, 213623.6174781268 694064.9511285778 0, 213900.19220199256 693975.2050638733 0, 214338.42465934972 693825.2050178952 0, 214719.3206315741 693896.5062768894 0, 214998.9287845998 694165.1463968867 0, 215049.19136033396 694525.2050555308 0, 215116.06146666443 694655.0024242725 0, 214986.85615001153 695184.9950880174 0, 214820.60860986306 695358.0418838729 0, 214549.19140409006 695424.2040464949 0, 214150.19227821406 695575.2050849472 0, 213621.4264562244 695661.2768675663 0, 213373.69079752403 695823.7036510941 0, 213077.9023456848 696024.2041409647 0, 212649.19130513526 695975.2051459536 0, 212294.03387880366 695884.1895698686 0, 211550.19233579017 695988.0226459325 0, 211653.80561077525 696131.6016821663 0, 211799.191382373 696271.2867491635 0, 211420.99924119771 696373.7648474497 0, 211349.6918481519 696375.2174651269 0, 211261.22136042078 696373.4108902824 0, 210949.1913806542 696424.2042929045 0, 210800.19236144508 696475.2053216797 0, 210544.45508455683 696525.132044293 0, 210158.01711548245 696724.204343756 0, 209120.1325736115 696657.1878025387 0, 208842.48357366072 696468.9798499105 0, 208649.19139640513 696375.2054283886 0, 208450.19232867504 696224.2044686774 0, 208222.42139358178 696113.7064355484 0, 208384.5367941663 695874.5462979238 0, 208294.3573799692 695611.081925982 0, 208300.20455305403 695324.7049900752 0, 208298.21467182884 695227.2684642905 0, 208349.19131367418 695174.2045348191 0, 208628.1891034157 694906.1501707275 0, 208901.00397124843 694376.5725702184 0, 208849.17298274577 694225.1443184037 0, 208850.7110010671 694149.7049264519 0, 208846.2859944626 693932.7005880848 0, 208939.9444163621 693659.0677136827 0, 209007.6749855585 693104.7952163537 0, 209142.2514604202 692843.5647621015 0, 208900.19207370075 692444.4070990381 0, 209051.79730393505 692227.20731609 0, 209408.41353889034 692219.9319675892 0, 210156.3871461586 692296.384537081 0, 210449.19111029405 692074.2043204635 0, 211777.834858897 691615.6592543548 0, 211977.69445505342 691227.7076491993 0, 212150.97327826612 690870.5298404386 0, 212301.19292657758 690726.2061610882 0, 212445.18093114457 690429.4165322618 0, 212749.19096097405 690174.2041561743 0, 213000.19196215415 690125.2051184279 0, 213369.91246787118 690049.4726727371 0, 213748.17171877448 690172.2264655827 0, 213800.21029223036 690324.2651467273 0, 213793.52689611036 690651.9017574575 0, 214121.4810537395 690874.2040402608 0, 214200.19201237764 690825.2050538356 0, 214434.49986554318 690581.3328841828 0, 214553.86629023863 690523.4227184412 0, 214693.19134275033 690378.4031809854 0, 215218.36823928767 690367.6853602593 0, 215450.19200002507 690424.2039848764 0, 215549.19102162353 690475.2049550592 0, 215650.19200375144 690524.2039836611 0, 215749.1910645573 690575.2049250357 0, 216250.19200385432 690624.2038924954 0, 216650.4239105049 690706.1741572818 0, 216930.04432651936 690522.8489781996 0, 217116.4517976324 690138.6203465048 0, 217438.87473627354 690103.5912054402 0, 217847.45759530537 690059.201429281 0, 217850.20421598875 689924.704325729 0, 217845.2175738467 689680.3806053442 0, 218281.19175446467 689226.6085801298 0, 218624.69149283753 689219.6017466225 0, 219042.95932427223 689228.134359485 0, 219299.23977663286 689124.1792551387 0, 219824.09331907675 689134.8970038948 0, 220146.19412782736 688978.6348400022 0, 220191.38345078836 688911.9652495685 0, 220157.5782270669 688835.1789413127 0, 220099.66327255868 688717.7979794159 0, 220036.68329232547 688603.0550006494 0, 219968.75827387578 688491.168410779 0, 219896.01754282622 688382.3510351686 0, 219818.59942500497 688276.8102176443 0, 219736.65141676218 688174.74682219 0, 219650.32942314504 688076.3550325064 0, 219559.79784307527 687981.8222512453 0, 219465.22889194769 687891.3283011889 0, 219366.80268638703 687805.0455238548 0, 219264.7066511764 687723.1382798803 0, 219159.13492594098 687645.7622498927 0, 219050.28861882797 687573.0648323847 0, 218938.37495869028 687505.1844446481 0, 218823.60678595497 687442.2503223942 0, 218706.20280576838 687384.3821199009 0, 218586.3864008058 687331.6901086472 0, 218464.385545218 687284.2745781435 0, 217965.2608678499 686452.0976695803 0, 217634.5303622521 685393.7560783587 0, 216639.14731506538 682745.9322322933 0, 216581.25403700257 682628.5405930621 0, 216528.53633679764 682508.7354889808 0, 216481.09461786546 682386.7447890235 0, 216439.01929887358 682262.8008590534 0, 216402.39030337502 682137.1396651261 0, 216371.27748172753 682010.0002753108 0, 216345.74001600163 681881.6247607383 0, 216325.82650262184 681752.2574979392 0, 216311.57486554186 681622.144770379 0, 216303.01218456225 681491.5342701143 0, 216300.15486261374 681360.6745994006 0, 216303.00828448898 681229.8147722415 0, 216311.56698413758 681099.203915198 0, 216325.81472722022 680969.0907686917 0, 216345.72433922617 680839.7229888289 0, 216371.25795765608 680711.3467481575 0, 216402.36702990156 680584.2064361635 0, 216438.99214155792 680458.5440606211 0, 216481.06386226165 680334.5988478657 0, 216526.25870527772 680218.0374581821 0, 216568.76295140447 680120.6600509755 0, 216572.03509200382 680070.7456771295 0, 216586.28620324688 679940.6328927719 0, 216606.1991449646 679811.2655203488 0, 216631.7360444062 679682.8899305091 0, 216662.8483375922 679555.7504113687 0, 216699.47676737586 679430.0890684433 0, 216701.13957212714 679425.1908018528 0, 216700.15487027523 679380.0140322262 0, 216703.01337272415 679249.154293629 0, 216711.5772404919 679118.5438505086 0, 216725.83014112717 678988.431242498 0, 216745.74488482226 678859.0642235853 0, 216753.6949119629 678815.8377658079 0, 216818.14793872327 678479.265442823 0, 216843.0498865654 678361.9696066963 0, 216872.61920405857 678245.7624831846 0, 216906.8087708732 678130.829816711 0, 216945.56391099337 678017.3552649124 0, 216985.15363929118 677915.5595352221 0, 216993.00747535785 677895.365453875 0, 217045.727123227 677775.5610532435 0, 217103.62231434177 677658.170443137 0, 217166.58290740958 677543.4168256064 0, 217234.48898925964 677431.5187224804 0, 217307.21146718896 677322.6891765406 0, 217384.61181350437 677217.1352520336 0, 217466.54257350118 677115.0580335722 0, 217552.84804314005 677016.651727531 0, 217643.36367490017 676922.1035613357 0, 217737.9173496651 676831.5937822611 0, 217836.32903714527 676745.2944597239 0, 217938.41130492324 676663.3698830522 0, 218043.96999712923 676585.9760617403 0, 218152.80398038216 676513.2603255531 0, 218190.81733727478 676490.1946485959 0, 218199.24292911447 676474.8418247597 0, 218267.16043773445 676362.9506162481 0, 218339.89394224744 676254.1284501473 0, 218417.3050489128 676148.5824759429 0, 218499.24626702594 676046.5135633791 0, 218585.56168677707 675948.1160023548 0, 218676.0869787674 675853.5772026364 0, 218770.64981777326 675763.0768950366 0, 218833.01067907078 675708.4022003767 0, 218853.20563686133 675721.8991266087 0, 218916.71925680857 675623.0269125935 0, 219048.52443366736 675646.0920357507 0, 218915.07759744424 675618.759385841 0, 218550.64268111408 675281.1007170816 0, 218608.40023249507 675032.0894969596 0, 218878.07184457456 674857.9438618043 0, 219091.0601289959 674628.0732941044 0, 219496.69985179268 674399.7285179564 0, 219843.30002625886 674025.6562955135 0, 220000.64262725506 674073.7519815074 0, 220096.8340376541 674177.5605556904 0, 220394.77714313788 674318.1732774277 0, 220450.64264921375 674423.7519264542 0, 220545.03353066382 674623.7519804528 0, 220743.48938087234 674533.3709821475 0, 220838.7834694705 674430.5267802741 0, 221098.73831507607 674323.7518993937 0, 221394.3194392617 674230.1727158034 0, 221500.64259575083 674075.6561135069 0, 221575.599867895 673838.9130033692 0, 221747.78615133214 673747.7996096074 0, 222009.07767686716 673624.4842282098 0, 222192.9949561828 673425.9856756567 0, 222547.68843081433 673287.8631349186 0, 222716.63373994312 672929.8797099636 0, 222874.6904598005 672899.703923545 0, 222995.26538800047 673029.8307691012 0, 223416.5789070443 673013.1315843405 0, 223871.65702771666 673190.3410547345 0, 224148.73829427813 673551.6690426829 0, 224100.64264228052 674175.6559712066 0, 224048.738340296 674323.751689291 0, 223980.4094961497 674539.5719999108 0, 223900.64267701443 674625.6559039666 0, 223796.8341319273 674721.8473103372 0, 223616.77424399575 674916.1711302743 0, 223348.73844329652 675073.7517854603 0, 223276.59491911228 675151.608130334 0, 223110.5425888369 675305.4655749473 0, 222982.93029447255 675503.0852690338 0, 222737.09906463584 675730.8562017713 0, 222498.73840046197 676023.7518199801 0, 222412.72776767006 676206.0026661783 0, 222198.7384541751 676273.7517613723 0, 222011.4521034429 676339.389085631 0, 221875.1748074047 676331.209024605 0, 222584.13953704503 677457.7113390006 0, 222842.20163219632 677324.7771102485 0, 223502.16259714335 677270.9684401274 0, 223498.32350138956 677082.8459916515 0, 223570.37548151537 676787.3014543365 0, 223881.8439772584 676660.9586795592 0, 224387.51415693446 676496.8717698798 0, 224450.19113588467 676375.204321668 0, 224668.19037282976 675925.8512284348 0, 225141.91474662948 675916.1832599475 0, 225350.1910916444 676174.2032480051 0, 225549.19013167618 676425.2042535709 0, 225800.19124473326 676724.2032480955 0, 225949.19026342608 676925.2042033175 0, 226466.12746770852 677497.1646238994 0, 226797.60947028385 678314.3643168893 0, 226899.19033026014 679009.5180774056 0, 226787.8072731617 679252.1816614274 0, 226650.19134511275 679519.3203615987 0, 226853.7741110146 679868.9419521736 0, 227100.19145963673 680174.2031282468 0, 227289.59570036753 680429.7085562322 0, 227741.56725058582 680863.9614192805 0, 227850.1914962793 681024.203038569 0, 228116.33527881055 681493.6366826014 0, 228225.69201954757 681598.7025981919 0, 228348.39713728143 681726.4247557571 0, 228571.4806104375 681575.2040159507 0, 228700.19146826785 681624.2030624063 0, 228953.2676926011 681816.2440526756 0, 229183.60988432643 681861.2064324216 0, 229250.19151270692 681874.2029590838 0, 229508.34582895134 681927.0837821143 0, 229848.58024887985 681920.1380650301 0, 230044.10023645157 682415.8167599036 0, 230195.18672172478 682573.0799887558 0, 230389.13203612217 682577.0350368565 0, 230885.97041989112 682436.9103965121 0, 231001.19259184305 682326.2048693043 0, 231191.8418976542 682127.7672948249 0, 231300.1915641017 682075.2038699317 0, 231349.19053611867 681924.202940363 0, 231683.69990034355 681842.659923304 0, 231986.29989577626 681482.1863061177 0, 232057.41805850968 681190.4382654704 0, 232202.66956143183 680968.904876936 0, 232325.69201637813 680850.7042580525 0, 232425.8384955075 680542.0861714976 0, 232705.77009071535 680473.836521995 0, 232982.66212929183 680331.1974187827 0, 233295.54052919394 680224.105041024 0, 233544.01470237336 680229.1831557804 0, 233699.06843203673 680080.2085584748 0, 233709.163612402 679585.5797025713 0, 233504.01217440816 679372.0665800935 0, 233212.0688802859 679378.023562442 0, 233150.19135655573 679124.2027519402 0, 233009.859320731 678917.1837086214 0, 233248.2504679158 678669.0635623782 0, 233549.69082230335 678675.2159042135 0, 233824.6908566579 678669.600744234 0, 234224.69085224264 678677.7671104262 0, 234627.44964522315 678669.5396039227 0, 235098.39696478512 678765.9994604029 0, 235588.16746196963 678775.9970350406 0, 236116.7319017257 678689.9495444802 0, 236250.19133895202 678625.2035216291 0, 236349.1904424912 678574.2024908364 0, 236448.89615466527 678549.8955584655 0, 236682.1737576208 678493.0257268755 0, 237330.04972551734 677776.1922720933 0, 237500.19133401342 677525.2034685854 0, 237599.1902934587 677374.202474275 0, 237898.49442773 676958.0281271345 0, 237905.68442307212 676606.0628400291 0, 237653.60919631022 676234.199990371 0, 237599.19021093426 676075.2034310134 0, 237423.40900471585 675533.4920274427 0, 237250.19116402467 675474.2023847396 0, 236833.43087434818 675392.8425916121 0, 236595.28390995789 675270.1619165662 0, 235925.4841125008 675615.2059858873 0, 235750.19113202216 675675.2035550609 0, 235237.93531693902 675725.3012067302 0, 234750.19113523164 675825.2036112245 0, 234399.19017651395 675874.202619667 0, 233813.89973707186 676024.202692664 0, 233148.94601397525 675945.6382495629 0, 232560.95772346083 675825.2036864767 0, 231494.66138271044 675874.4103220197 0, 231073.38446830606 676018.611981947 0, 230650.2521434079 676027.2423785478 0, 230648.16479791104 675924.7033932587 0, 230652.04658451915 675734.0174039274 0, 230531.36785869504 675362.0936168352 0, 230150.19113826862 675177.1692838765 0, 230199.81266274286 674971.6517015281 0, 230345.18618767962 674831.9665706264 0, 230422.6275956492 674681.649207052 0, 229850.19109683283 674524.2029789158 0, 229449.19007408037 674475.203957296 0, 229344.44152583362 674421.2366564062 0, 229004.329244148 674428.1825444932 0, 228851.0455469108 674280.9047445423 0, 228751.83896584148 673975.2039832319 0, 228649.19001219986 674024.2030107228 0, 228455.07381473936 674124.2030400323 0, 228000.245939515 673976.9984215158 0, 227996.2725773613 673782.1131907566 0, 228279.68925331807 673282.2230184134 0, 228449.18998889413 673224.2030621152 0, 228800.19099708094 673175.2038975778 0, 229123.7505405729 672978.988098573 0, 229615.1689219159 673104.9280865841 0, 229833.0278447343 672895.6141036676 0, 229947.34669611132 672426.6687766953 0, 230239.7172959022 672276.0583950165 0, 230555.65963398642 672214.3761764191 0, 231018.02530730757 671807.6378973124 0, 231175.26412098293 671888.6315311189 0, 231502.60787558093 671824.7277873212 0, 231600.16650807546 671723.1773585237 0, 231782.58832456314 671726.900564344 0, 232161.7875255895 671665.1817241113 0, 232296.3457023518 671525.1305003008 0, 232484.90764793855 671463.9366813843 0, 232638.14257980237 671075.4479000237 0, 232797.15133038268 671072.2007953131 0, 232903.24259311406 671228.6949558171 0, 232844.08746376538 671893.770633595 0, 232648.70166936578 672026.2169135453 0, 232400.27641943103 672021.1388496032 0, 232397.15135506584 672174.1417351221 0, 232497.32227282602 672176.1803170737 0, 232682.2831917403 672112.874615021 0, 232949.06781199508 672369.1978912345 0, 232953.19388381968 672571.2486040124 0, 232700.19097672254 672904.6714763783 0, 232752.96197364456 673142.1959170366 0, 232949.19003638017 673275.2037075981 0, 233299.19004555355 673504.6714799961 0, 233240.84042764155 673767.2691728964 0, 232702.05870373783 673872.4449461473 0, 232565.7794347559 674073.5069753041 0, 232824.69052462722 674078.7803501342 0, 233198.17687124904 674071.1631209884 0, 233643.53828373164 674373.043046732 0, 234333.02799934443 674387.1177129595 0, 234784.95664659564 674298.8975027131 0, 235040.7672458607 673802.3154235812 0, 235106.66069150114 673263.106410892 0, 235635.9332192224 672754.5859226697 0, 235702.75444750342 672616.8539175002 0, 235897.18805584195 672430.0496756227 0, 235999.18995179812 672132.0516279476 0, 235816.32866778848 672025.2035130622 0, 235602.96195972155 672087.7523663965 0, 235336.01849643906 672268.6971888932 0, 234886.43363049233 672451.0702515291 0, 234649.18995366 672275.2035464344 0, 234599.37304268242 671867.5375901558 0, 234348.18897981595 671626.2045490922 0, 234202.60787944638 671474.6786799562 0, 233851.8633050066 671406.1972819193 0, 233848.21331385477 671227.2666553345 0, 233946.7728767972 671124.6787323576 0, 234279.36561905555 671059.7494654914 0, 234433.55270375704 670760.4453687998 0, 234499.18983840843 670424.2025777852 0, 234649.18979763205 669838.9120707428 0, 234300.19078458025 669724.202620103 0, 233981.99004929516 669662.0810473018 0, 233617.97637506475 669228.4506675247 0, 233500.1907054247 668537.9233443665 0, 233599.18969900452 668324.202735803 0, 233900.19056323727 667675.2035967889 0, 233965.52260787174 667273.8729696483 0, 234300.19058517454 666875.2035340352 0, 234537.64179874273 666475.2035635209 0, 234611.77506011433 666592.5375094761 0, 234742.15832326128 667229.1342677419 0, 234642.79314663305 667811.7148557961 0, 234658.86996646668 668599.7031313706 0, 234642.52476401223 669400.5942259233 0, 234714.19224550575 669621.4316151073 0, 235136.2136986458 669630.0375859425 0, 235716.80454101914 669481.245965868 0, 236011.93392351596 669633.284494937 0, 236266.93879201106 669571.1140712694 0, 236833.29619931302 669279.3659976325 0, 237196.77282465485 669161.4094372581 0, 237406.89239139835 669018.9777820456 0, 237699.25077231426 668877.1443250001 0, 237749.18977613852 668774.20238797 0, 238023.56719126608 668392.6959934958 0, 238149.18977770055 668074.2023518273 0, 238200.4470163537 667974.7028845235 0, 238123.68914249906 667825.7038413871 0, 238050.19068847818 667674.2023642382 0, 237950.11738853602 667479.9397410288 0, 237877.18036468246 667106.355689044 0, 237450.1906431824 666597.7131590435 0, 237508.40587242512 666213.3870094887 0, 237652.49762984537 666074.9469729315 0, 237366.68229508563 665982.1980504623 0, 237077.69297098785 665842.0002538981 0, 236897.67583350814 665398.213625392 0, 236902.1680748968 665178.3039581156 0, 236710.1880789069 664978.4871378851 0, 236385.71294174407 664971.870836801 0, 235574.94639905592 665322.652242501 0, 235404.56059260026 665326.1312393044 0, 234826.19139411263 665070.9310325083 0, 234155.0732953368 664725.2036155083 0, 233949.18944571688 664774.2026591193 0, 233537.22662351374 664952.4496600544 0, 233274.01851518755 664867.0371342943 0, 233100.19045345645 664574.202646462 0, 232950.1904828545 664352.9136733714 0, 233022.82228578185 664162.1177098288 0, 233224.01847284747 663890.7065807781 0, 233437.93448845885 663750.4477329764 0, 233521.25967879963 663578.7070078198 0, 233776.13033801876 663405.9409372744 0, 234063.76456379984 663624.2026069973 0, 234200.19033418948 663575.2035120946 0, 234759.1747140331 663319.6371414103 0, 235195.02671435373 663178.2064958273 0, 235448.98181392488 662934.2001179062 0, 235453.62049183412 662706.9661512328 0, 235381.79432130762 662192.4032107944 0, 235253.40068451295 661927.754697945 0, 234987.94659014244 661766.7806968231 0, 234600.27570683925 661578.7069777669 0, 234589.52121843636 661051.607315015 0, 234667.8415490989 660490.6332574384 0, 235541.42542344355 660112.6668204746 0, 236101.19107373196 659976.2043248886 0, 236223.68870023862 659848.7018979192 0, 236549.18917217644 659743.0744885495 0, 236486.921039366 659592.0247030166 0, 236349.18916349637 659525.2034873079 0, 236146.77216823114 659387.9963833039 0, 235799.1891412827 659275.2034629331 0, 235650.19004731177 659224.2024747783 0, 235402.63141627176 659143.8679429594 0, 235384.6505327949 658262.7645230384 0, 235643.13431453312 657507.5763907436 0, 235549.18900397635 657325.2034275795 0, 235377.6313430337 656971.5779207764 0, 235124.6894763411 656976.7415477352 0, 234999.6894111028 656974.1902333302 0, 234949.2255601124 656975.2278689061 0, 234752.98541449025 656874.1292543304 0, 234699.68943962926 656875.2157399415 0, 234556.2079929223 656872.2860731047 0, 234434.7602002773 656931.197146241 0, 233903.7666599357 657573.091717846 0, 233799.22568337902 657575.228008858 0, 233694.4404009357 657521.2362898899 0, 233499.6894387879 657525.215813027 0, 233424.68948950284 657523.6776854058 0, 232974.6895559329 657532.8696570584 0, 232449.68953339793 657522.1517922614 0, 232200.21434878983 657527.2421996408 0, 231905.07279814602 657375.2037273003 0, 231749.18898220692 657424.2026898669 0, 231458.0146560736 657574.2027996561 0, 231349.18894993502 657525.2037155018 0, 231246.34479462818 657472.2252183756 0, 231099.68949444432 657475.2158770177 0, 231049.68939493658 657474.1905481755 0, 230949.68949414502 657476.2291323959 0, 230613.31246013052 657469.3688866961 0, 230321.71099305144 657569.1856682091 0, 229834.11328577326 657273.4948974935 0, 229703.18073113984 657276.1681888268 0, 229466.12006810302 657120.7360181574 0, 229399.16452904994 656925.1427991936 0, 229403.25383770486 656725.203846786 0, 229259.32068505426 656792.9772536202 0, 229184.85785332083 657022.4572540163 0, 228999.68939556624 657026.2292830016 0, 228757.68505176183 657021.2975483241 0, 228600.1288456634 657075.2283870248 0, 228500.4462056617 657073.189681655 0, 228250.18996241209 657275.2039819097 0, 227999.18901150377 657424.2030236187 0, 227735.61476530996 657624.2030095567 0, 227649.18898945508 657575.2039638036 0, 227575.69042623483 657273.702513716 0, 227497.89495796862 656970.1502095634 0, 227699.26211325993 656381.82010731 0, 227753.1440085128 655995.8704293218 0, 227950.18980812863 655475.2039277707 0, 228046.85718744082 655078.6707020288 0, 228338.19023156498 654775.4480383747 0, 228474.6892923323 654772.6648408034 0, 228724.68935269007 654777.7673642089 0, 228948.98128837047 654773.1897184564 0, 229286.27372549445 655056.3318511675 0, 230021.74740341862 654966.4635497484 0, 230385.27274294908 654533.4069135503 0, 230599.18876967652 653874.2027352998 0, 230652.41138810958 653718.7217464069 0, 230795.52656442602 652839.5836391599 0, 230876.4468751101 652590.2061565814 0, 231216.98647231137 652070.7969232427 0, 231257.0377001917 650674.2027346642 0, 231050.9218857528 650610.2256988803 0, 231047.3330218337 650434.0171725111 0, 231100.27488088916 650270.8702185599 0, 231946.73479656893 649323.0918847142 0, 232125.68986354372 648975.7041667581 0, 232245.07459282342 648729.6347592624 0, 232441.22939425544 648471.1264358497 0, 232522.6868939276 648053.8290629061 0, 232599.18843367766 647974.2026674856 0, 233024.28604337334 647622.5423339782 0, 233249.18831368335 647185.9701047897 0, 233200.18930138362 646974.2026420541 0, 233123.68782565484 646825.704106994 0, 232992.70635637833 646555.721109985 0, 232749.1882881696 646375.2035779363 0, 232450.18922809613 646124.202527224 0, 232099.18819508827 645925.2036562172 0, 231863.4338243898 645746.3095145002 0, 231499.1882281091 645675.2035938534 0, 230940.7287657019 645425.2037252209 0, 230737.50613803824 645477.1933552321 0, 230355.07200040642 645674.2027348492 0, 229593.0480040606 645624.8009775402 0, 229600.2013812629 645274.703364278 0, 229589.2150032891 644736.6172668048 0, 229649.18814203035 644674.2027376383 0, 229700.1891060895 644625.2037633616 0, 229840.94833430843 644335.0548656448 0, 230000.1890207615 644125.2036774855 0, 230097.00303077867 643826.8395017734 0, 230626.36088086816 643554.1464818063 0, 231298.85847617386 643390.2061577117 0, 231303.79007557008 643148.7753858223 0, 231249.24906591812 642869.380828448 0, 231099.18800185114 642725.2037272344 0, 231003.19187428633 642625.2891374992 0, 230924.68841717095 642623.6777428677 0, 230724.68846632013 642627.7670748974 0, 230499.68845705362 642623.1773610781 0, 230219.42730561786 642628.8902419044 0, 229948.3945428255 642562.8257593575 0, 229951.2510221296 642423.2871443556 0, 229705.53559784233 642060.8116432707 0, 229637.68892400252 641596.5172459149 0, 229730.20597939487 641416.9395691324 0, 229546.3436460327 641322.2251318165 0, 229374.68838275454 641325.7286243623 0, 229224.6884430477 641322.6646298132 0, 229099.6884170952 641325.2159087954 0, 229024.6883843179 641323.6778176874 0, 228712.26164384506 641330.0621760384 0, 228475.37195609804 641215.1330265045 0, 228350.18885085953 641024.202799676 0, 228249.1879011162 640975.2037919911 0, 228055.3157640271 640875.325946983 0, 227907.5191760821 640872.3107803043 0, 227649.18784847614 640974.2029348556 0, 227267.08336203435 641171.0413347929 0, 226816.6806082947 641317.2083555404 0, 226590.84441914078 641426.7664666681 0, 226400.18888033237 641625.2040353742 0, 226298.1869850841 641723.2020019704 0, 226009.18549970648 642023.9954866376 0, 225854.8702985758 642027.1449495552 0, 225700.18893947476 641974.2030716283 0, 225449.18790963368 641925.2039850842 0, 225400.18892307839 641874.2029904331 0, 225024.5968280931 641627.9506136859 0, 225106.65248953292 641458.810012752 0, 225639.37947537305 641142.5746009713 0, 226020.69046872045 640745.6995267329 0, 226448.6262953717 640334.5545225691 0, 226693.87774628718 639829.0369689994 0, 227210.43650871585 639515.7800523811 0, 227775.99442560965 639241.3903959743 0, 228048.88259084668 639039.1075803507 0, 228053.08788194272 638833.2359950822 0, 227966.77798865453 638655.3430284316 0, 227650.18877826366 638574.2029395674 0, 227421.9355096906 638518.5632911496 0, 226727.44088435647 638280.8434793609 0, 226373.3942573547 638194.5399165142 0, 226000.18862166617 637835.9705621742 0, 226238.29897324037 637567.1595452034 0, 226452.14172415624 637422.2009161448 0, 226740.39248314052 637428.0846958819 0, 227200.1886044216 637225.2038343115 0, 227391.2408873961 637126.7785745665 0, 227798.77256919217 636994.5397781584 0, 227800.20687195586 636924.2395535397 0, 227701.76936510915 636733.1505511893 0, 227603.1853794493 636429.3665140377 0, 227525.68899729894 636348.7023525669 0, 227402.19048442013 636230.0500600055 0, 227323.6871203314 636000.7042643038 0, 227190.88067347574 635591.4270572857 0, 226790.32519119384 635294.5032572474 0, 226600.18850886 634974.2029110615 0, 226370.85497963207 634671.9690529926 0, 226199.1875076637 634275.203883137 0, 226146.868092804 634060.5798956605 0, 226049.18735710904 633775.2039182452 0, 226000.1882886796 633624.2028816015 0, 225891.24057361003 633463.4851352706 0, 225902.1658349042 632928.3045626084 0, 225850.18827137855 632874.2029661793 0, 225552.76397709403 632679.2077786064 0, 225458.232793116 632495.6995479517 0, 225183.8552710806 631873.8734013041 0, 224995.67768317668 631596.2611056076 0, 225001.11596895615 631329.659465521 0, 224929.08830672214 630907.3817951309 0, 225049.18721235343 630724.2030279115 0, 225296.25139698302 630418.1360652368 0, 225304.21639912052 630027.791876991 0, 225200.18811258045 629974.2028966133 0, 224947.6062961887 629851.6688629168 0, 224952.1839089215 629627.3035871336 0, 224654.32627839237 629621.2244215714 0, 224599.18715851736 629674.2029447322 0, 224503.6122351994 629871.2000859623 0, 224348.3936486684 629976.4246300025 0, 224199.687667002 629821.6395884771 0, 224026.68953884376 630001.7054873841 0, 223750.18811427132 630267.3548589814 0, 223804.71692866684 630776.8765001765 0, 223946.33679913747 630924.2762430804 0, 224100.18814368552 630974.202987168 0, 224149.65718162415 631227.6211124975 0, 224299.18723620518 631371.2855114038 0, 224153.50853855163 631524.2030971275 0, 223999.16896689698 631325.1796301397 0, 224003.16669176717 631129.3422197336 0, 223903.11174605112 631025.2040549136 0, 223800.27365486362 631118.6609965549 0, 223750.18820267488 631375.204043843 0, 223699.18730361018 631524.203072189 0, 223644.31664599376 631805.2821828031 0, 223399.18726199333 631924.2030390842 0, 223264.78784841744 631993.4413834413 0, 223099.1872992956 631775.2041545018 0, 222950.1882668188 631524.2030841605 0, 222845.51294497465 631473.4219275992 0, 222710.43602737805 631332.8213729538 0, 222542.47946843703 631218.9785199245 0, 222155.54092367156 631031.2587818494 0, 221902.7149573771 630698.067933419 0, 221888.45714996112 629999.3863787423 0, 221949.18707139092 629874.2032007419 0, 222131.69437714378 629519.9184991398 0, 222262.3035206909 628850.8755145789 0, 222731.77371141565 628532.6503941921 0, 222956.29762474372 628423.7270169802 0, 222943.27875999204 627785.6777473988 0, 223013.78656565043 627648.8002654841 0, 223111.78462878626 627046.7983009233 0, 223248.82685692885 626780.7826249852 0, 223300.4381238626 626569.0883259182 0, 223581.69419431745 626298.8491330604 0, 223819.4627235777 625696.029203817 0, 224144.4383526733 625475.7411551534 0, 224391.60016801857 625395.5408803119 0, 224749.1868731879 625124.2030105232 0, 225062.937974186 624937.9480496695 0, 225260.02663530814 624605.9534288583 0, 225766.685480491 624119.1491927211 0, 225866.4291936588 623827.7551267544 0, 225609.61149203265 623436.0558699641 0, 225525.6881391392 623348.7024254331 0, 225300.18768486116 623132.0520227066 0, 225373.67394499585 622895.3210696022 0, 225599.18665378826 622724.2028704353 0, 225700.18761180135 622675.2039443586 0, 225891.99671888014 622576.3878936017 0, 226024.68714071755 622573.6779696309 0, 226174.6871969102 622576.7419838572 0, 226346.42790116183 622573.2385743614 0, 226549.25988607525 622625.228173918 0, 226511.86360080665 622296.8712832141 0, 226407.67058889134 622094.6129660067 0, 226337.95616378964 621524.1051690021 0, 226061.54011485234 621175.4601466084 0, 225649.68707146135 621167.0494988523 0, 225224.68711444834 621175.7288137187 0, 225006.41928402672 621171.2732923398 0, 224630.98594076693 621323.5559722122 0, 224524.68701160714 621325.7288175604 0, 224399.68705173733 621323.1775690845 0, 224274.68704149104 621325.7288697421 0, 224199.22317628373 621324.1786181724 0, 223995.35969277326 621429.2078840259 0, 223615.56238661878 621421.4564597418 0, 223337.65702589345 621489.2055519809 0, 223207.8108511115 621613.961317699 0, 223099.18656544882 621774.203129052 0, 223035.8442996565 621969.3934886458 0, 222514.90319945605 622054.2080232635 0, 222299.18661711726 622124.2030769091 0, 221839.24397908596 622330.0991110888 0, 221524.68707095156 622323.6783215515 0, 221050.376759 622333.3584984528 0, 221047.38000501753 622186.7154532837 0, 221111.43630642103 621923.9591582962 0, 221300.18755134198 621675.2041436073 0, 221389.39036853155 621400.3017981206 0, 221708.2136588733 621184.1885699445 0, 222000.97487330055 621112.8261425968 0, 221996.22025102752 620879.9526812094 0, 222050.20582515516 620775.1674603585 0, 222048.47245914917 620690.170023045 0, 222618.5041031067 620525.2040448354 0, 222999.13766668527 620605.7094664763 0, 223292.1858681232 620804.3544379661 0, 223781.3337018852 620971.7737929273 0, 224144.0107522287 620979.1834504259 0, 224441.2763447972 620693.5634072715 0, 224544.1877658252 620481.4538925667 0, 224599.18652041905 620424.2029434603 0, 224994.44405391737 620131.1975741617 0, 225100.18745777418 619975.2038731184 0, 225198.18545032394 619773.201992592 0, 225351.18838471474 619476.2048693397 0, 225541.18476022495 619084.566610356 0, 225599.18641831045 619024.2028244433 0, 225699.10706295742 618928.2067867452 0, 225700.2057419307 618874.2883266291 0, 225623.4295858825 618499.4469839543 0, 225749.18636878993 618132.0519765717 0, 225663.163380617 618030.501614012 0, 225359.55623742496 617883.1995204744 0, 225291.16029404482 617817.489028147 0, 225305.3691507175 617121.3342289662 0, 225049.1863469661 616875.2039485427 0, 225000.1873067812 616824.2029181735 0, 224899.18630436977 616775.2038197989 0, 224740.51921435303 616610.0549968103 0, 224550.18722134296 616675.2039481633 0, 224249.18625462955 616724.2028882713 0, 224000.18723162857 616825.2040212792 0, 223704.3498938813 616921.2000942628 0, 223619.92603935007 617002.3157922057 0, 223299.1862758592 617374.2030675842 0, 223143.9800892455 617767.7088588197 0, 222850.43750911506 618137.9481317021 0, 222556.66934315598 618355.7216689473 0, 222402.18939659756 618674.1420205726 0, 221904.55142503 618684.2984231928 0, 221700.1872890811 618211.9473206433 0, 221768.75415577213 617949.227541389 0, 221948.5393179465 617506.0024170537 0, 221952.2380368895 617324.7036036549 0, 221940.50097251893 616749.581547315 0, 222048.4049878368 616434.3349726337 0, 222132.88365234734 616001.5956552917 0, 222249.18622210922 615824.2031389049 0, 223294.65122699595 615268.7586579499 0, 223948.86264896314 614640.2063040645 0, 223951.72522592917 614499.7034794234 0, 223947.6480144547 614299.7034666287 0, 223950.70591947818 614149.7034302094 0, 223943.12528056727 613778.0726348578 0, 224199.18609164463 613674.202893902 0, 224550.1869999771 613575.2039081762 0, 224699.18602656832 613524.202895107 0, 224850.18702018406 613475.2038161624 0, 224899.18602146738 613424.2028658789 0, 225298.47190760958 613359.2004362174 0, 225303.2205242312 613126.5832636508 0, 225150.13209798312 613074.1785272632 0, 225054.18486570116 613076.1438521905 0, 224948.1545505424 613024.703384392 0, 225063.45602621615 612968.7707298347 0, 224850.18699909683 612824.2029494663 0, 224699.18600277972 612775.2038824201 0, 224650.18703063516 612674.202927169 0, 224443.17402591583 612368.8073853668 0, 224451.1756444482 611976.7175298438 0, 224250.18695302642 611824.2029945963 0, 223951.20618027303 611727.1814326905 0, 223899.18593145147 611575.2039182174 0, 223843.8818859245 611066.182965601 0, 223698.1238624839 610926.1438673004 0, 223700.20515150746 610824.2639760843 0, 223639.56676439583 610647.0911586321 0, 223699.18585731764 610524.2029177943 0, 223929.46543664532 610412.4842335542 0, 224000.1867972735 610275.203913709 0, 224049.18585989642 610074.202948555 0, 224149.18580402745 609880.086687682 0, 224100.18679308728 609674.2029017342 0, 224000.1867417245 609480.0867537921 0, 224191.7517312328 609275.203878337 0, 224375.00976556411 609527.0226471465 0, 224279.89255136193 609711.6540785577 0, 224354.71557785952 609942.232703415 0, 224600.18675933164 610124.2028293505 0, 224696.2622231793 610224.2029352136 0, 224850.18688004508 610175.2038779515 0, 224899.1858043733 610124.2028370334 0, 225089.07842541867 609999.7032850481 0, 224998.97828361017 609824.8010527544 0, 225057.6574716275 609653.3654151317 0, 224979.53853765503 609348.5436957853 0, 225200.18682820705 609075.2038453964 0, 225273.68532210944 608923.7023636441 0, 225743.85122794495 608738.2653353694 0, 225818.63153010208 608584.1149540754 0, 226000.18675514395 608525.203743404 0, 226149.1857439588 608474.2028030491 0, 226400.43696429252 608412.9479402227 0, 226665.76283792502 608211.6172566493 0, 227050.18674447478 608274.2027380436 0, 227149.1857586631 608325.203619358 0, 227363.8280453142 608394.8569829394 0, 227649.18578582743 608625.2037087119 0, 227758.89035283847 608678.4263428447 0, 228193.527824559 608973.0429830288 0, 228385.08669658776 608976.9614297868 0, 228650.18675061266 608925.2036401072 0, 228903.79998941824 608838.3993933102 0, 229724.68632683798 608821.6390439023 0, 229999.6862726431 608827.2543226248 0, 230199.68630052378 608823.177156406 0, 230348.69751679426 608826.2167347822 0, 230530.13060323164 608703.230830857 0, 231148.6120591917 608552.449567864 0, 231152.16431056557 608378.3040167548 0, 231003.05544459596 608223.1038257383 0, 230899.27126696348 608225.2156541889 0, 230650.18671547933 608174.2025212513 0, 230000.1867438923 608057.4178778568 0, 230099.18574332344 607974.202469892 0, 230600.18678864156 607925.2035037834 0, 230699.18569498914 607874.2024637152 0, 231050.1867645363 607825.2034012795 0, 231280.6188742081 607585.3718770947 0, 232029.0684952678 607475.996845409 0, 232298.85611893825 607658.8702765815 0, 232500.1867587069 607724.2023874043 0, 232693.60712702002 607823.8361720444 0, 232905.30145843196 607875.4473990411 0, 233171.6833014057 608152.7057120845 0, 233584.17115024637 608549.0192206714 0, 233410.5261412264 608906.941629032 0, 233049.18578317834 609024.2023209829 0, 232760.44070020516 609172.9571919267 0, 232449.21024230728 609179.3048888221 0, 232158.18245286428 608876.4119183726 0, 231915.55542462258 608871.4558655538 0, 231696.6222748204 608924.824964037 0, 231553.8610942996 609073.4212325542 0, 231449.1858367779 609124.2025085774 0, 231250.18676565282 609275.2034783552 0, 231000.1867593569 609396.4925815727 0, 231075.06473460884 609746.0164194892 0, 231199.18591543322 609875.2035067102 0, 231266.26350608928 609939.6443770069 0, 231050.68733598018 610050.7038920309 0, 230823.44127635725 610160.9578492736 0, 230554.65466757305 610570.906560037 0, 230400.18690116671 610719.319789351 0, 230481.85196129506 610812.4594157017 0, 231050.18695450522 610874.2024834107 0, 231365.32361896435 610927.950080026 0, 231793.60734205358 610919.2097952301 0, 232063.76119844874 611124.202363742 0, 232235.22106830726 611062.6179452327 0, 232730.0087632321 610777.6570179395 0, 232949.686495003 610773.1770029604 0, 233074.6864693841 610775.7282363938 0, 233243.16782800434 610772.2857657929 0, 233449.18599739223 610872.2369880577 0, 233398.46579323584 610978.8165943997 0, 233250.18687605215 611121.2847824642 0, 233308.56099866392 611245.0884778161 0, 233579.19088959708 611445.6988946341 0, 233700.18695152013 611624.2023678868 0, 233749.18606382277 611725.2033128235 0, 233942.44772250933 612100.3619722987 0, 234074.2959021537 612506.6484983725 0, 234320.58498484665 612673.6040787628 0, 234691.01953331387 612681.160203993 0, 235217.69192011366 612232.502970077 0, 235457.47455663668 611809.578264958 0, 235652.054706213 611876.1797211756 0, 235986.0635210406 611869.3681703535 0, 236149.18603518585 611925.2031966485 0, 236395.04779529365 612004.9882188687 0, 236450.18706615848 612274.2021991821 0, 236503.00697290685 613407.0756637111 0, 236650.2115498523 613624.2265263146 0, 236647.26961958595 613768.1841351163 0, 236734.2325648559 613947.456512443 0, 237049.1862390799 614075.2031422411 0, 237271.15880840807 614147.2367149491 0, 237435.46557744168 614627.2782713461 0, 237343.41231943548 615380.6595713148 0, 237033.95192604756 616057.5394573027 0, 237350.1872610645 616424.2020848956 0, 237445.60969519403 616718.2572548856 0, 237525.68782796335 616873.7016035808 0, 237648.185334186 617126.2040226654 0, 237865.8490121666 617548.7259567864 0, 237791.7157590223 617910.6889257828 0, 237883.37833543812 618088.6184964032 0, 237705.19227989967 618274.0799478781 0, 237649.68693909203 618275.2152718672 0, 237599.68692643536 618274.1899508333 0, 237315.32415240107 618280.0003827446 0, 236694.90178370048 618224.8247096533 0, 236456.18104334778 617976.3628401961 0, 235971.74505254847 617966.4751794419 0, 235690.36078356937 618062.800773175 0, 235457.3163542311 617838.8995683345 0, 235300.18735177713 617574.2021930981 0, 235000.18730208607 617216.8291938014 0, 235049.18637781535 617174.2021780682 0, 235199.18639881114 617101.4361093971 0, 235100.18733447682 616924.2022608143 0, 234950.1873773665 616851.4360711192 0, 235002.372370883 616769.1851947289 0, 235199.18626302204 616580.0860743066 0, 235150.1872683631 616374.2022924906 0, 235049.02754938326 616024.666117604 0, 235125.68772497392 615800.7036506159 0, 235201.76195658042 615566.2553801596 0, 235300.1872506847 615375.2031988555 0, 235349.18625039826 615174.2022044676 0, 235400.18724302202 615075.2032838609 0, 235449.18620422515 614924.2021994081 0, 235626.4689268762 614690.5596127103 0, 235717.52113432813 614424.5438984234 0, 235160.02602475078 613956.5508901726 0, 234808.01182920695 613775.203262803 0, 234115.47037464098 613879.2681649267 0, 233900.18716135639 614025.2033741642 0, 233691.50790504162 614076.0700006029 0, 233498.24629852225 614277.2296482216 0, 233349.68663552043 614274.1901624392 0, 233187.94351711118 614277.4982708956 0, 232963.85895641937 613975.2033500915 0, 232808.45125497287 614092.940145644 0, 232749.18618411565 614324.2023181668 0, 232690.26287516102 614626.045721516 0, 232599.68664972924 614624.1901630404 0, 232501.24921006864 614626.2043497242 0, 232499.17400536954 614524.7029211071 0, 232505.2897452996 614225.2033720828 0, 232399.16175113173 614274.2146656316 0, 232408.34143108543 614724.0193119188 0, 232301.24921242733 614726.2043723697 0, 232296.70822729907 614503.6824108139 0, 232349.1860907162 614074.2023697261 0, 232400.21151549366 613975.1667559927 0, 232398.6612301699 613899.7028853394 0, 232402.20122701622 613726.4240975389 0, 232150.18709499927 613624.2024283193 0, 231899.18610783177 613575.2034426498 0, 231800.18708823365 613524.2023982004 0, 231464.65243414367 613469.5759874565 0, 231208.75644141014 613296.1262618017 0, 230900.18709693168 613375.2035012607 0, 230433.73202922678 613477.5961075465 0, 230245.1333997433 613732.0150659817 0, 230072.68467638915 613897.7011140332 0, 229925.68765522435 614050.7040283065 0, 229849.18615359112 614124.2026359318 0, 229758.4146963215 614218.672751894 0, 229452.9458804598 614460.8604004391 0, 229350.18713881826 614825.2036221644 0, 229291.03193246524 615450.9847829883 0, 229399.18630962938 615725.2035939612 0, 229475.68777314672 615873.7021617476 0, 229597.56273569705 616124.910589064 0, 230204.15453384718 616233.8948852106 0, 230350.18724434028 616374.2025951102 0, 230446.68386008902 616966.9881534629 0, 230546.1834605082 617172.0785347607 0, 230699.68678658397 617175.2158179467 0, 230774.68683586208 617173.6776046605 0, 230944.49884196854 617177.1443893656 0, 231102.0550393174 617123.2260295363 0, 231200.10192746905 617125.2156785864 0, 231449.2718538536 617074.1902648316 0, 231926.10284111594 617083.9192102044 0, 232150.1873363926 616975.2034648154 0, 232249.18634474647 616924.2024315975 0, 232544.8407045728 616780.7698354241 0, 232646.76932568807 616674.6785468567 0, 232936.24690950094 616618.1599039307 0, 233046.79374957219 616277.5104968931 0, 233452.44556093932 616002.5226678199 0, 233681.5593479098 616113.6798024912 0, 233918.03401393897 616503.6212774065 0, 234002.37237600284 616832.7228281437 0, 233723.6859044026 617373.7018445187 0, 233650.18739078142 617525.2033198717 0, 233587.61411205423 617646.6755015703 0, 233720.7317988488 617974.8615540157 0, 233637.6874214283 618380.3425324379 0, 233749.18648637529 618815.4011083808 0, 233688.5420305889 619260.7380783157 0, 233408.13430658253 619356.7096957171 0, 232534.24515590532 619434.4196477189 0, 232244.51122582372 619574.9836578335 0, 232100.18753605342 619725.2034153563 0, 231913.41985507493 619815.8162704449 0, 231850.18754612567 620075.2034781307 0, 231782.93892777181 620271.6878071475 0, 232484.50147805316 620374.2024469373 0, 232832.2309846143 620295.198603568 0, 233050.18746934074 620025.2033362737 0, 233130.05814151888 619860.5671963757 0, 233299.61374380483 619975.4963685671 0, 233412.8095145679 619917.1833252505 0, 233549.18651325547 620125.2033087328 0, 233694.66996784255 620339.8152023507 0, 233790.80039959 621091.9025744679 0, 233636.55236636053 621567.2077360068 0, 233500.1876473808 621775.2032891986 0, 233399.1866634839 621924.2024310613 0, 233247.4776572342 622179.7687979579 0, 233047.18474200912 622372.2004530631 0, 232853.86204345786 622573.4211691259 0, 232700.18768065743 622647.9694753054 0, 232749.1866988199 622925.2034243903 0, 232901.2863512804 623071.3337766649 0, 232899.17459643027 623174.7029315929 0, 232900.24879912226 623227.2664241898 0, 232747.2824498962 623224.1414462696 0, 232625.68817176248 623350.7038548604 0, 232457.92700604963 623511.8855636088 0, 232095.14629538445 624023.2625119537 0, 231974.68727038623 624025.7283784796 0, 231607.45090427165 624018.2332526069 0, 231500.18778344945 624121.2850482981 0, 231595.29284096367 624614.1073547981 0, 231649.1868345142 624725.2035050985 0, 231701.1887675336 624826.143431514 0, 231694.42613142222 625157.3689821897 0, 231950.21227742062 625474.226910996 0, 231948.24692390085 625570.210777649 0, 232079.91205284325 625841.5975311706 0, 232347.14837143067 625971.2484589892 0, 232400.1879295954 626074.2024983985 0, 232543.54731419153 626369.6981262697 0, 232699.18702105898 626475.2034083512 0, 232871.80659010884 626558.9436527297 0, 233152.2265354587 626725.4108644929 0, 233149.1748480617 626875.1178936538 0, 233228.129843682 627260.6283108173 0, 233028.31299669086 627722.4568475989 0, 232940.37370193686 628669.1487360722 0, 233049.22378232176 628725.2277904083 0, 233099.6876215673 628724.1903249804 0, 233468.36439134344 628731.7220566805 0, 233700.18812316426 628675.2034019465 0, 233888.48150045171 628578.2063024512 0, 234099.58994329284 628524.1048097201 0, 234479.88776354582 628588.9728682837 0, 234656.8897433893 628468.9777453198 0, 234949.18711577967 628327.1687077987 0, 234881.2793419813 628115.1813324058 0, 234551.33552635426 627680.3547054343 0, 234549.1626144622 627574.2267959092 0, 234692.02156480795 627363.4846113233 0, 234555.19279845423 627081.4534054726 0, 234370.62255259475 626889.3512881137 0, 234055.43699861114 626655.7087516497 0, 233899.18694440174 626425.2034234196 0, 233850.18797957324 626324.2024023094 0, 233754.14298517417 626137.7521988201 0, 233650.18787030384 625874.2024813651 0, 233488.12728950317 625474.6663236931 0, 233387.2361648371 624957.832770836 0, 233249.18682295308 624825.2033929952 0, 233200.18788240544 624574.202449141 0, 233100.35866308544 624282.5397730164 0, 233098.1614150171 624174.7029282127 0, 233200.18779638188 624125.2033891332 0, 233253.58131503008 624069.62477475 0, 233700.18780807266 624124.2024036638 0, 233960.11213871345 624334.0168341079 0, 234250.18786591882 624524.2023144593 0, 234399.18678545626 624625.2033669984 0, 234694.1819289878 624818.6114057209 0, 234996.09849441616 625216.499701765 0, 235300.18788066035 626074.2022901134 0, 235349.18701512678 626225.2033133786 0, 235452.49514100596 626479.8785430329 0, 235596.78231097828 627219.0142868953 0, 235699.1871098673 627375.2032523105 0, 236000.18806924458 627724.2023134159 0, 236249.18710342335 628175.203197893 0, 236430.22967346603 628442.2808599517 0, 236678.89903580886 628874.0557075222 0, 236962.34639166098 629541.7680885331 0, 237151.189129371 629723.2011787931 0, 237377.70283534218 629958.955626881 0, 237679.5583329965 630163.5820836632 0, 237888.48166998857 630271.1992316184 0, 238099.18725639678 630325.2030642503 0, 238400.18822552572 630374.2020506301 0, 238910.6619207571 630505.0247906033 0, 239974.68775831713 630526.7410704487 0, 240124.68774551552 630523.6771679503 0, 240780.11989505886 630537.0559360788 0, 241094.06040110294 630375.3249557541 0, 241149.68774388704 630374.1897756526 0, 241246.42848753787 630376.1672682149 0, 241635.21021088376 630276.5335197098 0, 241801.01833184002 630273.1398842956 0, 242242.33919991137 630424.2018560254 0, 242380.40066736203 630361.4699043425 0, 242499.1871936803 629874.2017885649 0, 242629.33862706408 629682.1974168075 0, 242708.3790990275 629451.2770733667 0, 242549.18717936586 628925.202827978 0, 242500.1881208254 628524.2018474559 0, 242449.187088277 628375.2028273395 0, 242391.81398229432 627495.80827082 0, 242299.18709872413 627225.2028884282 0, 242200.18797080664 626674.2018006563 0, 242079.31396602135 626376.2161014568 0, 241900.1879093931 625824.20180399 0, 241799.32122632745 625529.5241614035 0, 241750.18782143286 623974.20192077 0, 241648.18584902896 623476.2038207541 0, 241548.405555245 622965.071067171 0, 241449.1868506085 622675.2027839876 0, 241353.19058357226 622379.3654133833 0, 241226.68914153948 622247.7004690693 0, 241054.24038154128 622082.0143512733 0, 240792.5949425397 621729.060252089 0, 240334.367401395 621457.0388117032 0, 240119.85312674398 621250.935443922 0, 240001.61581448233 620789.5827823712 0, 239946.6596934079 620198.005625606 0, 239956.09575766372 619735.676516294 0, 239848.18558258563 619526.203937402 0, 239717.52151854604 619256.8679993664 0, 238967.2772925665 618213.7039477826 0, 238799.18643212967 617825.2030189683 0, 238677.77522415016 617272.1024019861 0, 238360.33135709268 616720.9183603324 0, 238296.8670638559 616460.5789483176 0, 238100.02864080833 615885.4935404287 0, 238050.18718214543 615274.2021153569 0, 237961.1735259566 615014.1313122927 0, 237649.7232643161 613881.794773769 0, 237596.78130348754 613232.5028779542 0, 237350.18702684174 612724.202063553 0, 237253.1899538922 612535.908611572 0, 237148.18505527862 612126.2039806269 0, 237025.6874142921 611498.7016307231 0, 236949.18598864626 611275.2031352412 0, 236852.1644759942 610976.2285260516 0, 236597.48919240374 610889.0458871274 0, 236099.1860015492 611074.202186116 0, 235901.18793618528 611176.2041017523 0, 235695.51166333177 611275.9844210389 0, 235453.78812674346 611527.5712905242 0, 235186.42957043537 611389.8394254228 0, 234530.39935977498 611261.7754642557 0, 234350.18686295656 611074.2023579523 0, 234177.99453867238 610961.3116585324 0, 233950.18692846576 610724.2022100411 0, 233899.1859688835 610675.203244092 0, 233850.18695989356 610574.2022573098 0, 233750.18689045717 610380.0861715098 0, 233800.29673058505 609709.334221343 0, 234000.1868832421 609774.2022256941 0, 234194.3030596934 609874.2023164567 0, 234450.1869272 609825.2032692272 0, 235021.80548734614 609629.5489271547 0, 235453.25077930948 609545.3203033466 0, 235976.82251617056 609157.1977038392 0, 236148.58774275513 608903.8042093399 0, 236153.12873140845 608681.2089284407 0, 235856.63208698336 608228.9750718233 0, 235551.79807961042 608003.0107235389 0, 235537.19846227052 607287.8252399456 0, 236031.47330740822 606725.972219318 0, 236111.22175117678 606492.9643540031 0, 236000.18653829035 605924.2021231957 0, 235922.25697627335 605543.7211871402 0, 235961.64886629995 603613.6063469118 0, 235855.37439914333 603286.1283537078 0, 235650.1863645397 602924.20215598 0, 235502.98186028274 602707.0391341094 0, 235431.99792176453 601873.3232271723 0, 235600.18626454516 601625.2031756565 0, 235673.68484716778 601473.7017015901 0, 235848.33075779775 601134.6756863798 0, 235925.46697423854 600739.5707978915 0, 236199.18526342852 599939.8881426173 0, 236147.14657144435 598967.3051060347 0, 235500.18609255386 598424.2143293121 0, 235300.80866823395 598293.4770122669 0, 235239.35838059263 597602.4369596655 0, 234904.28765111533 597375.312985225 0, 234605.92338918918 597369.2095347448 0, 234110.1348111325 597624.6295301662 0, 233515.5181495664 597817.5738849445 0, 233129.38531865986 597974.2145458427 0, 232749.18509603746 597875.1911026114 0, 232400.1860429425 597774.2145708613 0, 232000.6377194407 597696.2115759334 0, 231988.2841689304 597091.2555395953 0, 232174.44137485282 596840.132481531 0, 232543.24010458626 596485.811155959 0, 232659.6097363182 596308.2965422459 0, 232850.18594832145 596125.1909746772 0, 233104.22645714277 595677.1197322095 0, 233340.78649700354 595430.9038606269 0, 233635.92808684657 595251.9243805209 0, 234159.7683802654 594997.7740076848 0, 234499.18486836983 594338.9116514133 0, 234434.54865675973 593857.8081764019 0, 234082.96160572133 593383.5161656652 0, 233660.70823348325 593669.746554395 0, 233000.18581834482 593925.1910023359 0, 232649.18482365916 593974.2145212297 0, 232062.90558612524 594074.2144660526 0, 231251.06465105407 593947.4078950622 0, 230900.18576487323 593777.1687100383 0, 230964.56565675698 593182.0759120056 0, 231258.58408282363 592733.6140181336 0, 231547.04855407978 592544.478154819 0, 231623.68423347367 592073.7018112649 0, 231700.18569108157 591925.1911341186 0, 231753.59139915952 591106.7584808557 0, 232372.7198111207 590755.7330479482 0, 232695.1562988323 590371.626570455 0, 232706.99709214782 589791.3042661294 0, 232603.3105161028 589577.5836366361 0, 232166.43305620266 589325.9723084733 0, 231699.18453554728 589275.1910171406 0, 231350.18549813324 589124.2144639833 0, 230768.32504060288 588877.1930696747 0, 230650.1854252169 588532.0514426584 0, 230721.9505707583 588007.9304692894 0, 230950.18534826196 587725.1910958987 0, 231104.23805023677 587517.3785863679 0, 231350.4051030228 587280.8795860651 0, 231499.1843768957 586974.2144769921 0, 231600.185395882 586825.1910562043 0, 231699.18444280667 586674.2145730667 0, 231899.1844101448 586410.6158731802 0, 231717.50708382856 586275.5817258287 0, 231522.35331103342 586271.602175483 0, 231199.1843745553 586324.2145224967 0, 230750.18531121247 586525.1911554087 0, 230549.18431178897 586574.2146012676 0, 230301.34495750032 586742.2078307135 0, 229619.38701883005 587018.8191129318 0, 229250.18527256732 586924.2146314672 0, 229049.18434503014 586875.1912363279 0, 228900.18528510616 586824.214753882 0, 228389.28438767683 586761.7635248823 0, 228001.58301382372 586389.2781893506 0, 227942.47647308235 585752.9744548032 0, 227951.13129712464 585328.7313651025 0, 227590.2974639503 584675.1668374973 0, 227012.49596103397 584377.5107083385 0, 226610.12163796966 584369.3075651944 0, 226211.6781419866 584605.8310806596 0, 226096.21792372776 584829.952167256 0, 226103.2247414686 585173.1651084614 0, 225849.68466038865 585238.1553297807 0, 225585.35976327615 585170.4062314405 0, 225300.22793989052 585176.2169060305 0, 225298.39685952297 585086.5928862747 0, 225649.18418005193 585001.0704080402 0, 225600.18515262628 584824.2148445812 0, 225549.18417907314 584775.1914918701 0, 225452.7425561772 584674.8252898202 0, 225249.18424959833 584625.1914340069 0, 225100.1851442763 584574.2149618168 0, 224804.34773074542 584478.1944073983 0, 224700.185134078 584378.1212199025 0, 224749.18413262363 584324.2150394063 0, 224800.70396164933 584274.7032800365 0, 224700.26441373434 584178.1944089885 0, 224699.1718787293 584124.7032713718 0, 224700.97855625802 584036.2267363181 0, 224650.18508148167 583724.21490275 0, 224491.23733792032 583672.6280141693 0, 224250.68558131537 583548.7022799635 0, 224010.55487822162 583432.198402925 0, 223850.98457647744 583278.902444298 0, 223773.68356201058 582825.7042172924 0, 223700.18503068868 582224.2149127695 0, 223633.66281315754 582095.0890025225 0, 224118.86175873803 582012.3252769363 0, 224579.93960785845 582079.708126556 0, 225069.42936367026 582069.6983296097 0, 225704.56732088694 582162.5205413891 0, 226049.18404163708 582074.2148216164 0, 226651.18599404852 581976.1923116515 0, 227536.45812828199 581825.191309372 0, 227988.63717318967 581895.8211642575 0, 228246.18725919744 582020.7723712887 0, 228375.42912363273 582211.4461472053 0, 228533.4248278063 582612.0321081688 0, 228650.18507923535 582724.2146318135 0, 228854.92140089456 582982.4421954817 0, 229300.68558257102 583198.7019183787 0, 229737.92931076334 583423.9461256522 0, 230024.6845769996 583429.8053930657 0, 230349.68461852593 583423.1646825933 0, 230746.76712112196 583431.2702484664 0, 230800.18513374825 583275.1911590789 0, 230865.51718508446 583007.197920344 0, 231046.38862267294 582561.2994767034 0, 231051.21037430843 582324.7028251918 0, 231038.20986342357 581687.666703411 0, 231146.26655178829 581575.1910562087 0, 231250.18502356843 581774.2144620697 0, 231379.982366834 582174.2144634295 0, 231699.15958665716 581525.7037522907 0, 231703.07799714355 581333.2476452515 0, 231602.15030220916 581125.1909472992 0, 231449.18398597534 581174.2145608653 0, 231119.71621864004 581424.2144872758 0, 230950.85632372493 581306.8805272746 0, 230944.2644940307 580984.2242556514 0, 231139.6746657126 580686.1773215057 0, 231387.92917277932 580848.9458551538 0, 231497.2186412946 581074.2144973935 0, 231700.1849521174 581025.19101542 0, 232037.14782223458 580938.8384751327 0, 232300.18498639652 581024.2144167119 0, 232494.30114713815 581124.2144654854 0, 232749.1839860399 580900.7036486544 0, 232627.3334272464 580375.776855655 0, 232465.871001802 580372.4810295888 0, 232235.28015919751 580724.2143897514 0, 232019.66738747916 580667.4273476498 0, 231927.18689508134 580476.8023141312 0, 231574.6844196378 580469.6001866215 0, 231102.7728499878 580479.2193744713 0, 231000.1849439465 580280.0737802237 0, 231058.54669045404 579796.6509441634 0, 231203.02904274946 579722.2126082177 0, 231827.0280884415 579734.9566271387 0, 231961.20783260892 579669.86870353 0, 232244.3010198063 579375.1910139077 0, 232508.38801864424 579438.0572673003 0, 232635.46318134348 579699.9956865537 0, 232862.48953417127 579317.549433171 0, 233438.12438680755 579090.5229870168 0, 233633.05837031265 578802.9496031918 0, 233710.41428674632 578425.2641132978 0, 233694.31311459874 577636.2260345209 0, 233800.18473910258 577375.1908632854 0, 233849.18374938564 577074.2142330742 0, 233900.1847401421 576975.1908496447 0, 233949.1837181155 576874.2143680612 0, 234086.18329830148 576608.2719290885 0, 234249.01277007672 576132.5394350488 0, 234250.7095976132 576049.7025815701 0, 234249.17139126145 575974.7025280468 0, 234250.1968869111 575924.7025928702 0, 234249.17147073516 575874.2875590174 0, 234320.06987714308 575528.1449454739 0, 234196.44925697154 575214.741613606 0, 233762.18401158022 574797.5052806677 0, 233551.68596023103 574388.8870851389 0, 233499.1834866892 573875.1908755272 0, 233440.26018971764 573032.2464953575 0, 233089.33237502162 572765.9622929231 0, 232562.5745915628 572510.4204507959 0, 232454.1882449493 572193.7211670885 0, 232350.18434615518 571685.9575163078 0, 232407.27666159623 571497.4808841441 0, 232599.18333019616 571174.2144108741 0, 232749.18331598627 570952.9252518842 0, 232697.27900113093 570286.9340327594 0, 232500.18416822114 569605.8794014038 0, 232694.06844708687 568689.131318674 0, 232761.9761919519 568490.7425662152 0, 232674.74464687856 568043.8677456765 0, 232200.46482566284 567588.2036143069 0, 232197.70607054708 567453.0229267078 0, 232249.5004842029 566870.6498180546 0, 232350.1840547913 566675.1909796428 0, 232449.18303464307 566424.2143367651 0, 232602.14930433323 566070.649826007 0, 232594.55652674913 565698.3109730752 0, 232696.07014314295 565281.8802623893 0, 232849.18290983277 564904.3899877107 0, 232728.80930439234 563970.3813083166 0, 232596.70485699875 563768.9164224679 0, 232159.5100465889 563348.8481024862 0, 231958.13058857433 562816.7436015081 0, 231878.84581040285 562006.0745983191 0, 231722.98643993176 561843.8432363655 0, 232695.09672410114 561052.3828295316 0, 234020.7001831983 561179.7191785465 0, 235932.74025474538 559438.109648827 0, 235997.4495854239 559505.8944477766 0, 236069.25438894826 559588.0021263105 0, 236137.4092595894 559673.163779596 0, 236201.7846194663 559761.2173016537 0, 236262.2578619218 559851.99491473 0, 236318.71386436795 559945.3240681695 0, 236371.0451602352 560041.0268410741 0, 236419.152193441 560138.9213392292 0, 236462.94331874713 560238.820997799 0, 236502.3351422579 560340.5356791357 0, 236537.25277748238 560443.8718732395 0, 236559.86528453598 560521.8551567979 0, 236567.62975848326 560548.6326979927 0, 236593.40820876788 560654.6188970248 0, 236614.53901177525 560761.6287406635 0, 236630.9819806849 560869.4583256112 0, 236642.70594128713 560977.9025725045 0, 236649.6883879063 561086.7550261831 0, 236651.91608158132 561195.8083552769 0, 236651.39691917313 561243.3980973965 0, 236648.05531733617 561406.9463631987 0, 236702.26104837545 561831.0007771679 0, 236697.66406532092 561824.7620088584 0, 236663.91817678505 561778.9643835581 0, 236579.25587483044 561784.2550381707 0, 236637.46056311642 561842.4607552383 0, 236656.52420272664 561866.2908963616 0, 236700.95685781862 561921.83140058 0, 236719.93546121274 561969.2766624852 0, 236720.58058902374 561974.3239101201 0, 236663.91793246148 561958.8702781486 0, 236605.8812405409 561917.4149842277 0, 236589.83820257662 561905.9571322597 0, 236531.63348723433 561911.2478544839 0, 236558.0898954044 561964.161719721 0, 236558.9704880612 561964.7710862156 0, 236626.87789048412 562011.7841311295 0, 236690.37421850034 562080.5713715833 0, 236600.42126726574 562122.9018691722 0, 236330.56134232285 562260.4767254114 0, 236207.37556627765 562319.7000564663 0, 236114.57495918512 562364.3159481724 0, 236111.17139369948 562365.9522262684 0, 236096.44888199284 562373.0305542751 0, 234819.58739656938 567471.8779409629 0, 234838.39291641448 567488.3325345446 0, 234875.43280983536 567541.2467145092 0, 234917.76324856095 567668.2384998183 0, 234928.34555021068 567758.1925272798 0, 234880.72319153263 567821.6877591554 0, 234854.26651520433 567890.4759278104 0, 234827.81001177803 567959.2629713451 0, 234774.89495601325 567985.7204870776 0, 234774.89489953325 568038.6334138053 0, 234716.6911219641 568054.5074685706 0, 234684.94296799423 568028.0518803156 0, 234679.4901639844 568031.3235308394 0, 234522.17797818274 568659.5130101058 0, 234536.78446572705 568710.635013081 0, 234526.2019666927 568779.423076418 0, 234515.6185163858 568879.9584263169 0, 234531.49242288683 568985.78547545 0, 234552.65820765114 569022.825285317 0, 234568.53211732334 569128.6524146047 0, 234547.3662966085 569197.4394729608 0, 234510.32618271266 569245.0616827703 0, 234415.08250211176 569335.0143964058 0, 234388.62591119925 569414.3849123918 0, 234378.04252876103 569477.8813514378 0, 234341.00351356182 569536.0859356842 0, 234288.08946011376 569594.2906145821 0, 234245.75883085566 569641.912897591 0, 234171.67981311743 569647.2044383605 0, 234124.05754879204 569731.8656316818 0, 233975.90066082153 569906.4805988439 0, 233880.6547514921 570144.5908790394 0, 233885.94534891157 570218.668662433 0, 233912.4027974522 570308.6226928439 0, 233927.239499917 570371.6818493954 0, 233933.56743695406 570398.5766021741 0, 233954.7331438248 570514.9860668398 0, 233965.3153598545 570631.3954593589 0, 234007.6467558398 570726.6400913474 0, 234039.3938719985 570821.8847972391 0, 234070.39866539353 570937.0445559496 0, 234097.5993143813 571028.2471962661 0, 234182.26049654806 571081.1611955055 0, 234288.08736382655 571186.988428566 0, 234293.24599049002 571228.2592377125 0, 234341.00113667874 571303.3979543434 0, 234385.10104487845 571327.6530830071 0, 234412.01026020624 571342.4537366941 0, 234446.82809340753 571361.6038178251 0, 234464.98842248763 571411.5454141345 0, 234467.64367669806 571418.8479621792 0, 234554.31786524545 571434.6238490416 0, 234610.85975264345 571398.6438764842 0, 234647.89985001786 571313.9816878727 0, 234647.89993608493 571245.1935847608 0, 234653.19072091702 571197.5714310206 0, 234706.10464736208 571224.0286267678 0, 234748.4351191604 571245.193718089 0, 234780.18333141354 571298.1078009788 0, 234796.05731181483 571340.4383738269 0, 234806.63979221738 571398.6440715346 0, 234870.13607819492 571403.9349065991 0, 234901.8842949202 571393.3514994389 0, 234943.10912318886 571357.2803379194 0, 234944.21488120576 571356.3126593161 0, 234886.01110279083 571509.7620090322 0, 234912.46668809297 571515.0526986859 0, 234933.6324561934 571467.4314571506 0, 234943.10930444722 571476.9086248081 0, 234954.797175258 571488.5961960237 0, 235007.71123160067 571488.5962904056 0, 235251.60693338502 571489.2992945765 0, 235822.64869906378 571490.9457370567 0, 236814.25226065307 571493.8052564156 0, 236843.81123250403 571493.890351904 0, 236846.72090432607 571493.4227212784 0, 236884.04831189555 571722.6912233019 0, 236932.5013846732 571864.2497254601 0, 236954.5576938867 571931.8063868308 0, 236974.68502611073 571999.9625545833 0, 236992.8669714572 572068.6633482202 0, 237009.08892181396 572137.8531932109 0, 237110.5932888532 572600.2622660473 0, 237115.537145646 572614.7081917159 0, 237128.14696221193 572652.5356079638 0, 237195.47279018958 572860.0026144724 0, 237314.57401095697 573207.9633423467 0, 237344.472091922 573301.2371178939 0, 237370.69363927253 573395.6104477067 0, 237393.19821455516 573490.9385516177 0, 237411.95155477355 573587.0749683068 0, 237425.28214655104 573671.8962014872 0, 237464.2606620564 573951.0900725422 0, 237545.84656860313 574349.4077480054 0, 237559.3578443548 574420.6065546504 0, 237573.99078548426 574514.8976997166 0, 237585.0147802172 574609.6785281943 0, 237592.41388845193 574704.8109977458 0, 237596.1773975966 574800.1565801068 0, 237602.4029659434 575105.7965705183 0, 237602.91871343256 575160.4316530671 0, 237601.17431195593 575250.1578218777 0, 237596.2108025108 575339.763575217 0, 237588.034376172 575429.1334597351 0, 237577.97817352542 575507.806065652 0, 237592.38558106273 575545.0202988748 0, 237630.7825225574 575659.582468751 0, 237663.59957695167 575775.8659565847 0, 237770.94844835065 576194.7139521881 0, 237793.27465724168 576289.4580192774 0, 237811.89583766734 576384.9993648827 0, 237828.32577582996 576492.8309978256 0, 237840.03650646124 576601.2767265128 0, 237847.00566972588 576710.1300884282 0, 237849.2201587622 576819.183845759 0, 237847.13738552397 576917.4987259296 0, 237841.1898104903 577015.6556880724 0, 237769.94947962638 577902.1799448052 0, 237757.494173338 578021.3373978465 0, 237739.344539238 578139.7612436373 0, 237720.70305681648 578234.0162726577 0, 237698.45362897162 578327.485513072 0, 237672.62912402744 578420.0307410179 0, 237643.26762620686 578511.5153403998 0, 237464.09834998462 579034.9703358101 0, 237366.51992199296 579634.3858487218 0, 237360.38022510702 579670.4360977996 0, 237341.73640616215 579764.7178853764 0, 237319.48257439886 579858.2134080149 0, 237293.65167408038 579950.7845403091 0, 237264.28195096808 580042.2943657355 0, 237146.14868528448 580387.4243490923 0, 236960.0353130796 581075.6647941557 0, 236929.59911957989 581179.2805675379 0, 236894.71648691312 581281.4852707849 0, 236855.03686048742 581383.0881434762 0, 236810.963171612 581482.8634223473 0, 236762.57929391201 581580.6213444597 0, 236709.97730110167 581676.1756541776 0, 236696.47522436333 581699.2001714773 0, 236172.76839079682 582581.4271247637 0, 236118.71977288908 582668.3702461809 0, 236061.1569963134 582753.0276188992 0, 236000.17653283407 582835.2574589418 0, 235937.20957534004 582913.2752956615 0, 235946.78155258746 582988.1631991968 0, 235955.68160609345 583067.960491915 0, 235962.01471845308 583148.002446024 0, 235965.77414577678 583228.2064825525 0, 235966.9561404983 583308.489829659 0, 235966.43779086357 583356.1649206228 0, 235947.1788892602 584299.7013089214 0, 235951.2402141926 584498.6875206239 0, 235951.75850321568 584553.0433997443 0, 235951.24015810085 584600.7176768194 0, 235949.7308469487 584674.667461381 0, 235952.2641678087 584798.6176875555 0, 235952.78394025267 584853.0438908773 0, 235952.26494955484 584900.7478021805 0, 235951.78122804448 584924.4315364397 0, 235957.23394486995 584938.635587901 0, 235984.79384104634 585018.9024926906 0, 236032.72758070193 585166.6226227345 0, 236223.87626152838 585584.7342787037 0, 236237.44166992186 585614.9336527993 0, 236429.74750159562 586050.7408723074 0, 236739.41472657988 586728.0631499845 0, 236779.72813935042 586821.1924656146 0, 236816.22897040742 586915.8811517421 0, 236858.95750889461 587044.601858363 0, 236894.6426935781 587175.4504133218 0, 237125.2717503318 588121.4798786886 0, 237714.8099878481 588941.2269533079 0, 237786.20402046246 589046.0040547838 0, 237852.19431941796 589154.2658842559 0, 237907.64376320574 589256.0399254382 0, 237975.6785511904 589388.1084278772 0, 237947.37349171456 589421.6266906194 0, 237888.11206303083 589502.0559220002 0, 237811.9156053404 589565.5511142559 0, 237739.95336073966 589582.4839283143 0, 237716.67204151922 589639.6308667063 0, 237684.92475056945 589717.9425293389 0, 237707.32727400048 589801.7907420233 0, 237754.94941691792 589904.9719605695 0, 237731.13862437857 590008.1541476343 0, 237754.94924861478 590071.6505648682 0, 237769.5842745743 590130.6683042616 0, 237770.8231418621 590206.5800057218 0, 237834.31940752934 590293.887070673 0, 237943.14035605808 590397.3530123929 0, 238010.86959317463 590446.0331325216 0, 238106.1140961222 590541.2778193911 0, 238142.09516317357 590619.5895008808 0, 238110.3458531177 590664.0366025976 0, 237983.35416776297 590704.251636902 0, 237898.69380671368 590727.5317572007 0, 237843.66337584186 590765.6303127868 0, 237775.9328432596 590803.7279290542 0, 237748.41854833497 590827.010167244 0, 237744.18562083904 590871.4572152699 0, 237684.9231705655 590943.4195594105 0, 237684.92309821286 591004.7994291716 0, 237687.03834045536 591055.5968972127 0, 237661.63948676502 591110.6263913716 0, 237619.30883083283 591188.9390978875 0, 237547.3464881716 591256.6682873372 0, 237539.04026768974 591279.5104037699 0, 237521.94666954162 591326.5141594234 0, 237547.34632319558 591368.8447674316 0, 237566.39460824203 591432.3412212199 0, 237403.42163116622 591449.2728338832 0, 237316.64285361272 591500.0703109315 0, 237221.3982038985 591572.0324947605 0, 237083.82275797165 591660.9264423985 0, 237009.74398991294 591703.2580144627 0, 236985.05571046707 591762.2367073905 0, 236999.16141098418 591847.1826452209 0, 236969.52941215882 591986.8742454619 0, 236946.2469524204 592126.5659113685 0, 236973.76218680688 592175.247007953 0, 237045.7244365101 592226.043707024 0, 236994.92787184007 592257.7918153736 0, 236971.64544866318 592314.9375720285 0, 236961.0629862952 592433.464482534 0, 237003.39344492703 592571.0397175646 0, 237136.73552774664 592717.0810261682 0, 237195.99887467356 592776.3445408661 0, 237179.06581255284 592949.9009280364 0, 237208.69741559235 593023.9798242513 0, 237170.59966930476 593066.3103806429 0, 237107.10315399544 593121.3407933592 0, 237090.17128667762 593206.0018824763 0, 236999.15960675248 593269.4981651435 0, 236999.159495808 593385.9074632362 0, 237092.28743622339 593489.6181976676 0, 236961.24179745335 593571.8791081366 0, 236921.55701249957 593635.375500328 0, 236945.3675204522 593714.7460762276 0, 236992.98865867773 593786.1790180734 0, 237080.29767129893 593849.6756149406 0, 237127.9199412903 593905.2355274274 0, 237212.92912843492 593948.9085374561 0, 237352.62086402669 593921.393439795 0, 237413.65262071634 593968.731262516 0, 237397.77947376447 594008.4169244719 0, 237397.77934810042 594087.7873941697 0, 237445.40056003878 594159.2204721925 0, 237413.6523855804 594206.8437843586 0, 237445.400410302 594270.3391192501 0, 237413.65216978235 594325.897931198 0, 237421.58759605043 594421.1425133004 0, 237445.40008176345 594540.1978230736 0, 237477.4963043297 594666.416648273 0, 237494.42797154846 594784.9425144214 0, 237469.21032293755 594889.4270772727 0, 237469.21013574782 594992.6082439077 0, 237456.32982090677 595136.2881182842 0, 237498.66039304918 595250.581092641 0, 237556.5178060017 595349.7751494175 0, 237651.76126664836 595437.082300822 0, 237691.2657702588 595546.8986305522 0, 237714.54786541784 595648.4916596872 0, 237802.5643982746 595675.1938827056 0, 237858.12426971295 595746.6270748731 0, 237924.08495031437 595929.9917606887 0, 237957.94956576507 596088.7327668052 0, 238024.8010476308 596270.4716160562 0, 238040.67497244963 596405.400935225 0, 238044.72660258645 596526.857204459 0, 238038.37704021405 596630.5678944058 0, 237953.36657467062 596778.4406704532 0, 237889.87099607105 596873.68518198 0, 237921.61800495535 596968.929763448 0, 237945.42959390354 597064.174446277 0, 238008.9258851314 597135.6075526427 0, 237977.1776776557 597207.0403847193 0, 237953.36580731295 597349.9071685006 0, 237921.61741614825 597492.7741331742 0, 237905.74306431765 597627.7034462873 0, 237854.23679168284 597743.8681483277 0, 237818.4356949509 597945.184330217 0, 237873.99534695462 598056.3030846362 0, 237873.9952684917 598151.5467054421 0, 237905.74224979212 598318.225266526 0, 237897.8055315956 598476.9653503958 0, 237881.93128914473 598596.0204954861 0, 237889.8687077678 598691.2650619398 0, 237985.1121509095 598794.4463786804 0, 238056.5459332119 598889.6911079469 0, 238084.6090072149 598940.2040281985 0, 238096.23058964917 598961.124018659 0, 238088.2939907677 599040.4945460457 0, 238143.85171169677 599103.991081704 0, 238096.2303724808 599119.8650476136 0, 238072.41961479705 599215.1097376095 0, 238032.73377151653 599302.4166522067 0, 237985.1114051817 599397.6622145193 0, 237985.11130731428 599500.8424749379 0, 237945.42732536682 599707.1994539785 0, 237945.42620355927 599707.2056344294 0, 237943.6057452398 599719.9495932213 0, 237940.59525354605 599741.0221764082 0, 237929.55203798477 599818.323352285 0, 237945.4258820942 599969.1266431254 0, 237881.92945596113 600072.3088603057 0, 237851.28273717195 600210.2157712019 0, 237850.18199636208 600215.1747383202 0, 237905.73974712603 600286.6086965489 0, 237905.7396495905 600334.2310549833 0, 237802.55843094608 600397.7262822441 0, 237802.47955652446 600398.02319974 0, 237770.81002386275 600516.7825643298 0, 237731.12526401845 600627.9001335358 0, 237683.5027373797 600778.703549321 0, 237723.1872897488 600905.6963119039 0, 237770.80937232325 601024.7516846256 0, 237778.74691293426 601096.1856932297 0, 237826.37013547483 601159.6821783491 0, 237818.43147009003 601270.799814026 0, 237786.68307464206 601373.9819365063 0, 237802.557066534 601485.0996807294 0, 237850.1803526133 601516.8479295706 0, 237881.92752376184 601588.2798870842 0, 237953.36041833734 601635.9032468477 0, 237953.36039385633 601683.5255978298 0, 237921.61199627636 601762.8960411738 0, 237941.00931527253 601841.4924232821 0, 237993.04586659317 601913.6996101408 0, 237953.36003377722 601977.1958521309 0, 237966.4078992986 602019.2818919929 0, 237977.17146149834 602104.1887793682 0, 237937.48560850188 602199.4323203504 0, 237826.36873633775 602310.5508216014 0, 237739.05956392127 602381.9848077007 0, 237667.62655916414 602508.976456983 0, 237604.12997868512 602612.1575290654 0, 237651.75223053555 602651.8433293693 0, 237723.1849766524 602707.4022075685 0, 237762.87068453702 602770.8987236901 0, 237739.05884877144 602929.6395994837 0, 237778.74457792516 603001.0725933787 0, 237769.5678960207 603092.3668771016 0, 237762.87016962716 603199.4983403983 0, 237742.05247067325 603272.2736564064 0, 237748.40273279854 603367.5182631697 0, 237720.88740695207 603458.5299208455 0, 237739.0580227406 603580.4757537345 0, 237770.80610947142 603667.7828082574 0, 237802.5542785565 603715.4051837163 0, 237761.1012061537 603742.1462494442 0, 237742.0517360867 603820.4579387119 0, 237739.93516437357 603943.2178941156 0, 237739.0574536826 604032.8860589283 0, 237818.4279550467 604120.1942629259 0, 237902.9088440915 604159.1050570637 0, 237943.12284202586 604243.7661885743 0, 237996.03674265655 604311.495668493 0, 238096.22382520523 604350.368653415 0, 238199.40505720858 604358.3052942619 0, 238254.965914991 604397.9910752726 0, 238215.27900435906 604437.6758630322 0, 238127.97189030316 604517.0461082873 0, 238093.3975384364 604569.7143760913 0, 238095.5140170444 604639.5602591654 0, 238143.844711458 604699.5978097194 0, 238159.71976658743 604755.1568022212 0, 238070.11506693868 604730.5717569572 0, 238025.66799433203 604760.2026210936 0, 237955.82200770316 604866.0304385717 0, 237937.4820690662 605009.1420617215 0, 237993.04190444696 605080.5750485107 0, 238048.6006134069 605112.3233678454 0, 238000.9783597191 605152.0080681953 0, 237937.48178522324 605223.440843173 0, 237913.6709596809 605374.245333903 0, 237961.2931571433 605453.6148914838 0, 237969.22960833414 605525.0487227651 0, 238024.7893494449 605612.3558905914 0, 238096.22218737943 605659.978291808 0, 238207.34092253578 605691.7267482941 0, 238264.83587551626 605704.180922066 0, 238192.8735565301 605750.7444531102 0, 238159.71842465785 605834.5924340531 0, 238135.9066352343 605921.9004604149 0, 238159.7181870766 606017.1451883976 0, 238191.46625272854 606072.7040980783 0, 238239.08862420937 606120.3264343352 0, 238239.0885618586 606152.0746420383 0, 238175.59210438436 606183.8226928875 0, 238127.96972161916 606247.3181249523 0, 238080.34732852885 606279.066163527 0, 238088.28482920356 606326.6894935411 0, 238104.1577953657 606382.2484398129 0, 238112.09537886453 606437.8072305655 0, 238207.3399157754 606477.4921494215 0, 238366.0797202509 606596.5475215138 0, 238540.69475336777 606707.6664520008 0, 238659.74985901732 606802.9111945927 0, 238723.24607688154 606906.092432086 0, 238723.2459722565 606985.4630170191 0, 238794.6788147696 607064.8335672651 0, 238850.23864571282 607128.3300244197 0, 238937.54571300943 607144.2042722747 0, 239016.91620372472 607088.6444963352 0, 239096.28659735597 607199.7632156687 0, 239199.46768746595 607318.8186580315 0, 239294.71209629392 607477.5588033495 0, 239244.79189957157 607581.55396527 0, 239342.33308861157 607660.1115102489 0, 239469.32573067697 607802.9785548886 0, 239583.43827753395 607877.8705117729 0, 239628.0666148244 607977.5927998961 0, 239715.3734000959 608088.7116500044 0, 239731.2473333843 608191.8928522852 0, 239755.05790208 608271.2633674172 0, 239802.6800296877 608382.3821340195 0, 239802.67995130713 608461.7516454771 0, 239755.05747085417 608580.8077342035 0, 239707.43610079426 608660.1772437422 0, 239651.87627952528 608779.2335083134 0, 239604.2537742629 608882.4144938465 0, 239651.8760890356 608914.1627120546 0, 239636.00187545334 608993.5333275952 0, 239588.3783632456 609128.4625772058 0, 239517.82365666973 609232.4566390004 0, 239469.32383006858 609358.6363916955 0, 239397.89069108324 609422.1327323064 0, 239326.45665564455 609509.4395765282 0, 239215.33882352302 609652.3064046566 0, 239167.71636180926 609747.549895476 0, 239104.21973853404 609898.3532860657 0, 239040.72318442632 610041.2201092304 0, 238953.41604745644 610192.0234421102 0, 238921.66763982092 610319.016221944 0, 238961.35235313626 610366.6385933383 0, 238977.22635497284 610430.1350476124 0, 238953.41563590796 610533.31610468 0, 238969.28957298968 610628.560787344 0, 238977.22593776826 610763.4901493666 0, 238961.3516928985 610890.4817586446 0, 238937.54094116692 611009.5380785316 0, 238953.4148600865 611160.3415147985 0, 238961.35123891488 611303.2074579172 0, 238969.28860520938 611406.3896838872 0, 238985.16260921585 611525.4448947919 0, 239009.8506134093 611622.0319367416 0, 238986.56920129835 611740.5577577455 0, 238961.3505338843 611842.9258055959 0, 238993.09852246172 611977.855240369 0, 239001.03486367356 612065.1632980139 0, 239040.7204454404 612231.8409281758 0, 239088.34265464332 612350.8972073357 0, 239135.96584125157 612446.140831222 0, 239231.20940430684 612533.4480227468 0, 239366.13854611237 612596.9446125655 0, 239461.3831613534 612596.9446938422 0, 239589.7819031959 612621.0412517881 0, 239659.80885333364 612628.6931154954 0, 239588.37388917906 612739.8107335365 0, 239540.75242509024 612835.0553488807 0, 239479.72153019073 612904.6562588367 0, 239395.06019956985 613018.9491702433 0, 239374.07443784224 613152.536106227 0, 239384.47651005298 613279.2841388804 0, 239477.25632780086 613430.332449775 0, 239536.86772860214 613497.2878203918 0, 239617.29596026192 613560.784370054 0, 239704.07348245784 613658.1454986245 0, 239770.92516672224 613763.6878414033 0, 239816.25062050976 613876.1491194597 0, 239889.98134691388 613962.1138260912 0, 239945.35862360877 614106.8525008739 0, 240000.38896967526 614242.3112811282 0, 240072.53241441306 614374.8396677311 0, 240169.71224797395 614430.683259043 0, 240254.37328813135 614456.0821788617 0, 240358.2650544296 614438.3363560869 0, 240453.50976186135 614414.5257976033 0, 240556.69083762303 614406.587382006 0, 240588.4390225478 614485.9588675896 0, 240643.99780063133 614533.5814088191 0, 240763.05283139143 614644.7002411749 0, 240763.05276776067 614708.1956372702 0, 240802.73847805863 614771.6920270285 0, 240874.1724063421 614835.1875257773 0, 240937.6677499862 614866.9368609467 0, 241031.14392437763 614870.9251400639 0, 241113.6886349077 614881.507675432 0, 241185.65108853334 614851.8759999519 0, 241159.90401260208 614898.6853362807 0, 241064.66043720348 614922.4957849135 0, 240993.22641521957 614930.4332141153 0, 240923.20032990596 614985.2178888731 0, 240866.23452026822 615081.2365311404 0, 240866.23443242023 615168.5435978486 0, 240890.0449657531 615239.9786422392 0, 240858.29672334922 615311.4105394937 0, 240818.6118424455 615359.0328882091 0, 240747.17776524692 615493.9620228913 0, 240731.30347676348 615581.2690351085 0, 240755.11507287485 615652.703115565 0, 240826.54783458755 615763.8207999524 0, 240810.67369226072 615851.1289227878 0, 240770.98877320316 615978.1205863974 0, 240747.17694268675 616113.0508683277 0, 240755.11436856567 616216.2320258933 0, 240810.6731630026 616287.6651214779 0, 240921.7918531992 616351.1616786248 0, 241032.9104833972 616382.9099164271 0, 241048.7843237973 616478.154583371 0, 241079.8219643274 616549.3428354765 0, 241159.90194328828 616589.2725068493 0, 241278.95926174932 616621.0208110204 0, 241369.78852909547 616621.3056153638 0, 241382.13918749042 616692.4548891975 0, 241429.76144076494 616748.0137412035 0, 241493.25770432776 616851.1949701016 0, 241509.13180327014 616914.6913805872 0, 241485.32007362295 616978.1867966619 0, 241458.6821663141 617089.060641474 0, 241501.19393807708 617168.6760005397 0, 241525.0045342308 617232.1724140192 0, 241636.12312534908 617303.6065202149 0, 241600.49004256813 617345.162937998 0, 241617.42271098672 617402.3089049278 0, 241659.93453315104 617446.4723972473 0, 241707.55682114916 617478.220604755 0, 241771.0522430728 617509.9689269555 0, 241771.05214832793 617541.7182224408 0, 241747.24143646786 617621.0876460489 0, 241723.43067355297 617684.5840748647 0, 241763.1152231511 617787.7651397096 0, 241810.73751479937 617835.3865124225 0, 241905.98210849677 617883.0100491582 0, 241913.91860556562 617946.5053525335 0, 241898.0443947462 618025.875840139 0, 241953.60317818372 618105.2464826624 0, 242009.16282750806 618160.8052933293 0, 242088.5333568757 618176.6795649721 0, 242136.1546764153 618176.6795788114 0, 242167.90279625036 618192.5536471352 0, 242183.7758345461 618256.0501614857 0, 242152.0286944121 618295.73583977 0, 242136.1544975877 618351.2946533826 0, 242159.9670481373 618406.8535080738 0, 242199.65079810153 618462.4134787727 0, 242183.77556286906 618494.1616638459 0, 242144.09172847914 618549.7203813334 0, 242112.34343693213 618621.1534452836 0, 242120.28086822567 618716.3969505613 0, 242152.02807559696 618795.7684180548 0, 242231.39847572456 618851.3285018567 0, 242310.7687978259 618922.7614975043 0, 242310.76880010188 618970.3827643391 0, 242318.70619262513 619018.005012464 0, 242350.4533140482 619089.4391484446 0, 242406.01313238422 619160.8721254801 0, 242358.39080873877 619208.494410267 0, 242413.94946545665 619303.7390392353 0, 242540.9422959023 619375.1720503283 0, 242604.4386048803 619414.8569006324 0, 242636.18665376218 619478.3533831942 0, 242620.31259273653 619541.8497534171 0, 242604.4383470259 619621.220258316 0, 242612.3737653429 619700.5907035216 0, 242612.37370460897 619803.7719686427 0, 242614.3107604421 619876.5472009148 0, 242652.0600579851 620057.7565497282 0, 242691.74474255706 620121.2530280689 0, 242659.99642551498 620192.6858591881 0, 242620.31173988685 620287.9304981912 0, 242564.7516176319 620422.8596818586 0, 242546.58066216818 620543.2573137924 0, 242607.9594565456 620625.8031256916 0, 242548.87721734768 620621.2854632592 0, 242493.3183794314 620660.9710936154 0, 242501.2558283804 620716.5299302306 0, 242487.31692042167 620763.3781606251 0, 242421.88526153206 620764.152184771 0, 242390.1369374625 620827.6484633503 0, 242429.8216487518 620883.2065019561 0, 242421.88504299935 620970.5145116637 0, 242409.0048395687 621036.4119393335 0, 242350.45078167238 621145.1294837586 0, 242382.19893590314 621240.3741519586 0, 242445.6951479819 621391.1776227468 0, 242468.2677484703 621540.1482619463 0, 242548.87607101325 621597.5401092331 0, 242519.06409670968 621648.0929128343 0, 242540.93927854698 621772.1552151348 0, 242586.7932284501 621849.1634928782 0, 242596.49808536257 621899.1480146898 0, 242620.30953023644 622026.1397684219 0, 242683.80577474128 622129.3221426592 0, 242715.55377203957 622232.5032544195 0, 242786.98668760926 622295.999650883 0, 242850.4830699921 622319.810363374 0, 242850.48303740937 622383.3068490479 0, 242826.67127158868 622430.9291529397 0, 242818.73466918833 622518.2361696557 0, 242834.60853544105 622661.1031503157 0, 242866.3567023921 622732.5370663485 0, 242834.6083643054 622788.0948906176 0, 242880.99162189066 622860.8713107464 0, 242955.07043395616 622886.2691239251 0, 243041.84810699816 622903.202063584 0, 243018.5666876752 622953.9985697516 0, 243025.096215887 623081.7654394502 0, 243025.0961109426 623137.3253554428 0, 243072.7183259352 623224.6324923083 0, 243072.71827891946 623272.2547758843 0, 243137.092093915 623292.6455403934 0, 243166.72394343582 623334.9771021127 0, 243236.56955523597 623432.3373168347 0, 243312.76471422127 623529.6985254606 0, 243448.22321776632 623677.8561756405 0, 243528.65144907212 623770.9844671856 0, 243573.10036066978 623851.4127180984 0, 243702.2075071406 623988.9880279938 0, 243809.08796455758 624041.4568025908 0, 243818.61777429678 624046.1352254704 0, 243998.52450085827 624126.5636981826 0, 244168.0271215213 624145.3295263315 0, 244326.76908771007 624105.6440080317 0, 244517.25748595502 624034.211238219 0, 244636.312673391 624002.4632697903 0, 244675.99746700152 624042.1489708759 0, 244739.4938481159 624058.0221412687 0, 244787.11609535795 624089.770394874 0, 244858.5489844607 624169.1410710888 0, 244922.0453288118 624232.6375975659 0, 244969.66742193553 624288.1963306199 0, 245025.22613502626 624367.5670052534 0, 245096.6601093511 624462.811648719 0, 245247.46332557796 624621.5517554078 0, 245310.95960257575 624692.985942486 0, 245398.26643733276 624851.7259693383 0, 245457.7766564831 624931.071820731 0, 245448.88313797917 625366.7879238173 0, 245516.90200058933 625534.4767671927 0, 245523.32773142785 625551.2393249897 0, 245564.84149777956 625615.0040738295 0, 245612.67608470903 625694.8247303844 0, 245664.9184208134 625790.5767701252 0, 245712.93435620292 625888.5164971708 0, 245756.6324873329 625988.4574406788 0, 245795.92969976773 626090.2093651205 0, 245830.75108125378 626193.5785698106 0, 245861.03043099592 626298.3682895019 0, 245886.71017258908 626404.3789938146 0, 245907.7412660022 626511.408985725 0, 245924.54673260084 626622.855623216 0, 246029.0636390115 627440.5937191474 0, 246038.0213755547 627521.0054954432 0, 246044.37238137086 627601.665061414 0, 246048.1099467194 627682.4879305515 0, 246049.23026075333 627763.3893265538 0, 246046.59617003414 627872.4341798908 0, 246039.20800457944 627981.2603765697 0, 246027.07999748044 628089.6607409705 0, 246010.23515450262 628197.4289242335 0, 245988.18795485643 628306.6638313592 0, 245887.94649726327 628751.9060858911 0, 245911.16590394345 628805.0134328314 0, 245950.46136962002 628906.766061906 0, 245985.28100191292 629010.135800055 0, 246015.55853610678 629114.926079316 0, 246041.23641553085 629220.9372677595 0, 246062.26570284623 629327.9675671528 0, 246078.60633335385 629435.813412858 0, 246090.22728464822 629544.2692751023 0, 246097.10640167847 629653.1288553448 0, 246099.2304813942 629762.1847876012 0, 246096.5956092547 629871.2297362584 0, 246089.2068185606 629980.0557969827 0, 246077.07808489224 630088.4560921828 0, 246060.23258182177 630196.2241732578 0, 246038.70225145313 630303.1548171456 0, 246012.52822751357 630409.0446255489 0, 245981.76023786448 630513.6919233587 0, 245946.45685705083 630616.8974570956 0, 245910.5593335298 630709.1206390327 0, 245851.8311921858 630851.5890849439 0, 245818.37969923322 630929.0065003193 0, 245782.33607000904 631005.2514597387 0, 245743.7413777431 631080.2374361639 0, 245702.63932946508 631153.8790075298 0, 245699.99898092687 631158.2072879046 0, 245682.6167247836 631244.5519011028 0, 245656.44625737835 631350.4425090095 0, 245625.6817778009 631455.0908595661 0, 245590.3819340513 631558.2975976034 0, 245562.50896520712 631630.8235200807 0, 245532.3957127884 631702.4482501921 0, 245500.07135386352 631773.1026737699 0, 245465.56701988136 631842.7184804251 0, 245259.91940595084 632241.9176560114 0, 245175.01528373975 632416.9295396556 0, 245154.3162877327 632458.3241933213 0, 245141.13463842656 632506.4815244648 0, 245096.5862949904 632639.4491224709 0, 245056.82299720086 632741.0198034206 0, 245012.66708974974 632840.7592212348 0, 244964.2026199748 632938.4777682822 0, 244911.52187716265 633033.9892517495 0, 244866.37572277267 633108.739434547 0, 244818.64654794498 633181.8674609876 0, 244794.0139533354 633218.2042465478 0, 244763.6320971297 633286.8354849542 0, 244715.1699216877 633384.5551319569 0, 244662.49143407974 633480.0679145193 0, 244617.33688090602 633554.835536851 0, 244569.61953435693 633627.9944758869 0, 244564.52565071336 633638.5534836857 0, 244522.537362092 633721.1697919399 0, 244477.51594992253 633802.173079757 0, 244420.72305092422 633895.2980505084 0, 244359.92217443886 633985.8571675924 0, 244295.22894351126 634073.6779611746 0, 244226.76670414128 634158.5932669599 0, 244173.35376660037 634219.9101254042 0, 244117.9748222412 634279.4572705955 0, 243755.97456594772 634656.2273775651 0, 243658.54096339853 634752.2351094536 0, 243556.0021757794 634842.7702257673 0, 243470.78608178097 634910.8577365736 0, 243382.6811024229 634975.1632558127 0, 243291.85507103387 635035.5645875952 0, 243198.48089951457 635091.9466244219 0, 243102.73615144315 635144.202043687 0, 243004.80321281106 635192.2314071633 0, 242904.86844101155 635235.9432580824 0, 242803.12216500146 635275.2544197843 0, 242699.7580048082 635310.0900933653 0, 242594.97270226644 635340.3838567628 0, 242488.96569523914 635366.0781620116 0, 242381.9388640494 635387.1240350793 0, 242288.08952091043 635401.6300598222 0, 242193.75700454775 635412.5614328849 0, 242099.07741630936 635419.9023127076 0, 242004.18735503376 635423.6421391561 0, 241900.49052532628 635425.8328931442 0, 241909.6892471049 635457.4729301869 0, 241933.613403087 635550.9091928975 0, 241953.9157274221 635645.1986074556 0, 241970.49730090686 635730.1371708788 0, 241994.2217102141 635804.1600797208 0, 242072.06150068517 635856.4031902476 0, 242159.89261713545 635921.0821561711 0, 242244.8189125696 635989.5306332125 0, 242326.6786845242 636061.6184528265 0, 242405.31613691896 636137.2082770643 0, 242480.58146386582 636216.1562974722 0, 242552.33161607062 636298.3122375115 0, 242620.429789218 636383.519651272 0, 242684.74652960227 636471.6164253198 0, 242745.1592229574 636562.4347781866 0, 242801.55302927093 636655.8018615048 0, 242856.36756407339 636756.4708394809 0, 243118.6729297256 637265.6630350773 0, 243154.3546999929 637337.7548580198 0, 243187.69864317094 637410.9573145602 0, 243218.67040695524 637485.1946132821 0, 243247.23785850924 637560.3898720965 0, 243276.49071437688 637646.110721539 0, 243302.61931921833 637732.8350097289 0, 243325.5892730563 637820.4488494096 0, 243345.37052450178 637908.8371692236 0, 243404.03762084965 638195.2267113297 0, 243417.81937381093 638267.965851743 0, 243434.18688248267 638375.8073183943 0, 243445.834881827 638484.2601834876 0, 243452.7411864773 638593.1178526935 0, 243454.8925538258 638702.1731605515 0, 243454.3771672119 638747.974765212 0, 243448.21676996443 639049.7105943563 0, 243454.6461839759 639364.7566227963 0, 243455.1611669813 639420.9978579311 0, 243452.5535634046 639530.0431784245 0, 243445.19186070457 639638.8709891648 0, 243433.09022712777 639747.2741081375 0, 243416.2715937863 639855.0461779156 0, 243398.26868626726 639946.1043792655 0, 243376.8979244347 640036.4315890336 0, 243361.20559928223 640097.6580834633 0, 243368.48246095434 640106.7646550048 0, 243432.79253092073 640194.866304327 0, 243493.19847798682 640285.6892533539 0, 243549.5852616092 640379.060643433 0, 243601.84552700634 640474.8027494787 0, 243649.87994420543 640572.7332805704 0, 243693.59686594398 640672.6657786183 0, 243732.91326185197 640774.410119768 0, 243747.14154524874 640814.844023886 0, 243914.2562792017 641303.0770087125 0, 243944.27600186365 641396.757485166 0, 243970.58704971062 641491.5465089952 0, 243993.14867662586 641587.297261353 0, 244011.92593220458 641683.8614449286 0, 244026.43747103316 641777.7275329748 0, 244037.37304433354 641872.0771279343 0, 244044.71682065196 641966.7740577273 0, 244048.4583331757 642061.6815684225 0, 244059.57897347253 642606.6164294225 0, 244060.09358654777 642663.0088639199 0, 244057.47924354443 642772.0541658521 0, 244050.11095160566 642880.8815648708 0, 244038.00263211573 642989.2839778715 0, 244021.1773922565 643097.0550482445 0, 243999.66718199183 643203.9896434577 0, 243973.51313242543 643309.8841548912 0, 243942.76487221604 643414.5370942442 0, 243907.48095156095 643517.7491939794 0, 243867.72849916774 643619.3240044256 0, 243823.58339057077 643719.0681929835 0, 243775.1293957006 643816.7917410162 0, 243722.45894156693 643912.3088427146 0, 243650.82155697286 644028.3611910811 0, 243468.60671427642 644306.2911401849 0, 243428.26533326748 644365.9322202668 0, 243386.22310714232 644424.3868717374 0, 243203.52004826546 644670.8469042468 0, 243156.14870526383 644732.7102815683 0, 243106.87252036636 644793.0674506937 0, 243103.25294887018 644797.1402877793 0, 243076.60208773444 644865.2538321281 0, 243032.46448376612 644965.0013100345 0, 242984.01802649169 645062.7285730917 0, 242931.35486281716 645158.2496081583 0, 242918.0531444009 645180.067590969 0, 242905.6213886812 645330.6350372838 0, 242794.13792741718 645368.6318562938 0, 242749.10664150378 645429.7801568754 0, 242680.65640475234 645514.705123909 0, 242627.16286040423 645576.1286832783 0, 242571.69683431322 645635.7770842346 0, 242454.0330592791 645758.2502391444 0, 242383.2503349749 645829.0333543384 0, 242291.8415571485 645916.8534419232 0, 242161.64335245016 646052.3730041052 0, 242064.31820731438 646148.2854532329 0, 241961.89818314588 646238.7371454735 0, 241876.69219282028 646306.8370552447 0, 241788.59675339158 646371.1555408519 0, 241697.77966487492 646431.5700810318 0, 241604.41380004902 646487.9657409185 0, 241591.81680453423 646495.1559246483 0, 241536.44569901234 646526.5467587061 0, 241387.04612131935 646682.0489178423 0, 241289.8124074586 646777.8708698538 0, 241187.49322364753 646868.2425367098 0, 241150.20625782007 646898.4939808241 0, 240900.4453013936 647442.3163082713 0, 240848.3864099793 647548.9181142219 0, 240791.32900623456 647652.930130179 0, 240734.56868328032 647746.0747986027 0, 240673.79955964457 647836.6548660841 0, 240609.13712747945 647924.4981189542 0, 240540.7046792611 648009.4371480059 0, 240475.14656184902 648084.200440021 0, 240406.6672815907 648156.2977476675 0, 240335.37517785953 648225.614766914 0, 240261.38299192302 648292.0420885269 0, 239800.5667813175 648689.4777797596 0, 239802.4104202093 648693.9127679536 0, 240121.20624237228 649502.1369869034 0, 240128.89824272468 649513.8698750836 0, 240446.36015911817 649982.211820119 0, 240496.8005188834 650059.6702869089 0, 240544.34296257093 650138.9404169632 0, 240599.38594015402 650239.9998218138 0, 240748.1411364845 650528.7452131944 0, 240755.74211793617 650543.944820972 0, 240825.25750941416 650610.7333504799 0, 240921.0628700676 650707.9447647999 0, 241011.4203222595 650810.2398368561 0, 241079.53044542606 650895.4376646955 0, 241088.82552168285 650908.0905671718 0, 241197.3104716296 650896.4166762979 0, 241306.16836448625 650889.5163331163 0, 241415.22359375656 650887.3708244818 0, 241524.26870341122 650889.9842977904 0, 241633.09600197774 650897.3517165752 0, 241741.49832852578 650909.4591613186 0, 241849.26947994655 650926.2835313706 0, 241956.20404182893 650947.7927440555 0, 242062.09874982454 650973.9459374041 0, 242166.7518112456 651004.6932694432 0, 242269.96409579954 651039.9763200118 0, 242371.53913748192 651079.7277920038 0, 242471.28355953787 651123.8721110686 0, 242569.0075860984 651172.3252277756 0, 242664.52504274974 651224.994817595 0, 242757.6541214711 651281.7807817871 0, 242848.2176374445 651342.5748497089 0, 242936.04319768414 651407.2614772845 0, 243020.9635428707 651475.7173499013 0, 243082.36950731618 651529.2025416036 0, 243142.00106106733 651584.6591456027 0, 243380.1240588345 651813.4554420933 0, 243476.10161168125 651910.860256073 0, 243566.6098971284 652013.3669821089 0, 243634.69876720975 652098.5820433483 0, 243699.00569775383 652186.685912289 0, 243759.40853619503 652277.5109900341 0, 243815.79204336836 652370.8844100628 0, 243868.04899740184 652466.6283406926 0, 243916.07993662753 652564.5605834076 0, 243959.79341360842 652664.4946738401 0, 243999.10624811845 652766.2403815365 0, 244033.9435252021 652869.6041094408 0, 244064.2390187193 652974.3890947641 0, 244089.93493441408 653080.3957080311 0, 244110.98250167444 653187.4223524341 0, 244125.48726446382 653281.250857288 0, 244136.41887187966 653375.562515714 0, 244143.76159863983 653470.2211533296 0, 244147.50490708047 653565.0904124386 0, 244150.65428050776 653719.0945720519 0, 244151.17104761212 653775.6376044025 0, 244148.55480204325 653884.6827923615 0, 244141.18458022812 653993.5100871342 0, 244129.07437875852 654101.9123030934 0, 244112.24728481343 654209.6830807611 0, 244090.73521849475 654316.6173846895 0, 244064.5793567172 654422.511404511 0, 244033.82919374132 654527.1638489034 0, 243998.54356129997 654630.3753492982 0, 243960.21834304175 654727.3530661949 0, 243905.8249618196 655116.9763311745 0, 243890.91829908986 655210.7179877588 0, 243862.3524413872 655348.256992092 0, 243826.10664861876 655483.9742497883 0, 243612.55635717322 656202.0172005513 0, 243589.2682366163 656276.0914424047 0, 243563.69088050257 656349.406716463 0, 243532.29362834484 656430.6875493596 0, 243498.0830605514 656510.8248951525 0, 243374.13196916456 656787.705869653 0, 243362.0943238782 656837.0841435048 0, 243325.12825428185 656972.155859696 0, 243280.65716186064 657104.9459546382 0, 243234.4846391629 657221.8002907799 0, 243182.4995788282 657336.1872003269 0, 243053.7582079014 657601.5468225076 0, 243070.48501414407 657641.6390600426 0, 243099.0579326264 657716.848197922 0, 243133.903953288 657820.2089745484 0, 243164.20830083115 657924.9911999046 0, 243189.91319189826 658030.9956470203 0, 243210.96977887268 658138.0204225224 0, 243225.49368854094 658231.9312178423 0, 243236.43814227765 658326.3260536199 0, 243243.787411642 658421.0687558897 0, 243247.53087019143 658516.0221689547 0, 243262.3259302948 659241.2794415703 0, 243262.84047382098 659297.4887491429 0, 243260.23329525115 659406.5340545316 0, 243252.8720620436 659515.3618567709 0, 243240.7708315243 659623.7650674963 0, 243223.9526624588 659731.537124408 0, 243205.33550778573 659825.4191403402 0, 243183.13859328648 659918.5197012379 0, 243157.39435563347 660010.7024800765 0, 243128.14057649535 660101.832262587 0, 243101.5006863591 660179.6646923177 0, 243139.11794193636 660177.287333792 0, 243248.17371668704 660175.1622400397 0, 243331.75290481906 660176.7546663464 0, 243415.2321535889 660181.1405599739 0, 243498.51813160474 660188.314912287 0, 243581.51760013046 660198.2697201135 0, 244059.42313912473 660263.7107974441 0, 244160.233717117 660279.6177598146 0, 244267.16344133188 660301.1519721815 0, 244373.0521457189 660327.3298941128 0, 244477.69814776667 660358.101735682 0, 244580.90234252225 660393.4089295815 0, 244682.4682885302 660433.1842314664 0, 244782.20254852518 660477.3518209328 0, 244879.91528391422 660525.8278020612 0, 244975.42059652394 660578.5198059371 0, 245068.53661295766 660635.3275897162 0, 245159.08599531575 660696.142938816 0, 245246.8965352217 660760.8501676263 0, 245331.801069721 660829.3260202518 0, 245413.63782021453 660901.4401706965 0, 245492.2511570499 660977.0553251149 0, 245567.49142880848 661056.0276211445 0, 245639.21530190005 661138.206729093 0, 245707.28635434268 661223.4361533654 0, 245771.57490441835 661311.5537314361 0, 245831.95860522482 661402.3915362295 0, 245888.32261128066 661495.7769743435 0, 245940.5595800477 661591.5319888389 0, 245988.5700074353 661689.4744569097 0, 246032.26248285614 661789.41779229 0, 246071.55394057676 661891.1719436925 0, 246085.57110237714 661931.0210229462 0, 246104.58310235472 661986.5637232211 0, 246175.47227972883 662049.0405299913 0, 246254.0799095491 662124.6616986318 0, 246329.3142559553 662203.6397611013 0, 246401.03192811154 662285.8242766046 0, 246440.9896341932 662334.9329558706 0, 246494.82150745534 662402.8252332971 0, 246538.91171087773 662420.101379676 0, 246638.63793151634 662464.2873771291 0, 246736.34196873478 662512.7814133966 0, 246831.8376376898 662565.4909844485 0, 246947.03692885957 662636.635447008 0, 247170.9630023101 662783.4492908478 0, 247242.01699057885 662831.8012207617 0, 247311.3670274224 662882.5668654549 0, 247318.6172051346 662888.0678461443 0, 247380.13779348443 662917.9173900962 0, 247463.15935819282 662960.1260322594 0, 247544.5513150677 663005.3976562152 0, 247637.6529989589 663062.2290971312 0, 247728.18712186714 663123.0675728915 0, 247815.9813760046 663187.7971537103 0, 247900.86866850892 663256.2947400894 0, 247961.7617560499 663309.371309215 0, 248020.90843263612 663364.3875259124 0, 248375.27945018286 663704.853706921 0, 248471.71772778063 663802.7451059169 0, 248562.6318295845 663905.787408991 0, 248630.6782959665 663991.0366325653 0, 248694.94150283077 664079.1729338572 0, 248755.29909931205 664170.0285486345 0, 248811.63623735617 664263.4303503343 0, 248863.84556886012 664359.2006485098 0, 248911.8277545059 664457.1571909785 0, 248955.49146214995 664557.1134635829 0, 248994.7535343209 664658.879189864 0, 249008.53942895777 664698.089982666 0, 249132.61207873904 665060.5904080753 0, 249162.72299928294 665154.580751012 0, 249189.1006798648 665249.6864173342 0, 249211.7040444497 665345.7590632237 0, 249230.49779961965 665442.6490690131 0, 249246.80169145728 665550.5006128257 0, 249258.38571399107 665658.9606837612 0, 249265.22769604705 665767.822764659 0, 249267.31464063918 665876.8797732013 0, 249264.6426389302 665985.9239621044 0, 249257.2166963459 666094.7478161695 0, 249245.05098551273 666203.1441527401 0, 249228.16867329774 666310.9067194638 0, 249206.60191906296 666417.8302939107 0, 249180.391701452 666523.7113808603 0, 249149.58798625186 666628.3484121304 0, 249114.2492994416 666731.5421437508 0, 249088.93512255434 666797.6102435837 0, 249061.76160696187 666862.9354186223 0, 248890.65726033953 667258.3904747458 0, 248842.1062963614 667408.0024098458 0, 248811.1366169186 667497.6114630944 0, 248789.81923284213 667553.6157314191 0, 248617.1624880369 667991.3604186994 0, 248580.9993477917 668078.2212010109 0, 248541.59348799594 668163.6597093646 0, 248499.00057928776 668247.5548708275 0, 248484.59960666668 668273.4570243184 0, 248467.76955822602 668376.8555404168 0, 248461.12222632868 668415.7551660542 0, 248439.5633018986 668522.6802828043 0, 248413.3608694667 668628.5631502089 0, 248382.56486934767 668733.2023953425 0, 248347.23380100625 668836.3987695351 0, 248311.37783397952 668928.4517450056 0, 248271.91319101662 669019.0162686191 0, 248246.90844472457 669070.7177239874 0), (236840.71591533662 636473.3600220818 0, 237020.47671011015 636480.4766310387 0, 237298.3575952335 636414.2900441105 0, 237096.83163196658 636227.5592043437 0, 237000.64024540072 636023.7505687794 0, 236924.6881103689 635899.7028269839 0, 236850.6402174491 635925.6549015968 0, 236608.85553925368 636002.2051076104 0, 236520.86733880622 636253.2549716429 0, 236840.71591533662 636473.3600220818 0)), ((223147.8305769439 698505.7952954064 0, 223064.6517555159 698722.848547466 0, 222703.7509774452 698579.8675881776 0, 222582.71209634145 698512.3383173593 0, 222201.553639493 698397.5800128579 0, 222255.11814157927 698311.0809605244 0, 222477.54852988344 698328.9520500782 0, 222697.83054993232 698262.6312734825 0, 222603.87298536583 697978.8421801821 0, 221838.86441685335 697891.1469943931 0, 221607.248161107 697691.5986203259 0, 221501.5535485192 697522.8486791663 0, 221400.64411317685 697435.9101452652 0, 221351.5535547262 697272.848585382 0, 221249.60661153682 697090.1337229417 0, 221201.55350650323 696722.8486971498 0, 221137.32007119196 696607.724201531 0, 221044.7602590985 696300.2900972369 0, 220947.8303335803 696126.5596183927 0, 220874.429450756 695803.4639038416 0, 220654.4769692513 695409.2378463026 0, 220644.63813735815 695286.8379931133 0, 220701.17500356198 694793.6616417699 0, 220851.5534086754 694726.5595540862 0, 220998.65425341873 694644.4916904321 0, 221399.88105277967 694676.7304956316 0, 221674.6918595269 694649.70404948 0, 221825.22280290545 694824.423295602 0, 222119.705252596 695035.8735461804 0, 222244.11320793472 695180.2826232803 0, 222486.4960484695 695389.1084221817 0, 222547.83027396735 695526.5595537587 0, 222651.55345221146 695672.8485449455 0, 222757.2480923634 695841.5985357723 0, 222918.11837689485 695980.197239564 0, 223201.55353063968 696322.8485216219 0, 223247.83034807103 696526.5594720772 0, 223301.779418249 696723.6908511507 0, 223291.65971964033 696849.7040565239 0, 223329.0194041965 697314.6820199116 0, 223113.51656931953 697800.1434436735 0, 222995.24264106085 698232.3089419395 0, 223147.8305769439 698505.7952954064 0)), ((224165.29888344966 699257.8460370756 0, 224800.4367537358 699453.9764004645 0, 224948.28833512377 699776.1077796081 0, 225001.09600404982 699873.300105383 0, 225056.77831200417 700053.6100694482 0, 225269.16854925378 700387.5579069634 0, 225423.61806320975 700560.4217177369 0, 225748.28840800945 700766.9035037161 0, 225689.03549852275 700904.0251483788 0, 225376.09001986627 701086.2273835109 0, 225179.33709906877 701306.4177588846 0, 225051.09611315225 701376.1076322467 0, 224896.87851039777 701446.8963478267 0, 224664.26139903624 701573.3000910608 0, 224434.89736365518 701438.9861012158 0, 224218.79020670126 701067.8069449393 0, 223821.8175383978 700713.1195116737 0, 223701.09596460446 700523.3002092468 0, 223586.31938831252 700358.9813455133 0, 223425.02783428013 700007.5531838922 0, 223258.20041488708 699768.7225841131 0, 223201.0960205821 699523.300151247 0, 223148.2883520763 699426.1077756605 0, 223101.09597206948 699323.3002168357 0, 223014.35884307997 699245.7978528506 0, 222995.30375053326 698926.1077331231 0, 223101.09590371972 698973.3001795606 0, 223165.58570354912 699045.4681348396 0, 223524.69213049774 698849.7039615958 0, 223548.28825683298 698876.107842516 0, 223753.90967010095 698970.480285298 0, 224165.29888344966 699257.8460370756 0)), ((238974.69255822658 703949.703011165 0, 238793.93079661386 704068.0257843173 0, 238513.47434159485 704012.6058858588 0, 238653.81849832082 703828.8289370371 0, 238713.47422519219 703602.72432637 0, 238872.51966221438 703634.1573090799 0, 238833.02990787086 703834.0047528857 0, 238953.8185216711 703920.5770573802 0, 238974.69255822658 703949.703011165 0)), ((238974.69255822658 703949.703011165 0, 239072.19007974383 703856.0322981267 0, 239149.1919739089 703083.8827246096 0, 238473.70369889133 703017.8182965869 0, 238200.1929514078 702924.202502223 0, 237993.61343482157 702873.842463189 0, 237800.19294823968 702774.2026143592 0, 237560.50790724196 702657.9245958874 0, 237320.39549284824 702334.0048879711 0, 237086.20359691253 702220.3878987258 0, 236047.3119648028 702241.5915933761 0, 235822.78805970078 702393.7828073915 0, 235521.48191357183 702524.202679549 0, 235300.16845697866 702374.1845392928 0, 235199.69239140092 702376.2352169356 0, 234955.624965075 702371.2547230339 0, 234459.11621904088 702156.4294141826 0, 234400.19277877352 701674.2028213356 0, 234347.59275242535 701262.6915423756 0, 234244.3577753098 700961.0802655941 0, 234250.21724465076 700674.2638926975 0, 234197.1775841054 700519.2956475388 0, 234427.23131928334 700072.7135666121 0, 234552.54871284912 700075.2770291279 0, 234749.19182237098 700375.2037019813 0, 234944.84613822546 700563.1797877364 0, 234999.19181768296 700675.203658133 0, 235100.1927492278 700824.2027416881 0, 235221.00578209737 701008.4679707704 0, 235510.129335544 701180.0987163418 0, 235870.18791344448 701172.7500555927 0, 236373.69130924577 700648.7022236638 0, 236475.69329222926 700550.7041326674 0, 236613.19331227144 700407.5889458493 0, 236845.0779396029 699929.6347419652 0, 237032.08967846114 699683.1748460591 0, 236899.1917556824 699425.2035853689 0, 236849.2649782258 699169.4662384682 0, 236629.42849977905 698742.7329058946 0, 236525.6932386577 698850.7041202101 0, 236442.94170878746 698930.2085627364 0, 235743.03941284594 699157.3203725046 0, 235500.19267757612 699074.2026590521 0, 235285.86164179858 699004.6593273198 0, 235050.19271991696 698815.4014586799 0, 235165.34151733998 698366.0851372784 0, 236103.57388900028 697337.9722136604 0, 236411.77700119463 696818.7705129044 0, 236728.90342276284 696440.9995385048 0, 237200.19250276024 696375.2035932471 0, 237430.4049750122 696316.2070275765 0, 237745.72480177195 696208.272388063 0, 237904.4404810121 695966.2069416468 0, 238001.7672025859 695666.2557570576 0, 238114.09627247025 695448.2014917526 0, 238550.19253272284 695325.2034906704 0, 238799.19150095296 695124.2025465255 0, 239038.83994664298 694946.5534922837 0, 239439.26711370723 694684.0169347698 0, 239699.19140828654 694474.2023967502 0, 240073.78859369474 694196.5168329963 0, 240349.191338336 693974.2024205258 0, 240551.1933163232 693876.2043392971 0, 240893.11226106973 693700.0690420356 0, 241200.1923874799 693625.2032426245 0, 241349.1913733362 693574.2023557557 0, 241508.13916509633 693522.6275318415 0, 241809.8358537657 693367.2076331996 0, 241899.19134063117 693274.2022676991 0, 241981.94281213928 693194.6977886858 0, 242350.1923891044 693075.2031487889 0, 242449.19136494718 693024.2022040295 0, 242550.19230442133 692975.203211482 0, 242653.14641500244 692922.1636600599 0, 242768.79584807987 692683.7969937825 0, 243308.88372422583 692283.4429045804 0, 243644.85786216214 691809.8223341358 0, 243850.19222048426 691675.2030831064 0, 244084.50623914693 691431.3310418378 0, 244206.21034521505 691372.2856496699 0, 244444.50378775958 691377.1440520659 0, 244610.8733741057 691320.1981523288 0, 244848.19033526638 691073.2010422675 0, 245169.55264407652 690917.2928363269 0, 245499.19123912358 690574.2020166102 0, 245645.30932157754 690433.8211612236 0, 245888.47338766552 690004.927144307 0, 246125.10674216377 689404.9636522238 0, 246466.63501391147 689492.4880884414 0, 246599.19117735742 689424.2019662118 0, 246815.19452944046 689319.4045185584 0, 247099.69167411313 689325.2150558386 0, 247239.4011360868 689322.3586226315 0, 247558.6393882753 689376.814228166 0, 247649.1911439792 689480.0856581188 0, 247549.19114213955 689674.2018437191 0, 247483.85920482024 689942.2072427331 0, 247349.19115087634 690274.2018734324 0, 247293.77126412332 690671.2233000419 0, 247049.1912801772 690974.2020003443 0, 246999.26455924852 691128.0470693514 0, 246848.190340353 691273.200903779 0, 246705.41688354764 691567.5003337314 0, 246574.44761005597 691760.700970486 0, 246249.19128540237 691824.2019565998 0, 246200.19231610378 691925.2030173835 0, 246033.09026531814 692145.4300445397 0, 245521.23720990226 692228.7552949406 0, 245381.0760938257 692517.6712526046 0, 245141.54974410773 692576.0697033633 0, 244937.94860005478 692571.9070723726 0, 244741.59856192983 692836.7997347566 0, 244645.96870586547 693033.9067762871 0, 244415.52438373183 693373.8724243044 0, 244348.33692752605 693580.9037640693 0, 244041.76955549762 694086.4457500608 0, 243950.19240557775 694275.2032072934 0, 243849.1914492286 694424.202147693 0, 243751.19347453697 694626.2040999741 0, 243649.1914623461 694824.2021093948 0, 243600.19243208892 694925.2031123389 0, 243523.6910080678 695073.7016954448 0, 243448.41021898313 695228.8774559967 0, 243300.97372906384 695370.5278625054 0, 243246.62805805897 695482.5518676834 0, 243097.16517702167 695626.1431235662 0, 243101.40099710628 695833.5161805919 0, 243656.68670535117 695990.1323231538 0, 243776.08371026444 696358.0765878567 0, 244000.19251935178 696524.202138497 0, 244219.62616129732 696690.7060436085 0, 244349.19162693102 696905.3910747627 0, 244099.16723342036 697274.2265451311 0, 244101.21803391265 697374.7026048676 0, 244098.6667638389 697499.7026538763 0, 244100.21711826918 697575.1787309616 0, 243999.191645071 697724.2020826197 0, 243858.68873367368 697938.5087217019 0, 243353.48855750923 698269.734458869 0, 243300.1926919507 698325.2031929299 0, 243101.6819272931 698455.354591224 0, 243000.19275092188 698975.2032619948 0, 242797.84890997302 699308.8824035043 0, 242425.0829289374 699752.9254466952 0, 242050.19275813212 700784.0045988108 0, 242188.0346173847 701321.8463652232 0, 241949.19198250008 701974.2023534423 0, 241897.61724607638 702133.15002611 0, 241793.19831311566 702335.8478591952 0, 241598.1909470456 702523.2014158313 0, 241411.86287291467 702717.1405418562 0, 241347.60513927837 703767.4641330669 0, 241415.5250442886 704099.0376629647 0, 241700.19309369393 704474.2023449299 0, 241749.19208793083 704575.2033241289 0, 241803.7698030755 704681.1481189124 0, 241900.11991617037 704978.053676874 0, 242198.67949940183 705264.9066576507 0, 242297.66632484068 705872.9450206077 0, 242441.20880381975 706084.7186948676 0, 242337.25379276142 706694.2279952557 0, 240609.44613026897 707027.2114623528 0, 240348.1912336661 706776.2044732121 0, 240243.22299807068 706666.9453621146 0, 240255.29570273816 706075.2827630964 0, 240049.1921918333 705675.2033617992 0, 239905.75957415678 705379.5492531842 0, 239845.0294601389 705321.2055993055 0, 239293.03976191717 705142.0796902033 0, 239050.19309962686 705225.2034115567 0, 238849.1921039325 705274.2025178494 0, 238557.67610253787 705373.9828268931 0, 238249.19213033814 705424.2025368653 0, 238049.6194190229 705475.3500510275 0, 237853.34254081652 705408.1686672474 0, 237961.81416178594 705091.2619089937 0, 238302.6100930731 705024.7335350553 0, 238405.19801576098 704917.958630606 0, 238527.390345779 704666.0848600678 0, 238900.19308751557 704575.2035377099 0, 239061.3869388755 704520.0277438036 0, 239149.19202959028 704192.336032882 0, 238974.69255822658 703949.703011165 0)), ((249948.2923470773 759226.10955802 0, 250053.91990277768 759320.4850698516 0, 250157.6674228438 759436.6014239143 0, 250248.29244911327 759826.109551436 0, 250301.10004638747 759973.2957500602 0, 250348.29244263485 760390.5107719735 0, 250172.26709030013 760523.295745812 0, 249901.10008474012 759873.2957972088 0, 249625.1966770065 759537.0226698597 0, 249551.09991021804 759231.5936076924 0, 249924.69611143565 759199.7026164245 0, 249948.2923470773 759226.10955802 0)), ((264179.6033324947 755961.5150548167 0, 265263.8318318493 755865.0976789347 0, 265446.19266627985 755675.2845599044 0, 265574.6960424585 755672.6598981988 0, 265736.57349434745 755675.96501513 0, 266162.4646625684 755616.5076782547 0, 266343.7756319255 755427.8082436195 0, 266720.7043330949 755274.9182014371 0, 267724.69598783465 755249.7014300763 0, 267786.1951096191 755313.7120595846 0, 268424.69603228907 755326.7429646354 0, 268905.0916134911 755316.937723263 0, 269737.57446775533 755519.8795320716 0, 270242.4938899727 755692.7066452084 0, 271390.9802413121 755669.2661161184 0, 271548.62192781444 755820.7308328851 0, 271612.12289555045 756317.5387405739 0, 271216.9446783691 756521.1184316886 0, 270870.667767615 756605.5331521868 0, 270726.4051068208 756744.137917051 0, 270431.58092748397 757240.7840923517 0, 270054.5912110512 757393.7016052485 0, 269440.9438089877 757571.2864321036 0, 268952.3206204331 757240.0730588483 0, 268308.99790318264 757075.2019359292 0, 267999.19564962597 757124.2010154956 0, 267850.19665618526 757175.201989605 0, 267560.5238269827 757269.2021873569 0, 266956.3002141262 757849.7351434628 0, 267389.88176412083 758107.123334245 0, 267526.6981875027 758372.7026016951 0, 267701.7592118951 758733.5454173877 0, 267951.1978010497 758973.2000285119 0, 268049.1958485145 759075.2019169154 0, 268295.08208018774 759311.4415966182 0, 268349.1958572641 759975.2020116241 0, 268449.1958903586 760365.39659071 0, 268049.7817844665 760381.1223051869 0, 267536.9766569865 760309.5342184698 0, 267352.76030952187 760132.5475519316 0, 267270.5948133148 759963.1811966612 0, 267075.5019758265 760063.6785784587 0, 267000.1968014308 759524.2010613659 0, 266949.19582233357 759375.2020505492 0, 266884.53508264537 758911.9757895276 0, 266775.6972269113 758798.7005720858 0, 266558.1923201517 758589.7314800314 0, 266499.1957427995 758475.2020513511 0, 266360.64592855994 758189.615539945 0, 266243.9710364562 758017.4933067188 0, 266058.5584445995 757635.3278102552 0, 265673.3777746465 757569.6264928628 0, 265387.5257982011 758102.5398079145 0, 265499.19573180523 758319.3183287014 0, 265381.4711395597 758385.7704234438 0, 265150.1967291955 758497.9744420839 0, 265203.74899072316 758637.0368538261 0, 265802.74801939476 759178.4064994373 0, 266108.54642513907 759326.7645337099 0, 266348.19484608073 759576.2030207457 0, 266647.9507412011 759864.2004737287 0, 266662.15971787536 760560.7031447281 0, 266505.0796533892 760724.2011235356 0, 266112.67248739843 760542.6032297213 0, 265999.19591887214 760375.2020419806 0, 265900.1968538476 760224.2011650763 0, 265799.19592974306 760075.2021650401 0, 265605.2749443102 759779.4288112877 0, 264950.1968045786 759324.2011733808 0, 264799.19579014974 759225.2021879666 0, 264568.60490540665 758985.2027976615 0, 264311.64699064393 758852.8267133223 0, 264049.6961780723 758942.4873905187 0, 263816.31004168635 758862.6015435109 0, 263650.1967984889 758975.2023017232 0, 263450.25777175865 759072.2024496449 0, 263447.2304197411 759220.6521421965 0, 263624.25679351896 759629.7982003818 0, 263750.40433305927 760331.9374654044 0, 264099.1958283416 760846.4881489519 0, 264019.6915120222 760974.2011686342 0, 263771.6202018092 760830.1582518046 0, 263500.1724341654 760624.1829658821 0, 263449.25695368403 760625.220539876 0, 263299.69642865745 760574.0303968539 0, 263013.880904902 760671.8606232164 0, 262652.7847180385 760679.2305962048 0, 262437.81745591975 760806.27903045 0, 260667.77395195735 761155.9220077056 0, 260640.0860730203 761073.1687013032 0, 260616.03412458504 760989.2864377818 0, 260595.66403239785 760904.4348690282 0, 260579.0144864141 760818.7756151437 0, 260566.11719519997 760732.4715675587 0, 260556.99663189513 760645.6870875922 0, 260551.67028811286 760558.5874092604 0, 260550.14825412614 760471.3382386249 0, 260551.5341608338 760405.1290087738 0, 260555.1112403676 760339.0019347958 0, 260560.87561777828 760273.0295146982 0, 260568.82089490394 760207.2841376109 0, 260617.81963039242 759851.4011109617 0, 260627.60396911416 759787.9023982568 0, 260668.39035175106 759548.7853938565 0, 260710.82829092542 759158.1759668246 0, 260715.21654685854 759123.5034302899 0, 260709.34913645274 759113.7384894838 0, 260676.8267436274 759054.5380486618 0, 260660.4165589639 759022.1181976777 0, 260586.23263598196 758946.7534390568 0, 260512.51801752998 758862.995954267 0, 260458.19293966255 758794.7060215562 0, 260406.89831230775 758724.1115926446 0, 260358.7317767199 758651.3467791392 0, 260313.78499228638 758576.5502568824 0, 260272.14363948017 758499.8644683865 0, 260233.88683222223 758421.4352218683 0, 260199.08753715002 758341.4118928812 0, 260167.81190213922 758259.9469232348 0, 260140.1194267497 758177.195123797 0, 260116.06295910344 758093.3142733334 0, 260095.68819568824 758008.4638200372 0, 260079.0339304856 757922.8054813227 0, 260066.13180624545 757836.50214582 0, 260057.006564341 757749.7182735681 0, 260051.67537496617 757662.6188960487 0, 260050.14850796212 757575.3699181763 0, 260052.42883037945 757488.1373184869 0, 260058.51205753227 757401.0872498495 0, 260068.38650246675 757314.3853402882 0, 260082.03341116046 757228.1967940319 0, 260099.42688155276 757142.6853936546 0, 260120.53369188504 757058.0140976969 0, 260145.31372418255 756974.3441445937 0, 260173.7197967731 756891.8346527561 0, 260205.69783133912 756810.6427207971 0, 260241.1870224771 756730.9229292138 0, 260280.11966994457 756652.8270401726 0, 260322.421852336 756576.5037007232 0, 260368.01283877745 756502.0981407603 0, 260416.80601391633 756429.752176493 0, 260468.70846092855 756359.6032108426 0, 260523.62129395758 756291.785132079 0, 260581.44008513578 756226.4267193062 0, 260642.0547765617 756163.6525392891 0, 260705.34985168296 756103.5821487501 0, 260771.2050096926 756046.3297975198 0, 260829.91165006143 755999.3381263211 0, 260890.34317024672 755954.5864526479 0, 260952.4143848993 755912.1380848264 0, 261016.03725622874 755872.0530264627 0, 261136.31285972922 755799.3966324234 0, 261177.946962654 755774.927342664 0, 261254.63320622972 755733.2866150503 0, 261333.06290716038 755695.0305190353 0, 261413.08658715378 755660.2319704394 0, 261494.55209655451 755628.9569877111 0, 261577.30419170298 755601.2652881531 0, 261661.18546422367 755577.2095934292 0, 261746.03617348513 755556.8356284954 0, 261831.69483641055 755540.1821239045 0, 261917.99839623983 755527.2809160298 0, 262004.78264623665 755518.1564499668 0, 262091.88222935854 755512.8260786142 0, 262179.0607162046 755511.2600627948 0, 262208.7821046559 755437.5132119304 0, 262261.37594359455 755327.2858167159 0, 262311.19360322185 755230.588749989 0, 262380.09697981924 755088.553033072 0, 262414.778581234 755020.4094083682 0, 262452.0395304377 754953.6413021316 0, 262497.64657381346 754879.2452848636 0, 262504.4169270032 754875.7984144604 0, 262357.1491268709 754829.8552219835 0, 262325.8908184189 754748.3833086032 0, 262298.2159662363 754665.6255341786 0, 262274.1773213628 754581.7392890493 0, 262253.8205614247 754496.8843299916 0, 262237.1845444551 754411.222282902 0, 262220.34310008987 754291.519965467 0, 262163.4707283329 753774.4708409086 0, 262154.2374511246 753660.7774723016 0, 262151.50072937965 753546.7426726598 0, 262153.79905975657 753459.510368758 0, 262159.9003056809 753372.4613827207 0, 262169.792657045 753285.7613390932 0, 262200.8685946727 753114.0674555403 0, 262221.9929654242 753029.4003430529 0, 262246.79034676583 752945.7353297808 0, 261807.1279142869 751402.7862264904 0, 261064.0548245644 750392.0600254182 0, 261073.95722144443 750342.8245572124 0, 261091.72271395713 750230.4546980984 0, 261091.87729214388 750229.4552501417 0, 261095.65880785062 750105.3377473749 0, 261098.23819092548 750020.3427239534 0, 261098.8465078143 749961.0966078873 0, 261099.84596903963 749862.2274250389 0, 261102.7059741296 749724.3613665433 0, 261098.39314947353 749674.6144862229 0, 261092.22307780787 749603.2716622415 0, 261092.09705323877 749601.8064426251 0, 261083.78378995153 749582.0689142701 0, 261055.34902869488 749514.5617223381 0, 261034.79156018648 749465.7271315176 0, 261030.80441824146 749456.2536796415 0, 260979.05763487975 749416.1295609919 0, 260935.43492218084 749342.5084488371 0, 260904.07800687235 749288.1373677985 0, 260893.85903384557 749270.3884362757 0, 260891.18761649381 749267.7016095299 0, 260842.47188175388 749218.8290402867 0, 260788.47552623902 749212.829804568 0, 260743.86871559228 749207.8932870054 0, 260650.80519091716 749121.5794692044 0, 260649.53148766008 749120.3977276963 0, 260638.03576990415 749063.7760400146 0, 260637.78179985058 749062.5248372564 0, 260616.87721369136 749005.2795395274 0, 260605.03332850957 748992.2805813652 0, 260586.7223331435 748972.1572265084 0, 260506.69645886452 748967.3435017413 0, 260489.24444866172 748966.2817756634 0, 260483.57296391556 748967.6579092018 0, 260401.4213108176 748987.7177360174 0, 260349.75255923747 748986.2811034101 0, 260327.18900786855 748955.367411129 0, 260323.6134559401 748950.4698542047 0, 260225.27566871015 748815.5415270128 0, 260584.64629796223 747472.6237401175 0, 260628.42523728972 746898.4090450378 0, 260344.5687239718 745626.737266293 0, 260158.002833584 744991.400369352 0, 260286.07426269024 744685.6406814712 0, 260318.99385976527 744607.0492922326 0, 260313.7678040592 744580.7709760946 0, 260230.46780832324 744161.8269503394 0, 259882.9273399797 743910.8412654215 0, 259782.41768794076 743019.5211802765 0, 260137.0692592323 742314.1897525368 0, 260203.98790917255 742058.4553079159 0, 260125.51791624984 741740.3168807348 0, 260092.35272410157 741605.8626484221 0, 259968.78451977333 741104.8889706256 0, 259727.19048796495 740151.4486383898 0, 259847.934659896 739708.094235985 0, 259849.08975482924 739703.8499609646 0, 259835.04859108425 739657.1021612688 0, 259562.87369765388 738750.9082747909 0, 258418.9144778613 737042.8866265146 0, 258086.49793772787 736473.045782366 0, 257625.73103505664 735840.8347686813 0, 257548.58871039713 735770.8114303177 0, 257544.51588636506 735749.785011985 0, 257531.58905214415 735663.4856500828 0, 257522.43881468856 735576.7045865065 0, 257517.08259870252 735489.6069427801 0, 257515.530576458 735402.3586147581 0, 257517.08378441478 735331.2015398799 0, 257554.00697126167 734399.6954881294 0, 257545.7577289055 734191.5737441396 0, 257544.2047421324 734104.2973451406 0, 257545.69664142004 734034.7027594247 0, 257549.60951606312 733965.2022316118 0, 257604.1015845115 733226.5927466725 0, 257614.56261986954 733122.1984874703 0, 257630.48369705954 733018.496338713 0, 257632.38075897828 733008.1417781075 0, 257733.6442880846 732463.5035777026 0, 257739.34827797065 732319.58260519 0, 257743.30549465708 732250.2118292984 0, 257749.66990876754 732181.020477222 0, 257758.43391125058 732112.091904135 0, 257769.5869408949 732043.5092560558 0, 257786.95728542103 731957.9935035664 0, 257808.04119192826 731873.316728726 0, 257832.7985687263 731789.6401742356 0, 257861.18232512413 731707.1232642471 0, 257878.4548656687 731663.233741409 0, 258032.27222263408 731708.6507052562 0, 258171.58394618894 731832.4664567453 0, 258189.29387495594 731848.2054334296 0, 258218.50783327653 731832.0629641317 0, 258317.53181264867 731777.3458764548 0, 258410.2964375084 731726.0876968225 0, 258502.91699643497 731569.7704772464 0, 258503.35319613531 731569.0353277836 0, 258508.13701765798 731569.6005597403 0, 259006.27915380365 731628.459006238 0, 259121.1434187048 731642.0313399369 0, 259213.46578249638 731676.3415411824 0, 259273.21233479353 731824.394802971 0, 259380.41216297843 731973.4995890905 0, 259401.00048223403 732002.135124091 0, 259402.62134192817 732004.6929213516 0, 259474.58971300928 732118.3151691033 0, 259552.80399680385 732215.0588916796 0, 259658.64114140585 732309.740352432 0, 259723.5586641918 732393.2978963548 0, 259737.70709770967 732402.1792710627 0, 259737.84152674399 732398.7876324563 0, 259855.29772618122 732472.5192056377 0, 259903.90400791407 732480.0819317027 0, 260001.17981306906 732372.7756490735 0, 260092.1115329752 732300.5307720865 0, 260142.842306145 732237.4716757349 0, 260274.45888585117 732118.1045854338 0, 260340.73622545775 732076.2950884788 0, 260421.77755891182 732033.7966688157 0, 260510.83428621493 731979.3643217406 0, 260565.53399501572 731950.4904256124 0, 260606.78223217206 731904.4307152003 0, 260624.15525896658 731864.8709327055 0, 260626.53074134424 731806.1246886268 0, 260647.1857389194 731741.4405986794 0, 260662.30912653546 731683.507344364 0, 260670.38697697382 731631.8222357298 0, 260711.18163073872 731591.3879847117 0, 260786.19195055624 731555.0772636011 0, 260851.71974619385 731537.7665147746 0, 260932.47967775803 731559.6399417573 0, 261007.28728760206 731594.3246439853 0, 261082.8136658989 731648.4468529576 0, 261181.19856617285 731739.503264872 0, 261256.49051423182 731816.560589889 0, 261316.43998518627 731889.2435840488 0, 261383.2792892301 731940.9277283438 0, 261436.79115065874 731985.1126546354 0, 261481.6477812252 732074.4191025477 0, 261524.629544538 732134.6031202718 0, 261565.12726821715 732199.4118502552 0, 261577.32016181882 732213.0529660329 0, 261607.6399452435 732246.9716178894 0, 261630.7328171656 732264.9703606752 0, 261683.30776649847 732323.9665009009 0, 261771.78590530725 732349.5893991988 0, 261811.54948360025 732384.212820041 0, 261869.2492674309 732385.4620792716 0, 261957.72755858922 732398.3369236345 0, 262041.08200721286 732379.0880097835 0, 262111.05158307002 732346.8657108119 0, 262125.76338952174 732340.0903450706 0, 262161.9646387374 732298.1540654738 0, 262172.61979062646 732251.0337343053 0, 262174.73004326585 732249.2888987485 0, 262182.150616127 732243.1585386404 0, 262185.49469189555 732229.4726680045 0, 262198.43112992076 732173.4131588885 0, 262224.3039193305 732143.227574607 0, 262237.24138309906 732117.3547653604 0, 262271.73868406727 732087.1691839028 0, 262298.44080771133 732070.7369579506 0, 262568.9328036549 732439.5210844919 0, 262827.25804064167 732718.3234759427 0, 263136.40107577504 732864.2158452928 0, 263279.36988711363 732996.6804474763 0, 263307.1630012791 733032.0251514065 0, 263293.0127320138 733058.2274012512 0, 263291.48612326087 733061.0533448139 0, 263278.3623718521 733085.3553345324 0, 263260.7076588548 733188.2863292235 0, 263236.89716131275 733244.2835750476 0, 263248.7397884093 733341.6515140283 0, 263251.1430139246 733345.4954434077 0, 263277.2687155679 733387.2739632559 0, 263333.42141341313 733439.5827139016 0, 263474.13159521576 733531.5771042026 0, 263509.77991350123 733566.5916620727 0, 263566.6093078025 733622.4124788946 0, 263572.5624034846 733628.2592269968 0, 263603.71670968767 733678.880542557 0, 263605.5342063145 733684.0482860797 0, 263624.8098012019 733738.8769844681 0, 263662.8387118779 733854.3071588341 0, 263697.6177756772 733953.425163753 0, 263744.98900786927 734083.9798598979 0, 263775.67542216164 734183.1614538579 0, 263778.42464445176 734243.4075841678 0, 263768.1752314524 734328.3389549288 0, 263769.30038269935 734380.461322325 0, 263721.89739837404 734424.0205916145 0, 263658.65085015126 734461.2059489966 0, 263623.93443130015 734501.5160497058 0, 263609.2132634111 734543.6479073497 0, 263605.89155564614 734553.1542115938 0, 263596.31057265366 734580.5730232976 0, 263599.3270952402 734586.3338583909 0, 263637.9960883869 734660.1933772378 0, 263682.99395186617 734672.8173040743 0, 263732.9281634083 734672.1303468484 0, 263857.70085496735 734666.2549633516 0, 263937.10184450063 734658.0061309945 0, 264017.6599406016 734660.4431442225 0, 264067.187696402 734669.4424729231 0, 264107.34139637044 734705.628433262 0, 264177.46357208234 734776.1856700216 0, 264254.42557792756 734821.0586812344 0, 264317.578801451 734819.1202884914 0, 264377.26187550003 734824.9330801123 0, 264433.9142066717 734833.3069778979 0, 264621.9967992453 734969.0489834207 0, 264717.33438735694 735015.2325493249 0, 264770.3936836285 734978.7343438567 0, 264834.70204131963 734944.0505469707 0, 264884.41702318337 734923.9886162634 0, 264967.91074251645 734915.6149321084 0, 265031.0332774127 734910.6149617035 0, 265075.6933629281 734933.5051366498 0, 265114.79528439033 734953.5464750602 0, 265131.9952885591 734962.361527688 0, 265206.70988944586 735031.7946095722 0, 265288.7670554453 735077.1047373716 0, 265361.5748873506 735116.9154172187 0, 265436.9437486457 735157.2247160119 0, 265499.3782472101 735179.3476981437 0, 265565.4680903251 735209.0335942523 0, 265620.36847115215 735241.9111798275 0, 265655.47513174673 735262.9347234904 0, 265669.61773177405 735271.4046840926 0, 265717.70894608286 735333.0251058217 0, 265791.0164843219 735413.7081488945 0, 265802.4752899021 735419.0253078338 0, 265833.57630782144 735433.4568167179 0, 265902.5722947576 735416.207548171 0, 265954.31882920733 735411.8967997421 0, 266015.7834920896 735461.1430129987 0, 266023.6894263579 735528.4502540737 0, 266035.62538760353 735591.0720962867 0, 266045.3752481469 735640.506664546 0, 266047.51439976174 735643.3326301799 0, 266095.05973679834 735706.1890845625 0, 266128.5577167191 735740.4376171915 0, 266206.458770178 735777.6852539374 0, 266262.7988098745 735758.9983867473 0, 266308.29629580374 735728.1883713793 0, 266375.9476614137 735672.0663644783 0, 266458.6304310533 735596.8214590139 0, 266472.2549256268 735600.4799073797 0, 266540.78187953576 735618.8831638655 0, 266566.654537304 735627.5067510058 0, 266614.0893168183 735666.3169656869 0, 266652.89965309645 735731.0000305367 0, 266711.5209217927 735785.8090921344 0, 266713.0527412559 735788.1622457125 0, 266780.0160810217 735891.114803849 0, 266782.7406942517 735897.593085319 0, 266802.015301663 735943.4244832215 0, 266802.2017202561 735943.6200626885 0, 266837.1065701433 735980.1725545889 0, 266847.2599666782 735991.8055033205 0, 266894.3844676597 736045.7934891649 0, 266963.37926852476 736084.602672041 0, 267032.37510716054 736080.2907944244 0, 267034.6963888186 736078.6167106432 0, 267122.86951280385 736014.9821028676 0, 267173.46009481983 735983.6088886816 0, 267253.7365636514 735876.1785147891 0, 267290.64027079893 735805.6827920969 0, 267312.79619112663 735785.6840796176 0, 267325.60667760833 735774.1229381891 0, 267368.72851562203 735756.8737399405 0, 267420.4763183374 735765.4983775722 0, 267467.90908985573 735769.8100508302 0, 267519.65665724507 735817.2450393455 0, 267571.2742192304 735858.9856504112 0, 267573.0599755575 735860.4295480496 0, 267608.3386368514 735913.5512356429 0, 267646.74231504824 735974.7989321519 0, 267647.00238641555 735977.2768258175 0, 267654.7731674366 736051.3554658447 0, 267659.7422858318 736128.9123129715 0, 267647.46125503414 736212.3446370506 0, 267642.36811924324 736299.7763867547 0, 267601.7455810304 736444.8925698827 0, 267596.27671287884 736501.7014862542 0, 267599.46325029776 736507.1858483033 0, 267619.3696127408 736541.4488277267 0, 267663.3669735035 736617.1944283871 0, 267708.5511885367 736647.1926379532 0, 267755.51721579675 736656.2542934454 0, 267815.32622622495 736628.8180069653 0, 267864.7290346431 736537.6990601536 0, 267940.47465510026 736476.3908906188 0, 267955.43218953675 736470.8228158553 0, 268019.8756113524 736446.8299374204 0, 268054.3730295071 736433.8936165491 0, 268097.49503842037 736451.1427587809 0, 268167.9265464791 736465.501237144 0, 268170.1472956671 736465.9538721035 0, 268171.52354094357 736470.5063562174 0, 268184.45891386206 736513.2627685794 0, 268190.2707206604 736576.0094992932 0, 268189.3646582951 736629.63201024 0, 268188.3642537692 736674.1280766738 0, 268195.08422622585 736726.6243408043 0, 268221.76897014957 736787.0579390542 0, 268254.3292938207 736869.3034445961 0, 268261.36053181556 736972.9217335159 0, 268343.29290712386 737050.5421590133 0, 268455.41067062586 737054.8539519429 0, 268558.9038811407 737020.3564962259 0, 268613.47455009026 736981.5145024498 0, 268630.0243652374 736969.7340518639 0, 268663.55318584124 736917.6751953053 0, 268637.17959238397 736752.5604544531 0, 268638.63252779504 736746.0831627196 0, 268658.1732778403 736658.977799166 0, 268666.27159563533 736622.881179101 0, 268690.7406063152 736610.1331787767 0, 268722.7682059211 736593.4471869902 0, 268770.20302814554 736576.1968303446 0, 268821.9497529826 736567.5722765715 0, 268869.384549315 736571.8840452814 0, 268970.4398105171 736620.069483387 0, 268973.1358123864 736623.5211521052 0, 269022.15567843145 736686.2524148817 0, 269092.6196873114 736830.3681988904 0, 269092.89212852815 736831.440367743 0, 269171.0840602645 737138.2860132271 0, 269173.18194955756 737141.1141669285 0, 269178.3590045175 737148.0933514277 0, 269253.1412050926 737248.9038302911 0, 269351.5495025035 737267.1288429357 0, 269361.1345359996 737268.9033947898 0, 269362.39393707266 737274.5821364587 0, 269377.28917338885 737341.7112059733 0, 269401.19400532526 737515.5734499068 0, 269400.1947148922 737560.0092048339 0, 269342.88500108384 737671.1901783295 0, 269365.25899732416 737744.7475920068 0, 269473.0650036522 737774.9332018314 0, 269516.6867481026 737706.7503241869 0, 269576.5582829827 737667.1281191562 0, 269628.30493541027 737585.194864182 0, 269623.51079317287 737533.8424954937 0, 269623.0244390662 737528.6368972219 0, 269643.1284350789 737516.982295869 0, 269718.86175417923 737473.0769632205 0, 269800.79390243103 737425.7057313106 0, 269887.03888668225 737417.0811648517 0, 269973.28299966047 737417.0810723711 0, 270169.8047593452 737518.2212774587 0, 270180.20701310894 737523.5743911039 0, 270258.5779088395 737578.7584522809 0, 270353.9463305132 737635.4423668701 0, 270413.34878004406 737719.1869725743 0, 270687.89461771405 738266.3400279683 0, 270721.8298251964 738326.0230900126 0, 270793.23085477244 738379.6454962532 0, 270808.6473000502 738395.1254372455 0, 270899.5367264682 738486.3878609492 0, 270919.0357020729 738570.0699254205 0, 270904.0371223566 738620.0675992183 0, 270914.5364231002 738690.9362607697 0, 270917.5857273763 738696.7286363826 0, 270966.43880831776 738789.4941953602 0, 271010.87348289863 738858.3649778203 0, 271047.30923274276 738933.4235010741 0, 271050.48538326303 738940.323901052 0, 271055.3091912904 738950.8048745624 0, 271074.7763367927 738993.1056115521 0, 271130.1782196163 739041.1026525116 0, 271219.5473925991 739085.1001425952 0, 271493.0937310773 739127.6598711452 0, 271644.6464785025 739327.3978882828 0, 272048.4321395264 739859.6762345234 0, 273530.83956096263 741768.05475473 0, 275229.8574940129 743937.0432981232 0, 276075.2992400104 745029.8910598273 0, 275842.3345969554 745090.9362040111 0, 275650.6475044094 745023.7487725419 0, 275498.743272711 744975.6530318438 0, 275250.6476101518 744773.7487149981 0, 274979.44390849787 744598.6205891235 0, 274762.4150738793 744082.8857633744 0, 274466.6021109776 743926.3611094737 0, 273989.2339105919 743907.4402722062 0, 273727.2588641013 744031.0791640697 0, 273334.76616039313 744454.6875766108 0, 272826.2822512031 744723.7489528008 0, 272454.3950312168 744525.3115137527 0, 272301.1236205135 744235.6568521772 0, 272296.3261865063 744114.6181562982 0, 272450.64745418745 743525.6533142698 0, 272498.7431626138 743323.748900057 0, 272595.85005235736 743046.6858712751 0, 272605.7255547765 742797.6929900235 0, 272486.1332384902 742419.9708581076 0, 272266.4310306705 742182.855443641 0, 271900.64732379856 741873.7490169576 0, 271596.0697228151 741694.6901197475 0, 271233.8382305173 741200.8241947694 0, 271057.153595902 741037.1157506957 0, 270777.23422684637 740655.4934018559 0, 270462.170642277 740452.0388058383 0, 270124.02365125436 740087.0912800661 0, 269663.4280185779 739925.6534021314 0, 269348.74288010027 739973.749120897 0, 268665.57645882084 740173.7491251922 0, 268401.59928383573 740097.6505175626 0, 268397.7175199951 739999.7013053239 0, 268401.67261139327 739899.7014000054 0, 268397.7174856161 739799.701296246 0, 268402.17311690445 739687.0671027198 0, 268100.6471435703 739316.5592494975 0, 268148.7428584106 739023.7492285944 0, 268212.50010354613 738780.408182539 0, 268123.4864307896 738354.9625650012 0, 268286.0963361695 738179.4682095251 0, 268624.7437184345 738090.7291386505 0, 268845.1051184755 738194.7329762147 0, 268898.742775808 738475.653455941 0, 268998.2667729016 738663.727144195 0, 269136.35274938366 739243.4573080511 0, 269239.2091666038 739461.4016861182 0, 269298.7428877666 739525.6534641557 0, 269350.6471953547 739573.7491216197 0, 269582.28783192445 739823.7490625475 0, 269875.5250604278 739739.9845212717 0, 269977.2707468457 739449.7012501315 0, 269850.64714016585 739088.440183263 0, 269898.7428422732 738973.749154164 0, 269964.3800918379 738849.7012790913 0, 269865.75939296174 738663.3119972926 0, 269993.54264234874 738525.3909066386 0, 270247.9004929691 738444.8610721712 0, 270252.55136142194 738327.6675334907 0, 270150.6471258174 738273.7490741719 0, 269872.88833162613 738220.7157244199 0, 269410.65681491315 737976.1295247875 0, 269274.69494994055 737970.7400825747 0, 268975.26860364224 737982.6053499085 0, 268671.5577322554 737903.0277405746 0, 267873.7427657216 737934.6500586744 0, 267726.84335358103 737865.3202126493 0, 267022.2168990809 737433.881076588 0, 266570.7763651205 737275.6535452366 0, 266363.54992446094 737414.014180045 0, 266225.9888949038 738071.4909887924 0, 266322.79057984165 738276.6057396047 0, 266539.23346292664 738685.6389483133 0, 266561.5846449211 739249.7014827633 0, 266540.51537031436 739781.220000726 0, 266612.231690147 740082.2880919161 0, 266780.4568405214 740263.849430881 0, 267090.96703062416 740464.3620435074 0, 267268.1887557013 740721.8998977033 0, 267183.6672380956 741164.5939641033 0, 266904.04080996255 741237.8667320954 0, 265874.69509895606 741278.662584742 0, 265361.2307423179 741258.3135683018 0, 265300.6472056209 741575.6536350149 0, 265248.34016877215 741674.5061451546 0, 265306.05507185427 741839.1791093526 0, 265292.4075709486 742183.6432143352 0, 265548.743084557 742602.2954958518 0, 265468.22548986715 742808.8019366196 0, 265187.92759073316 743023.7493089777 0, 264651.3187399074 742947.6630238877 0, 264498.7430535272 742875.6536907888 0, 264314.6976341028 742778.2660974596 0, 263951.1112245983 742763.855634783 0, 263945.72797667375 742899.7016058865 0, 263956.98278122634 743183.6432893567 0, 263672.7910180753 743647.7973844183 0, 263366.3090629212 744169.1169066338 0, 263067.12695927976 744632.4165578771 0, 262661.0479407929 745008.6800692157 0, 262408.7773334673 745420.6856860731 0, 262392.2124978501 745838.3552529245 0, 262474.2926211509 746182.9415120193 0, 262657.971878463 746467.3835661095 0, 263048.74325119605 746525.653840399 0, 264098.74335745594 746592.816920449 0, 264050.6475895645 746675.6537959359 0, 263937.06118971366 746780.9027738842 0, 263959.6075519135 747349.7016744434 0, 263946.82691413886 747672.0405909176 0, 264043.775189747 747855.2497407292 0, 263737.28103828244 747981.1469863731 0, 263216.9807042727 747960.5231948413 0, 263050.64765470027 748114.6370873841 0, 263150.6476811844 748241.510891984 0, 263599.69553745666 748223.71297284 0, 263649.69554642844 748225.6903875265 0, 263824.6344628089 748218.7567796783 0, 264389.28293014545 748465.1679762576 0, 265000.6476660826 748523.749356466 0, 265478.61401459546 748623.7493689967 0, 265869.9226861821 748554.5660207741 0, 266017.1761016527 748176.422664727 0, 266347.1687192186 747963.3245910421 0, 266351.6730950885 747849.7014810607 0, 266342.8108102594 747625.9649107564 0, 266630.15205306566 747614.5757864253 0, 266814.7101754563 747900.3850671165 0, 267063.62370177463 747729.1021393366 0, 267249.69560486823 747721.7289897325 0, 267525.81857043225 747732.6726078908 0, 267877.5031986206 747595.7280369531 0, 268342.84742355155 747192.1330456524 0, 268904.4561991087 746829.4682025312 0, 269371.26523212425 746325.6534429205 0, 269811.14566789835 746401.3797456574 0, 270139.20964553696 746613.2265958802 0, 270323.1208063215 746853.0520469503 0, 270464.99098509934 747217.3709099692 0, 270737.3420230554 747732.0865144603 0, 270650.6477590393 747825.6533872142 0, 270548.7434869731 747873.7490954387 0, 270137.98901216144 748208.0325497186 0, 269630.12770524394 748447.7115117598 0, 269401.5999048741 748801.6055507927 0, 269055.4451561093 749304.6574029456 0, 269047.5350098221 749504.2057059315 0, 269154.1879545392 750173.7431554344 0, 269587.87937871425 751229.5718909204 0, 269657.91125809355 752171.4054579763 0, 268977.23492551735 752198.3829940277 0, 268766.4560481079 752003.082717875 0, 268650.64800631104 751823.749227559 0, 268111.927260167 751229.962644265 0, 267709.5468156089 750681.3725954924 0, 267509.754372344 750575.6535748782 0, 266950.64781086065 750633.978871414 0, 266998.7436105234 750725.6536781506 0, 267150.64790923527 750973.7493628344 0, 267198.74368497706 751125.6536416425 0, 267500.64795591816 751473.7493260182 0, 267548.7437026746 751575.653594576 0, 267748.7435925141 751902.2955109846 0, 267606.36085486383 752119.4829756292 0, 267287.8793773858 752132.1049673448 0, 266698.74367916776 752075.6536499842 0, 266410.7553627142 751974.7199019552 0, 265898.74364784604 751925.6536745895 0, 265700.64789468393 751773.7494099323 0, 265259.5347178756 751462.7631179959 0, 265368.99508526945 751230.8357096703 0, 265261.2735332791 751454.6072431807 0, 264695.79161274247 752591.4551744492 0, 264924.6957967489 752549.7016305178 0, 264947.8403478572 752576.5631215303 0, 265147.1934098476 752665.5158564057 0, 265197.8404655708 752750.5316227878 0, 265078.7974434011 753074.7016595679 0, 265151.55137088714 753272.8400110591 0, 265197.8404525299 753520.6092535168 0, 264903.7241863638 753876.1634570772 0, 264753.3986355863 753903.5858319161 0, 264179.6033324947 755961.5150548167 0), (262650.6472123123 741223.7495878874 0, 262962.64678565867 741666.2971170053 0, 263797.72980040434 741699.3964065383 0, 263804.5413286844 741527.3566634136 0, 263569.7146297926 741309.7725218367 0, 263450.64728870627 741084.7663124836 0, 263548.7429380015 740923.7494522681 0, 263982.87372059666 740439.728395357 0, 264122.7907383347 739997.7973759716 0, 264229.2848324439 739899.121695376 0, 264400.64716712944 739675.6537264383 0, 264448.7427803598 739273.7493927823 0, 264548.7427846028 738988.4406432195 0, 264481.59197086387 738549.0973253615 0, 264348.7427936418 738225.6537151658 0, 264181.79935792787 737796.930590828 0, 263654.4555955977 737629.9750169148 0, 263486.4990104659 737355.6647998157 0, 263359.5825443464 737086.7255009274 0, 263128.62545070506 736751.0872049385 0, 262973.730469722 736100.8490730694 0, 262728.0761099979 735636.6035175367 0, 262548.74255675205 735225.6538835174 0, 262366.6380378362 734758.0025086057 0, 261750.6468150264 734223.7496184572 0, 261548.74248946854 734075.6538547802 0, 261524.6946373601 734049.7017139471 0, 261229.63855330963 734090.0276448323 0, 260954.51639526893 734428.0953501686 0, 260934.86314054823 734923.890089093 0, 260998.7425733829 735125.653977524 0, 261205.43209913146 735715.3695104584 0, 261432.26316445434 736712.7571527003 0, 261503.0273849926 737524.7871678254 0, 261600.5616315158 738137.1040699474 0, 261798.74278820716 738875.6539401202 0, 261995.64227168102 739521.2959531934 0, 262136.09639235208 740548.9997749641 0, 262298.7428871335 740825.6538914884 0, 262650.6472123123 741223.7495878874 0)), ((268745.5704274943 761528.8274745133 0, 268892.3233728333 761634.0062603934 0, 268836.1710895138 761918.1371253511 0, 268697.16964643437 762020.5754514058 0, 268553.82241828745 761820.575480373 0, 268407.3379936711 761764.0782324593 0, 268454.71355093905 761524.2985889347 0, 268724.69646541117 761499.7014033726 0, 268745.5704274943 761528.8274745133 0)), ((268507.47238282405 762108.5485343174 0, 268651.5519879466 762172.8429041605 0, 268793.2267564506 762251.8834293202 0, 268681.47137482284 762452.1825123555 0, 268160.02367847855 762522.8430410123 0, 267704.45730088203 762355.5487603161 0, 267551.5519777939 762098.8713892011 0, 267688.6246860177 761725.6138982006 0, 267774.6964615373 761699.7014350818 0, 267818.53189741506 761845.2855474101 0, 268101.32006084913 761822.562122187 0, 268147.8410010111 761876.5599541175 0, 268376.7106167641 761928.5557463393 0, 268451.4664633175 761922.5499522123 0, 268507.47238282405 762108.5485343174 0)), ((280641.1799606281 763363.5598443688 0, 280516.2959232027 763198.4585175806 0, 280478.19571639865 763096.8577072467 0, 280614.7219070378 762887.3063301936 0, 280852.84886439197 762662.4090829339 0, 281024.829550143 762477.1995175768 0, 281246.5521380291 762328.5028479609 0, 281392.60315836046 762334.8530950033 0, 281475.15358845086 762576.1549189592 0, 281580.4583129444 762715.326801741 0, 281606.91680638865 762794.7024365845 0, 281608.504179331 762938.1076523146 0, 281506.9033095765 763052.408430974 0, 281449.7528378416 763141.3089966116 0, 281354.5019985326 763223.8595112289 0, 281214.8009651752 763268.309752141 0, 281049.6997822309 763255.6095061912 0, 280909.99876626016 763236.5591412492 0, 280641.1799606281 763363.5598443688 0)), ((258796.49818323256 761156.2572396187 0, 258849.1958717242 762125.2026032864 0, 258900.19691556276 762274.2015643672 0, 258949.19604023144 762475.2026054787 0, 259039.3570659816 762738.6302775907 0, 259114.05199612712 763396.1986617853 0, 259093.12918074866 764421.7418912209 0, 259169.11802898766 765090.8123549109 0, 259087.50186736308 765842.045286948 0, 258633.42473473126 766223.2251291338 0, 258424.59900241002 765915.1623062869 0, 258349.19607121256 765325.2025892045 0, 258269.55743683287 764267.1764782717 0, 258062.55055351468 763840.482730459 0, 257860.4142442105 763574.0918303959 0, 257707.39911330782 762827.0031396161 0, 257694.300889166 762185.5084033918 0, 257896.3394234277 761718.5406811006 0, 257700.31895206147 761530.2013636573 0, 257687.23302277393 760888.7005389507 0, 257749.52544143758 760823.8567385382 0, 257899.1958771133 760900.9594118935 0, 257850.09914476587 760673.7377949689 0, 257749.6962704454 760725.4589805879 0, 257599.19590112125 760647.932131662 0, 257418.42186466657 760923.6707209325 0, 257350.196877617 760574.20170904 0, 257257.1670119909 760119.9902551705 0, 257422.71879799923 759947.6818974239 0, 257875.099124428 760102.5249143231 0, 257949.1957742596 759874.2016213613 0, 258000.19674423413 759725.2026698824 0, 258108.19236999616 759282.2063716226 0, 258274.69623784506 759249.7020751575 0, 258490.47996616614 759549.7356965251 0, 258575.6972432807 759798.7012031564 0, 258649.1958384639 760025.2025495819 0, 258811.42734855693 760425.1445322058 0, 258796.49818323256 761156.2572396187 0)), ((280621.12689962063 767140.6829272378 0, 280671.4191790191 767241.2677354754 0, 280704.94726974383 767358.6166185087 0, 280721.7112264367 767543.0220341232 0, 280738.4751770898 767710.6632260765 0, 280738.4750731 767811.2480245719 0, 280738.47486584436 768012.4174663748 0, 280688.18235078634 768213.5869006258 0, 280621.1256175266 768431.5204172768 0, 280453.48421884107 768649.4538222146 0, 280403.19179550867 768699.7461508041 0, 280218.7864169306 768716.5101354637 0, 280034.3810699491 768716.5099612984 0, 279933.796313889 768716.5098010696 0, 279917.03234728076 768565.6326957317 0, 279847.4193307409 768337.7621734589 0, 279883.5043969427 768213.5861094478 0, 279883.50466449565 767928.5960180535 0, 279950.5614450668 767693.8984004839 0, 280000.8539667861 767543.0213490492 0, 280101.4387867705 767408.9084535176 0, 280252.3160300277 767274.7956323416 0, 280369.6650358484 767090.3903929153 0, 280503.77804338344 767073.6263432063 0, 280621.12689962063 767140.6829272378 0)), ((280982.7215448559 769853.7734749703 0, 281100.0702423883 770038.178918908 0, 281124.0474733082 770292.3385175162 0, 281140.81136635947 770543.8004067722 0, 281140.81117749924 770812.0263474325 0, 281196.80177067686 770957.1576867168 0, 281090.96745659463 771129.1380757804 0, 280813.1529031581 771168.8255543038 0, 280570.8307629697 771029.959438965 0, 280508.88010710233 770877.7814641495 0, 280530.08931371174 770775.7997345686 0, 280664.20249143476 770591.394484277 0, 280496.5615598752 770339.932537469 0, 280419.9545540833 770091.1683557942 0, 280496.56210719136 769769.9523589341 0, 280664.20342523744 769619.0754481666 0, 280831.8446683238 769602.311437396 0, 280982.7215448559 769853.7734749703 0)), ((230945.9982553709 773080.6152793574 0, 231500.64918052446 773323.7517321458 0, 231698.7448403982 773431.6954074256 0, 230911.9650720919 773738.0706558803 0, 230531.5817668381 773722.9950039736 0, 230296.9260031854 773469.7266072899 0, 230304.25016522425 773284.768678144 0, 230550.64913738542 773125.6560864844 0, 230648.7447637217 772973.7517264774 0, 230824.6969079942 772949.703903992 0, 230945.9982553709 773080.6152793574 0)), ((274577.56519456377 773288.7681271543 0, 274747.1813481664 773379.606399391 0, 274850.6302895729 773435.0087262216 0, 274898.2555613641 773482.6341018892 0, 274937.9432973144 773546.1345330083 0, 274969.6934477007 773625.5102273824 0, 274985.5684479873 773736.6359889645 0, 275001.44353352144 773808.0740269225 0, 274985.56831659586 773871.5745328263 0, 274898.2551438429 773966.8251395815 0, 274787.1292309584 774022.3879292171 0, 274644.2531320889 774054.1380663911 0, 274477.5644779589 774062.0753913978 0, 274358.5010801733 774022.3875577447 0, 274263.250453893 774006.5122806588 0, 273990.34280424146 773798.5849795633 0, 274149.0943281556 773449.3325327914 0, 274276.0954025326 773306.4566321793 0, 274403.09639597056 773195.3309323103 0, 274577.56519456377 773288.7681271543 0)), ((230443.25181764443 775252.7282719195 0, 230354.26253507638 775318.7653606058 0, 230305.62979528485 775142.25771534 0, 230374.69707430297 775099.7039380551 0, 230443.25181764443 775252.7282719195 0)), ((272529.8312909402 774608.2145819981 0, 272629.17104531225 774714.3645197848 0, 272708.54652739497 774871.7046794947 0, 272729.71311549266 775104.5397431444 0, 272629.1705664074 775243.5351502209 0, 272311.66820153047 775322.9103430256 0, 272205.83404052124 775349.3688119282 0, 271967.7073987676 775269.9930243859 0, 271835.41471757076 775243.5343229523 0, 271808.95644344884 774978.9490751331 0, 271831.32605370285 774735.2148484024 0, 272228.20408812375 774576.4640669433 0, 272529.8312909402 774608.2145819981 0)), ((229968.08086180413 775411.334307558 0, 229812.6243543012 775571.93921017 0, 229634.81677193675 775349.8993375915 0, 229552.46802826124 775083.7555773708 0, 229824.69710014306 775049.7040770792 0, 229968.08086180413 775411.334307558 0)), ((280101.43480215914 771516.1185427646 0, 280218.78354901285 771633.4674736139 0, 280386.4246419165 771851.4012471989 0, 280470.2450325235 772069.334967142 0, 280537.3012400547 772320.7968786109 0, 280570.82930957904 772488.4380833067 0, 280570.8288282424 772991.3617622788 0, 280621.1206978827 773578.1061142575 0, 280621.1202649642 773963.6809878724 0, 280537.29922893806 774449.8404830361 0, 280453.47820562596 774868.9434421372 0, 280168.4877240672 775288.0462496245 0, 279866.73315850884 775640.0925045848 0, 279481.15804867935 775958.6104840498 0, 279095.5830051168 776193.3078677282 0, 278810.59276302735 776344.1846697334 0, 278726.77188119205 776662.7029428233 0, 278642.9509799713 776947.6929354405 0, 278357.9604300577 777433.8522296274 0, 278123.26257995097 777567.9650011503 0, 277754.45154497586 777886.483058173 0, 277670.63075086917 778054.1241780139 0, 277586.8098162441 778439.6989538792 0, 277502.9889945051 778590.5759264964 0, 277285.05528654216 778724.68870735 0, 277234.76303724735 778573.8115324845 0, 277234.7632720334 778355.8779923758 0, 277368.87651365995 778104.4162895723 0, 277469.4615638616 777769.1339072413 0, 277653.8672303151 777400.3233332265 0, 277704.1597576942 777282.9745595242 0, 277720.9241799999 776997.9844978914 0, 277737.68858726404 776679.4661031133 0, 277754.4529065296 776444.768483437 0, 277821.5095715369 776243.5990265667 0, 278005.91517812846 775975.373204435 0, 278207.0847975926 775874.788721922 0, 278223.8490530141 775757.4398907109 0, 278223.8493728783 775422.1573876801 0, 278207.08551127696 775120.4031427421 0, 278223.85013158934 774567.1871042338 0, 278274.14305014577 774047.4993848302 0, 278341.199980902 773578.1040030275 0, 278425.02082395786 773343.4063389978 0, 278575.89821327163 773008.1240240552 0, 278877.65279003966 772639.3136371749 0, 279078.82238266733 772505.2008518969 0, 279279.9921871962 772136.3902643869 0, 279464.3978733054 771817.872149575 0, 279682.3315203686 771734.0516983955 0, 279883.501168828 771616.703095786 0, 280000.8501221471 771516.1183990524 0, 280101.43480215914 771516.1185427646 0)), ((274728.42073046823 779020.9825778541 0, 275011.86802332883 779415.739659596 0, 275097.8422486889 779864.3769727394 0, 274940.50580690673 780292.8056995899 0, 274658.2776775223 780749.8982375335 0, 274045.9990454199 780667.8073096144 0, 273494.1028696961 780390.061173117 0, 273049.5998056752 780178.3925959367 0, 273240.10168343445 779670.3890578782 0, 273282.43571950065 779204.7189335088 0, 273472.9374240935 778887.2167709958 0, 273959.7745741785 778654.3822372076 0, 274256.1099511612 778802.5503135675 0, 274552.44545422075 778781.3836945388 0, 274728.42073046823 779020.9825778541 0)), ((267919.54757542996 780614.6117784483 0, 267972.4644753924 780720.4459215609 0, 267972.46424654784 780985.0312172346 0, 267946.0055975552 781143.7823673429 0, 267813.71283233183 781196.6992698464 0, 267443.29340643494 781249.6160174845 0, 267363.9180914762 780958.5720791578 0, 267363.9182587667 780826.2794596516 0, 267496.2110055767 780667.5284541553 0, 267575.58670829434 780588.1528685158 0, 267707.87936922314 780561.6944967278 0, 267919.54757542996 780614.6117784483 0)), ((273815.70966398425 780980.4875622715 0, 273980.935523804 781160.1946578333 0, 274047.3906125704 781513.9651620943 0, 274022.08546792716 781790.1187156684 0, 273736.3329913261 782171.121230243 0, 273121.66448611056 782257.0535733803 0, 272954.0229038395 782642.6281847915 0, 272769.617570091 782625.8639574021 0, 272786.38190561306 782374.4021310762 0, 272847.32689024333 781758.3673623833 0, 272625.0755060782 781488.490205976 0, 272974.3283810421 781107.4876721251 0, 273355.33135412633 780964.611960087 0, 273697.390566537 780922.3879780335 0, 273815.70966398425 780980.4875622715 0)), ((276117.29759714234 783420.7841718646 0, 276265.46498332266 783759.4534275951 0, 276307.79826973204 784119.2894478926 0, 276307.79810642597 784352.124496109 0, 276350.1315032478 784563.7927443278 0, 276265.4639722716 784817.7946106731 0, 276201.96348165674 784838.9612906924 0, 276096.12933798117 784923.6284761745 0, 275820.96078842005 784775.4605157543 0, 275503.45860608324 784584.9587652893 0, 275207.1236484865 783992.2875211586 0, 275164.7901319198 783844.1197037259 0, 275228.29078516085 783674.7851917101 0, 275376.4586894967 783547.7844195592 0, 275588.12698902574 783420.7836458156 0, 275693.9611335979 783378.4500979456 0, 275863.2958024405 783314.9498591691 0, 276011.4635638881 783314.9499776248 0, 276117.29759714234 783420.7841718646 0)), ((273228.1160067611 784719.7321347654 0, 273249.2827111515 784867.8999147769 0, 273228.1157095949 784994.900791069 0, 273143.4484478097 784994.9007542414 0, 273058.7810281189 785100.7347624458 0, 272995.2806228979 785100.7347315387 0, 272910.61333786976 785079.5678625247 0, 272762.4457059796 784952.5667824801 0, 272741.2789251159 784889.0662657308 0, 272741.2789921752 784804.3989730463 0, 272868.2801007895 784677.3981205334 0, 273016.4478090107 784656.2314932 0, 273079.94833684276 784656.2315097231 0, 273228.1160067611 784719.7321347654 0)), ((270838.21836849157 787222.0505679215 0, 270721.86209701037 787386.1517071058 0, 270607.98078975314 787555.3584842084 0, 270354.2914875474 787652.2658003452 0, 270170.14010792226 787684.0158214604 0, 270096.19003455515 787599.2146751406 0, 269951.91883016226 787454.9432324604 0, 270203.21355928935 787333.175815295 0, 270465.1531188208 787253.8004109408 0, 270600.09170565323 787142.6747239495 0, 270766.78040829836 787118.8622468944 0, 270838.21836849157 787222.0505679215 0)), ((274742.93922994303 786862.8765963925 0, 274912.2737637327 786947.5440008622 0, 275018.1078371775 787011.044585279 0, 275123.94171084743 787265.0465741069 0, 275166.27509888815 787540.2152436445 0, 275166.2748296926 787794.217146416 0, 275166.2745240514 788132.8862311167 0, 275060.44010187726 788471.555318439 0, 274954.6057685217 788704.390316023 0, 274848.77151601436 788873.7247462543 0, 274594.76953447156 788937.2249771382 0, 274277.26735133893 788831.3905341594 0, 274129.10008710815 788259.8862694278 0, 273980.93298433727 787603.7146250136 0, 274044.4337897995 787201.5450451087 0, 274150.26806929463 787053.3773581384 0, 274425.43691617105 786884.0430965612 0, 274573.6046680385 786862.8764335245 0, 274742.93922994303 786862.8765963925 0)), ((270175.1363351418 789783.8937334234 0, 270196.30346726114 789424.0577532925 0, 270280.97107055783 789127.7223452125 0, 270386.8053827391 788873.7205536168 0, 270577.3069137522 788767.8866843006 0, 270746.641479867 788704.3863651396 0, 270979.4765626525 788704.3865704555 0, 271106.4774486572 788789.0539329092 0, 271085.3104250681 788958.3885089811 0, 270979.47620983655 789085.38941244 0, 270810.1413437904 789360.5578753072 0, 270640.80669303256 789466.391826892 0, 270513.8056297571 789635.7263491026 0, 270513.8055190854 789762.7272730707 0, 270280.9704511118 789741.560184211 0, 270175.1363351418 789783.8937334234 0)), ((274783.2406413157 793241.4276789266 0, 274973.74183968257 793447.8043408986 0, 275053.11714972794 793670.0560548418 0, 275211.86827957636 793765.3069679907 0, 275259.49363052886 793781.1821402933 0, 275307.11888851604 793844.6825613168 0, 275211.86816045974 793892.3078779764 0, 275005.4915886199 793924.0579098515 0, 274910.2409323999 793939.9329559495 0, 274767.3648612857 793939.9328289866 0, 274624.4889446006 793749.4313007402 0, 274576.8638413757 793495.4294136487 0, 274576.8639699198 793352.5533637432 0, 274656.23964923644 793241.4275603888 0, 274783.2406413157 793241.4276789266 0)), ((215055.15580178317 773238.446554308 0, 215172.490931437 772951.3541600485 0, 215682.94586659892 771088.5942745216 0, 216079.82491143723 769931.0340334437 0, 217050.34746230187 768465.6968951041 0, 217337.13545157772 767579.4631725895 0, 217703.91136653392 766414.7293642301 0, 217689.3624391763 766371.8538720043 0, 217652.74940317796 766246.1880255454 0, 217621.6526064932 766119.0446594962 0, 217596.13138634924 765990.6659793863 0, 217576.23424702787 765861.2961962386 0, 217561.99911001627 765731.1817264218 0, 217553.4529755751 765600.5700949229 0, 217447.42183790548 764008.841803754 0, 217501.59735152088 761771.8218194491 0, 217564.56273972875 761657.0708087521 0, 217632.47342297126 761545.175537025 0, 217640.43661325207 761533.2595198114 0, 217586.98557560495 759835.3829173226 0, 217655.12701574224 758522.9003365312 0, 218395.96638425215 757940.8133996902 0, 219269.0985203572 757305.8094919127 0, 219613.05974531148 756988.3075341214 0, 220380.3572832443 756750.1815040986 0, 220854.82991069937 756768.8901732592 0, 221300.64800283161 756786.4690621145 0, 221392.50970186034 756830.4794204653 0, 221484.1172935489 756875.2263095403 0, 221575.46656884116 756920.7076747299 0, 221666.5533307243 756966.9214277276 0, 221757.3733944372 757013.8654465985 0, 221847.92258765342 757061.5375759233 0, 221938.19675068252 757109.9356268633 0, 222028.19173665805 757159.0573772609 0, 222117.9034117334 757208.9005717811 0, 222207.3276552705 757259.4629219618 0, 222296.4603600377 757310.7421063578 0, 222385.29743239132 757362.7357706374 0, 222473.83479247347 757415.4415276895 0, 222562.06837440404 757468.8569577462 0, 222649.99412645047 757522.9796084651 0, 222737.6080112352 757577.8069950802 0, 222824.90600592963 757633.3366004911 0, 222911.8841024061 757689.5658753957 0, 222998.53830746454 757746.4922384031 0, 223084.86464298054 757804.1130761289 0, 223170.85914612797 757862.4257433632 0, 223256.51786952498 757921.4275631591 0, 223341.83688144456 757981.1158269693 0, 223426.81226598736 758041.4877947645 0, 223511.44012324614 758102.5406951655 0, 223595.7165695261 758164.2717255717 0, 223679.63773748893 758226.6780522929 0, 223763.19977633262 758289.7568106733 0, 223846.39885200144 758353.5051052219 0, 223929.23114732566 758417.9200097583 0, 224011.69286223254 758482.9985675636 0, 224093.7802138807 758548.7377914619 0, 224175.4894368763 758615.134664013 0, 224256.81678342912 758682.1861376257 0, 224337.75852350926 758749.8891347153 0, 224418.31094505548 758818.2405478299 0, 224498.4703541167 758887.2372397876 0, 224578.23307503352 758956.8760438709 0, 224657.5954506052 759027.1537639042 0, 224736.5538422662 759098.0671744458 0, 224815.10463024478 759169.6130209318 0, 224893.2442137297 759241.7880198167 0, 224970.96901104486 759314.5888587334 0, 225048.27545980527 759388.0121966379 0, 225125.1600170818 759462.0546639771 0, 225348.07246478685 759570.2028502445 0, 225925.9167629502 759626.7214711715 0, 226541.94464274624 759614.1481129641 0, 227227.71121478628 759677.8535728382 0, 227364.52763918758 759959.8694330419 0, 227612.26327426394 760080.0599312857 0, 228446.97396753673 760063.0250124263 0, 229522.5965220288 760141.5039086975 0, 229849.19562094237 760225.2044234753 0, 230351.1976206585 760323.2025434563 0, 230649.1956553327 760425.2043981996 0, 230800.19663358724 760474.203372193 0, 231475.013610258 760721.2675616972 0, 231850.20883981852 760782.3454568154 0, 232471.58341943132 760769.665336885 0, 233499.1956616356 760674.203254116 0, 234050.19663211826 760625.2041585413 0, 234500.13556583136 760559.4539473855 0, 235021.93742356743 760380.8467671108 0, 235250.1966364415 760325.204005634 0, 235796.6443591705 760159.844606933 0, 236549.69619405537 760175.2131532165 0, 236945.46031403815 760167.1381343388 0, 237684.71815509436 760015.7251774241 0, 238239.40560950682 760027.0441013008 0, 238394.86500575746 760000.5287418558 0, 238554.65220038776 759973.2751719122 0, 238674.69619085744 759975.7226695421 0, 239269.82562409726 759963.5797254882 0, 239572.48664685825 759758.4129951663 0, 240082.44768906521 760021.1205534838 0, 240338.74649359286 760083.5992196632 0, 240805.32360725832 760074.0776400687 0, 241026.19762076938 759960.2928224932 0, 241174.61068033654 759434.0995507961 0, 241746.46125794455 758884.6763166228 0, 241849.19558364127 758624.202679692 0, 241900.19653783995 758525.2036585597 0, 241949.19559856362 758424.2026553153 0, 242050.1965721448 758275.20363171 0, 242152.67466929049 758118.9048196822 0, 242250.19655465387 758025.2035694744 0, 242299.19553343198 757974.2026944594 0, 242375.6970798181 757900.7041465021 0, 242522.6940311118 757747.704218974 0, 242667.2985905455 757608.7698150809 0, 243107.04470737142 757525.2034986195 0, 243402.7599434169 757626.4211598716 0, 243499.19552868805 757825.2036297289 0, 243632.04469530805 758083.0861426928 0, 243339.77175501757 758590.5630712744 0, 243246.30252352197 758783.235829314 0, 243250.7581235565 759001.6501377397 0, 243708.0213313399 759074.2026105195 0, 244010.8411504061 758918.202817789 0, 244195.02079390344 758726.5096068607 0, 244650.19658253473 758475.2034347432 0, 244999.19560340935 758274.2023945743 0, 245180.75078265535 758215.288336298 0, 245338.74644392123 757889.6169274005 0, 245452.73561122446 757721.4558491583 0, 245592.5672120853 757290.5293177979 0, 245733.86351494933 756942.2017109888 0, 245848.1945277301 756473.2013991778 0, 245957.34985546907 756261.308668832 0, 246099.1953822782 755824.2023178291 0, 246250.19640617256 755575.2033408632 0, 246577.22270787472 754972.5451951083 0, 246673.69489740292 754773.7018669219 0, 246759.51034210855 754607.1246798923 0, 247150.19632149997 754375.2032222702 0, 247243.9708075584 754181.911103917 0, 247350.19636073255 754025.2032896602 0, 247402.11285577161 753918.1872883904 0, 247398.6704505648 753749.7027510072 0, 247401.28269039653 753621.7028600832 0, 247699.86662027898 753476.8512182435 0, 247988.18456429723 753375.203168917 0, 248049.19533980108 754132.0452655605 0, 247902.5156559648 754560.5762233601 0, 247850.1963712131 754775.203221335 0, 247799.19543690645 754924.2022427161 0, 247736.780839037 755435.017654901 0, 247582.36200277854 755815.7031765524 0, 247399.75700417184 756170.167857178 0, 247330.48216322873 756666.4111222554 0, 247243.20188610363 756835.8508494099 0, 247006.14136970893 757063.6066591274 0, 246853.7854684325 757295.9827175891 0, 246795.67989389 757652.9407843831 0, 246807.06906964353 758211.0766368136 0, 247106.10477240628 758581.5265857667 0, 247593.8368104391 758818.1475879999 0, 247849.19572838122 759525.2032567285 0, 247876.75453322363 759578.6982129958 0, 247925.69717683003 759673.7017973792 0, 247999.19571718643 759825.2032514088 0, 248192.84807517743 760110.8874372811 0, 248249.19573757713 760596.3885746906 0, 247975.35548523447 761229.3078748721 0, 247849.19580625478 761474.2022379588 0, 247800.1968566154 761625.203344812 0, 247749.19588737184 761774.2023544972 0, 247700.19679037755 761952.9162366098 0, 247850.19678549387 762174.2022612981 0, 247999.19597062987 762425.2032681413 0, 248150.19684908568 762624.202289374 0, 248900.19693879242 762767.3601693361 0, 249068.5806159579 762275.3984960585 0, 249450.19678068665 762025.2032064416 0, 249599.19586337399 761924.2021362137 0, 250076.18557122804 761807.9240850729 0, 250182.70317531156 761880.1294052621 0, 251040.09132762716 759501.1545827583 0, 251139.7938418692 759545.3949615324 0, 251237.4717987232 759593.9423208942 0, 251332.93908952674 759646.7040398405 0, 251406.75525328494 759691.3500061822 0, 251478.9872434969 759738.516025622 0, 251655.3914415053 759858.0960370186 0, 251762.5860040055 759934.9644720615 0, 251865.5770763578 760017.3796288678 0, 251947.3603974276 760089.5551741701 0, 252025.9177048125 760165.2293403168 0, 252101.0993326514 760244.2581282618 0, 252172.76221259314 760326.4911761034 0, 252240.76995782895 760411.7717600166 0, 252304.99311258958 760499.937593789 0, 252365.3093197061 760590.8209298134 0, 252421.60390823593 760684.2487612617 0, 252473.76955516526 760780.0432206035 0, 252521.70712439794 760878.0219820102 0, 252565.32532892167 760977.9984603762 0, 252604.54098048923 761079.7823114232 0, 252630.58075809153 761155.8397362044 0, 252763.72336695206 761566.1369825109 0, 252789.68029016664 761651.2583078926 0, 252812.59135516797 761737.2494178247 0, 252832.4274028222 761824.0014737984 0, 252849.16348579113 761911.4045570365 0, 252868.92037798307 762047.8284711749 0, 252881.1279961441 762185.133878691 0, 252959.11908572412 763459.9347706866 0, 252962.73516767938 763540.1675239975 0, 252963.77224151624 763620.4750921223 0, 252963.26410652575 763663.6128410689 0, 252946.6826333162 764475.9977789221 0, 252982.3874822391 764516.9765113965 0, 253050.3878170047 764602.2630883174 0, 253114.60339702267 764690.4346061829 0, 253174.91176417223 764781.3232053717 0, 253231.19822717475 764874.75596743 0, 253283.35569257764 764970.55501486 0, 253331.28474638233 765068.538010914 0, 253374.89424140702 765168.518261816 0, 253414.101208876 765270.3057145968 0, 253455.96173235867 765396.9766208386 0, 253491.00568659249 765525.700178683 0, 253518.71035530107 765639.3434473964 0, 253523.48590986876 765650.8130399456 0, 253552.23640332228 765726.7179437976 0, 253582.4646069869 765815.8353890456 0, 253631.4638073453 765969.7572102252 0, 253656.01789943836 766051.7155899253 0, 253677.75332643915 766134.4660619461 0, 253696.64443306546 766217.9118678439 0, 253712.66926920257 766301.9551671436 0, 253728.91382758316 766409.8160536042 0, 253740.43804639534 766518.2828190399 0, 253747.22010449588 766627.1491027869 0, 253749.24701272548 766736.2075842102 0, 253746.51486205126 766845.2506818435 0, 253739.02898922298 766954.0708532282 0, 253726.8034698252 767062.4608923532 0, 253709.8617031052 767170.2145301099 0, 253688.23590583255 767277.126532039 0, 253661.96727619163 767382.993496715 0, 253631.10582392325 767487.6139545592 0, 253595.71020022087 767590.7885664392 0, 253555.84777699108 767692.3211209672 0, 253511.59464709138 767792.0181350845 0, 253490.10879895132 767835.2338909523 0, 253515.5250431773 767911.0591307499 0, 253586.85099327198 768140.8140899258 0, 253609.62745318832 768218.6144290324 0, 253629.86954154057 768297.1122949761 0, 253647.55591943715 768376.225210344 0, 253662.66811033175 768455.8699115452 0, 253678.91299481931 768563.7307895722 0, 253690.43756643814 768672.197560415 0, 253697.21984057702 768781.0638622828 0, 253699.24708312424 768890.1222750733 0, 253696.51521698135 768999.1654155832 0, 253689.0295781726 769107.9855412159 0, 253676.80440638502 769216.3756453692 0, 253659.8629281556 769324.129258164 0, 253641.28705731148 769417.3128428556 0, 253619.18360407586 769509.7232674678 0, 253602.677035751 769568.7261357922 0, 253601.77573289588 769580.4079239727 0, 253602.12061555343 769589.1002762741 0, 253613.98334174088 769697.5992186645 0, 253618.8388434605 769775.5276024516 0, 253634.8606317481 769829.5241480345 0, 253658.53973219887 769922.1864158727 0, 253678.65737987938 770015.6866524775 0, 253687.49750507798 770060.9663304824 0, 253722.67639148474 770129.253221227 0, 253777.1258305193 770241.7691715081 0, 253825.8834768186 770356.8660216487 0, 253850.09697826148 770418.2517646482 0, 253871.04052956132 770450.4395489418 0, 253919.41734837674 770531.299050121 0, 253960.79423738114 770606.475612158 0, 253999.5667128229 770683.0278283937 0, 254054.81592225283 770796.9195574793 0, 254109.4083982334 770917.4837923213 0, 254157.544175321 771040.7679691456 0, 254200.4999312359 771171.1253915289 0, 254236.2371311033 771303.6437239653 0, 254379.98765649123 771901.5177690532 0, 254397.62831718317 771980.4888046226 0, 254412.70409797947 772059.9893599908 0, 254428.9403244585 772167.8515813879 0, 254440.4561508404 772276.3194178871 0, 254447.22970280162 772385.1862057387 0, 254449.24809872967 772494.2449209661 0, 254447.93850019088 772546.3524371546 0, 254485.52251821174 772563.0455530826 0, 254583.18347700377 772611.6275634461 0, 254678.6323076803 772664.4233434483 0, 254771.68742104946 772721.3323343279 0, 254862.1716381478 772782.2461081641 0, 254949.9126930942 772847.0488691102 0, 255034.7436548192 772915.617156294 0, 255116.5029256828 772987.820343327 0, 255195.0348276415 773063.5212395074 0, 255270.19010829146 773142.5755937519 0, 255341.82543399915 773224.8328913733 0, 255409.80464911647 773310.1365589518 0, 255473.9981863522 773398.3243618894 0, 255534.28399075926 773489.2283087344 0, 255590.54726514197 773582.6752494472 0, 255642.6808028787 773678.487575529 0, 255690.58549302822 773776.48272382 0, 255734.17006426593 773876.4740738582 0, 255773.3515857034 773978.2715488109 0, 255803.98161751762 774068.7266174336 0, 255831.13455104973 774160.285530317 0, 255854.7708232801 774252.814654491 0, 255874.85608857434 774346.1789832138 0, 255888.02561138864 774413.6358649668 0, 255892.13276702934 774422.6647335647 0, 255923.3842150964 774497.7543107141 0, 255952.1766561258 774573.8206134652 0, 255986.87855090154 774677.2309464789 0, 256017.03680018807 774782.0564010707 0, 256042.59382721104 774888.0976315042 0, 256063.50114314136 774995.1527382942 0, 256080.10369802584 775106.0370422611 0, 256091.7180411408 775217.554180386 0, 256130.64323924267 775694.9707429443 0, 256140.1898050797 775715.9583056691 0, 256171.44194573897 775791.0542785102 0, 256200.23461920366 775867.1271106927 0, 256226.40868800218 775943.699209186 0, 256250.09102848446 776021.0782392024 0, 256271.25655352775 776099.1832956868 0, 256289.88337409936 776177.9322903389 0, 256415.68960636045 776751.0657473207 0, 256437.3595578982 776861.6279213704 0, 256453.5729147579 776969.4938338533 0, 256465.06577252707 777077.9642643451 0, 256471.8162274172 777186.8327417936 0, 256473.8115334945 777295.8920384106 0, 256471.3099913646 777399.2412797676 0, 256464.5379060435 777502.3986535526 0, 256453.50690847452 777605.1879632896 0, 256438.23584689407 777707.433344401 0, 256361.42894840636 778157.7455221049 0, 256357.4968633868 778180.1818791296 0, 256335.8408434186 778287.0880018927 0, 256309.54219500674 778392.9478517219 0, 256278.65101533482 778497.559770241 0, 256243.22619912258 778600.7246315568 0, 256215.54611663718 778672.5215687644 0, 256185.6696925193 778743.4327001421 0, 256153.62508992234 778813.3908233496 0, 256119.44273266735 778882.3295435591 0, 255848.7952993207 779407.6895117781 0, 255772.14214221528 779602.033925194 0, 255775.92855205858 779626.209488601 0, 255785.6411085117 779704.1775084666 0, 255887.02105719122 780637.3322171988 0, 255898.217752816 780776.4760963093 0, 255901.63085225518 780916.0281050807 0, 255901.1272805326 780958.274932287 0, 255898.24631109217 781099.6935908654 0, 255901.65185016667 781266.8187723006 0, 255902.15576316236 781326.4282870747 0, 255899.3978411763 781435.4709456135 0, 255891.88617096632 781544.2895436025 0, 255879.6351103668 781652.676874477 0, 255862.66782323626 781760.4266688598 0, 255844.91480979192 781849.7399098935 0, 255840.4711618396 781868.4946868102 0, 255853.40807710803 782502.3677326253 0, 255853.9135936238 782562.0489717093 0, 255852.8029890916 782628.3954163764 0, 255794.00160052022 784587.2329023562 0, 255789.8890387066 784673.9708891169 0, 255782.76675925837 784760.5137690994 0, 255772.64328401088 784846.757146602 0, 255759.53082394507 784932.5969415958 0, 255643.45467331953 785613.0837401416 0, 255585.6407507396 786145.2308592999 0, 255583.54426310142 786163.8762248699 0, 255433.62771257808 787453.542483309 0, 255397.0360623115 787790.3508807574 0, 255401.03432789957 787986.3139853206 0, 255449.41944647627 788222.5505209164 0, 255463.76208925212 788298.5352542825 0, 255483.57438444905 788435.788843648 0, 255495.74581796426 788573.9298501833 0, 255544.74510218485 789387.6568175139 0, 255548.26068813697 789467.0606652272 0, 255549.25051561877 789546.5360729804 0, 255546.75461382463 789649.9419127388 0, 255539.98361413658 789753.1560025611 0, 255528.94903880157 789856.0016430335 0, 255513.66970109998 789958.3027656806 0, 255435.34078830195 790417.498055987 0, 255441.0980309192 790699.5046691799 0, 255532.05881467773 790902.7071513277 0, 255551.50207288004 790947.2986138344 0, 255722.99945310652 791351.2962164241 0, 255773.95634623413 791481.3175593708 0, 255804.5786024825 791571.7548362529 0, 255831.72516512353 791663.2954150761 0, 255855.35654603568 791755.8057584633 0, 255875.43821334664 791849.1510541226 0, 255958.47086928514 792274.453256104 0, 255968.3162785805 792327.973528886 0, 255984.53277751605 792435.8388652576 0, 255996.02879505273 792544.3088658878 0, 256002.7824581956 792653.1771555773 0, 256004.78095426655 792762.2364023444 0, 256004.27464041198 792804.5670286199 0, 255997.4875012595 793136.7797153126 0, 255993.53615533747 793235.1963565843 0, 255985.7113083085 793333.3809428031 0, 255974.0251318327 793431.1811152764 0, 255958.49557713032 793528.4451398931 0, 255939.93308448527 793621.4511474696 0, 255917.85636033586 793713.6861735688 0, 255892.2972612981 793805.0174978063 0, 255863.292412829 793895.3136180232 0, 255771.02643717238 794164.8798632044 0, 255718.9955461714 794325.2217915473 0, 255738.98973492335 794384.8035690708 0, 255769.14814331362 794489.6289949563 0, 255794.70536643543 794595.6701334346 0, 255815.61284787813 794702.72517854 0, 255819.61834351713 794726.6020453577 0, 255865.04365747658 795005.6462769513 0, 255888.36933579325 795048.1378942938 0, 255928.90909806156 795128.754662214 0, 255936.03535905702 795144.2993023798 0, 255999.6258750793 795187.1217821013 0, 256087.35774585506 795251.9371005779 0, 256172.1788889527 795320.5176565178 0, 256253.92784503906 795392.7326958831 0, 256271.16541454464 795409.3533793653 0, 256251.80090856686 795423.7374305109 0, 256166.18132445816 795507.6694705012 0, 256082.7958122854 795617.1641107538 0, 256050.14130354614 795707.9073651887 0, 256005.00816120987 795817.4818976214 0, 255996.2380604391 795838.7746763017 0, 255944.00803062713 795934.0182139707 0, 255884.96355362446 796018.7633437511 0, 255821.13947351818 796108.5072243456 0, 255740.8001998306 796202.813691782 0, 255688.36642815467 796241.9363539435 0, 255590.1227410507 796305.0579034492 0, 255521.00175921782 796369.1172953108 0, 255500.6539656603 796385.0415600712 0, 255439.6314017597 796432.8000211101 0, 255374.2458745517 796476.6090551474 0, 255366.3461721465 796482.035041617 0, 255296.26484224963 796530.1691354052 0, 255209.95801206504 796603.851529923 0, 255201.2925395771 796611.624265065 0, 255120.30212871847 796684.2735512162 0, 255116.6670471683 796687.5337116773 0, 255088.5283027576 796713.3727170182 0, 255057.59204134136 796741.7808137526 0, 255025.59390032344 796781.5280007063 0, 255017.8714005122 796796.460158991 0, 255012.19976944965 796807.4286084089 0, 255004.84482562763 796821.6510271176 0, 255002.27176228169 796824.4044072401 0, 254953.941783023 796876.0844111387 0, 254914.19457379042 796909.4575248266 0, 254901.412855813 796935.4952731482 0, 254889.08758933467 796960.5991778111 0, 254888.02474637562 796962.766689885 0, 254904.30425705115 797017.3262850291 0, 254943.41141917714 797151.1927363413 0, 254977.7213726943 797259.4362245381 0, 254995.86139051322 797392.6156839472 0, 255009.73453739763 797500.1700705745 0, 255012.4202946608 797545.9972980579 0, 255016.62559590122 797617.7263041375 0, 255007.46935364057 797678.5982373441 0, 255001.72740305652 797689.3685462798 0, 254554.21400728126 797428.608562158 0, 254549.10052403717 797679.2817666532 0, 254299.69871992306 797674.1921855721 0, 254158.35354906676 797677.0768678747 0, 253900.19914523212 797624.2029009725 0, 253549.19822046178 797575.2023624334 0, 253259.03707345432 797515.7725053818 0, 253200.19914093427 796974.202871596 0, 253111.2098770231 796539.6989436037 0, 252649.19814227626 796475.2024414433 0, 252450.19912388388 796324.2030601124 0, 252256.8662912852 796230.4080885863 0, 252229.28345054967 796004.9368071215 0, 252221.26814013743 795968.8707739115 0, 252218.5054143401 795956.4391009252 0, 252189.53744017094 795916.1299252287 0, 252147.05523269973 795890.3809612354 0, 252021.54843319577 795880.8819066349 0, 251903.08629822618 795780.1380636819 0, 251814.46780672076 795721.1417900658 0, 251736.59758538267 795677.8325135486 0, 251645.4314881778 795634.0848059034 0, 251568.06089725962 795590.775558285 0, 251503.30005477316 795537.6539375023 0, 251425.07040305328 795489.2185741377 0, 251306.85095123085 795445.6091194121 0, 251303.76577469296 795444.471699065 0, 251445.80298620992 794184.1762073077 0, 251415.59463265713 794012.0456366232 0, 251449.1980025906 793874.2030837022 0, 251518.94894422387 793670.4257033839 0, 251385.57487529126 793341.6225189589 0, 251403.77547936578 792449.7027637176 0, 251399.18567133704 792224.7028015028 0, 251402.24962845864 792074.702723525 0, 251398.63633352498 791897.7030617376 0, 251249.19777580613 791825.2024613387 0, 251094.24168148098 791720.163315862 0, 250896.1704665915 791418.0621608224 0, 250800.19869709783 790615.3995031685 0, 250905.88713337193 790203.0016971681 0, 250897.94035747118 789813.692004155 0, 250816.42855517508 789575.5480820684 0, 250946.12733181185 789285.0180768835 0, 250946.22464314546 789284.7991515694 0, 250811.26022642263 788633.0072362942 0, 250812.46661236603 788573.8879606222 0, 251000.19854975297 787925.2032680192 0, 251049.1975340086 787074.2023085589 0, 251100.19839850304 786825.2031941039 0, 251162.8326929916 786376.5185445109 0, 251359.5489870206 785801.8206542877 0, 251601.95610724768 784560.100064605 0, 251598.67245882167 784399.7026865918 0, 251600.3203961941 784319.0783010126 0, 251733.13282629623 784061.2657725521 0, 251972.1831268521 783746.2267207268 0, 252108.96289497925 783399.4325336951 0, 252256.19185383414 782795.488219549 0, 252349.19713638595 782224.2021791327 0, 252400.19817782176 781925.203086098 0, 252449.19711613853 781483.6610377958 0, 252162.4539308231 780843.1352668235 0, 252000.82055491832 780015.1643209946 0, 252150.1980592227 779725.2031607055 0, 252199.19704231253 779624.2020973308 0, 252310.68376877988 779407.7776583971 0, 252098.25699546063 778370.5827542334 0, 252103.0543432953 778135.0083426901 0, 252300.19786905273 777875.2030812695 0, 252405.7032157188 777657.7439855388 0, 252500.56406435312 777268.6203784985 0, 252667.98353435815 776943.6142517797 0, 252599.1968587615 776675.2030482097 0, 252550.19780647932 776414.946162236 0, 253039.4068061179 775719.4565607932 0, 253099.19674726386 775474.2020353405 0, 253200.19769746443 775225.2029948666 0, 253254.40912350186 774892.2043353806 0, 251775.2463250221 772994.166700061 0, 251549.1966372956 773274.2021000917 0, 251259.4505557404 773740.8220507592 0, 251000.1976781394 774275.2031333812 0, 250825.94224960997 774613.4538667821 0, 250645.11960292177 774880.2203036123 0, 250299.69725090972 774873.170773953 0, 250188.19818281772 774875.4472885877 0, 249808.8158542178 775270.3204902856 0, 249380.15379219173 775513.3502219755 0, 248699.1968080015 775624.2023347113 0, 248543.16646313522 775729.9640944093 0, 248552.24857471278 776174.7027365022 0, 248548.01274796276 776382.3902004686 0, 248449.1968127453 776574.2023387419 0, 248400.19783747225 776725.2034104026 0, 248341.20122957043 776839.732811867 0, 248135.29306352205 777037.5599057362 0, 247858.16901785886 776942.7022155209 0, 247600.19781358886 776674.2024697403 0, 247536.6236091784 776613.1184440962 0, 247092.34860666425 776475.2033825984 0, 246800.19776224115 776575.2034133595 0, 246649.19683783353 776624.2025145198 0, 246453.82330549392 776691.0756504164 0, 246078.90873130652 776918.4347720086 0, 245842.34867792865 776974.2025069401 0, 245550.1977153586 776874.2025002725 0, 245025.4785656799 776822.8842071083 0, 244327.38277534946 776720.8700655146 0, 243934.54834326243 776620.1926433975 0, 243844.57028629442 776251.1070402206 0, 243853.33487706736 775821.3370247515 0, 243444.0209466733 775428.0692155418 0, 243450.33194044442 775118.5844327027 0, 243242.20200675406 774714.5561290963 0, 243123.69613675863 774600.7041336577 0, 243050.19760300635 774524.2027882457 0, 242948.13461981365 774426.1467118522 0, 242950.20987217384 774324.7031742503 0, 242948.9280417562 774261.965171155 0, 241668.34943580316 774288.097403811 0, 241110.95196556635 774000.9544849559 0, 240827.71217041623 773808.9593128064 0, 240610.45149672934 773582.8301025128 0, 240550.19748912516 773274.202852475 0, 240451.38161200244 772888.6407267114 0, 240400.19747472717 772574.2027951758 0, 240335.95188958285 772323.4979629731 0, 240350.20964896388 771624.2943861054 0, 240284.7311007216 771304.5922625866 0, 240735.744205427 770947.0208269891 0, 241256.98451656903 770874.254662449 0, 241570.53423513516 770547.9179665775 0, 241907.81447843884 770268.9017555133 0, 242308.99862305765 770175.203632904 0, 242831.94778726986 770309.2246296693 0, 243129.54306919719 770810.546045059 0, 243199.19644879925 771025.2036381527 0, 243251.72331761522 771178.673407246 0, 243708.1442675235 771326.7813721248 0, 243903.7862827079 771427.5656809168 0, 244300.19738443146 771524.2025869476 0, 244449.75803403225 771575.3926986427 0, 244808.25410602617 771420.2871230058 0, 245199.69692184366 771428.2735449732 0, 245424.6969419258 771423.6837056666 0, 245503.20032383653 771425.2858861744 0, 245602.17491687037 771528.3010484889 0, 245599.1110411818 771678.2033932094 0, 245496.0959276367 771777.1809883676 0, 245301.13736981506 771773.2015596868 0, 245155.53197672954 771848.2107028088 0, 245100.19743700937 772075.2035148533 0, 244989.96800571878 772289.1806165467 0, 245058.20538186343 772555.4555827655 0, 244843.27612955804 773085.3232027794 0, 244850.79573668074 773453.8077559682 0, 245000.19759143383 773674.2025535528 0, 245099.19664602345 773825.2035205802 0, 245255.54424165632 774031.2551210565 0, 245556.21567915205 774177.1200195072 0, 245707.5341129597 774174.0316223642 0, 246118.5691995041 774033.3455880105 0, 247088.53992251758 774251.533995692 0, 247449.19668644236 774525.2033542786 0, 248060.13418736687 774821.5992673493 0, 248252.38270237466 774722.5635608663 0, 248424.648250849 774191.69502607 0, 249029.21369537435 773471.5106197682 0, 249151.1374844335 773220.2075033913 0, 249146.48656417904 772992.4944669177 0, 248999.1965917907 772775.2032651703 0, 248950.19746115862 772524.2023096704 0, 248860.8421008008 772438.3532614473 0, 248800.19748901247 772109.5173043803 0, 249006.1911578116 771507.6739817872 0, 249119.4845603398 771287.7520782021 0, 248686.47670207644 771125.2032856336 0, 247874.7213543087 771263.6615404314 0, 247221.48645804185 771324.2024028995 0, 246997.1945021313 771172.1699180993 0, 247005.5562512669 770762.3371982512 0, 247230.69054382373 770430.2204609314 0, 247985.93958139644 769704.5857123696 0, 248054.0791473838 769564.1499256943 0, 248046.88922221778 769211.8915588506 0, 247888.57622652157 768904.5764552014 0, 247603.419991462 768483.9099905671 0, 247525.69772337124 768323.701888729 0, 247440.55368375298 768158.418724845 0, 247099.19625888794 768075.2032880224 0, 246860.3046673919 767993.434570703 0, 246800.19716903107 767624.2023780666 0, 246749.19620522016 767525.2033629116 0, 246694.3743956035 766964.6900869362 0, 246452.76063122688 766732.5490729338 0, 246397.27971085627 766618.187321824 0, 246404.10334984944 766283.8307968555 0, 246235.82941724072 765868.9868893859 0, 246096.4982544755 765155.2601549558 0, 245847.21842576063 764671.355135314 0, 245850.7218307118 764499.7029340038 0, 245846.05880453077 764271.2056299114 0, 245812.4472373278 764271.8915326217 0, 245393.20239682446 764280.4463506176 0, 245203.7126254296 764671.0104006197 0, 244933.70532343528 764992.656476109 0, 244593.6175141129 765075.5636117554 0, 244113.41727650934 765322.93908364 0, 243814.10083048767 765374.2026037092 0, 241713.3312966418 766569.3950116604 0, 241673.642557571 767601.277635694 0, 240959.26120414044 768712.5351144192 0, 239980.29507134837 769228.4755565218 0, 238935.18288025216 769598.8939301855 0, 237812.01815774554 769781.456689695 0, 237024.8766627555 770008.9992950411 0, 236042.88706616542 770238.2183366021 0, 236011.45215598572 770273.9529398663 0, 235946.71832902948 770803.6830782208 0, 235950.3682334529 770982.5436348177 0, 236051.41805084518 771277.7645838711 0, 236262.27015736233 771380.0594266432 0, 236583.08316326374 771373.5133635765 0, 236999.19632506836 771024.2030874081 0, 237450.19734870392 770975.2040510043 0, 237607.69249700665 770921.2947437187 0, 237958.96200380937 770928.4632750971 0, 238260.5245477117 771132.8852044047 0, 238553.34685921995 771920.9314639092 0, 238549.04998461 772131.5027444413 0, 238334.01093097217 772661.6358618606 0, 238250.19752142666 773775.204033931 0, 238197.2922462807 773981.6523000048 0, 238200.6921776137 774148.193806345 0, 238137.00229559498 774133.3839257833 0, 237325.1013985451 773990.206314053 0, 237038.7139351792 773993.0179704021 0, 236222.70939297095 774047.9859153235 0, 236210.20404455846 774048.8276068775 0, 236099.64353149998 774063.7534806894 0, 236074.57164547854 774067.138679499 0, 235673.81964379363 773341.1275871375 0, 235666.67561767984 773328.1851078914 0, 234942.28135064663 773400.2906272832 0, 233910.5683064699 773502.9862108289 0, 233803.89790534522 773561.7437915539 0, 233778.8421938853 773575.5443832136 0, 233746.01068026896 773583.7748249413 0, 233645.71017714674 773608.9175197843 0, 233599.8432148683 773607.0088504644 0, 233599.17209712928 773574.2337895943 0, 233702.73650992403 773421.456731298 0, 233840.57837875973 772996.6978149196 0, 233647.64610583824 772622.1952677092 0, 233499.26969047793 772625.2225677855 0, 233279.81173622544 772568.9817703052 0, 232824.69694134797 772646.6093972595 0, 232389.40639695767 772572.3631557999 0, 232001.29610233175 772580.2825747054 0, 231950.1975007807 772456.3292915093 0, 232153.18816854237 772323.2451503023 0, 232342.72668620144 772327.1116418206 0, 232399.19645617562 771934.6557336919 0, 232004.38434889508 771641.9860255015 0, 231900.19734998455 771305.0047660063 0, 232300.19731461938 771175.2043426852 0, 232413.710531715 771116.7296188797 0, 232740.0654859504 771183.575312475 0, 233207.5337651126 771174.032399062 0, 233502.17487657402 771073.1839913367 0, 233642.567923639 770640.530187269 0, 233750.19731159697 770375.204245525 0, 233799.19624045197 769874.2032109625 0, 233901.19825110116 769576.205151042 0, 234001.10054477165 769268.3468684149 0, 233992.25044457908 768834.7501351784 0, 234100.1971553106 768625.2041919761 0, 234187.02575697648 768357.6291455146 0, 234037.7826087842 768214.2330611577 0, 233495.09466207286 768225.3079756473 0, 233188.9544556573 768432.8275619801 0, 232970.6317239675 768660.0523708654 0, 232735.5731945481 768834.3046574626 0, 232158.4370168481 769564.3492296205 0, 231966.67675241551 769817.0622709019 0, 231149.1962758327 769874.2034188432 0, 230942.7509525923 769927.111770071 0, 229906.62142531833 770022.5984550687 0, 229900.19720696216 770025.2044258112 0, 229292.38479399245 770079.2572760141 0, 229110.7929763019 770268.2556862899 0, 228949.19634282228 770374.2036062349 0, 228669.37451922047 770586.5296517394 0, 228333.2783654309 770695.596407338 0, 227954.0791734003 771013.9161624893 0, 227390.68803037022 771075.128420364 0, 226958.64459195177 771185.8522377033 0, 226582.53378394866 771489.4655502154 0, 226350.1973650298 772080.0875321433 0, 226460.19497345656 772293.6160084103 0, 226776.69891623282 772597.7052560409 0, 226918.86196473765 772745.6728916964 0, 226999.81903539476 773077.7650641745 0, 227125.58804806846 773198.6024542537 0, 227750.19747609837 773474.2035898637 0, 228233.45547747758 773752.5299720963 0, 228299.1965286804 774034.0089333057 0, 228023.6960030584 774298.7032152684 0, 227825.5576252627 774504.928725476 0, 227397.2250968956 774574.203659626 0, 227165.87129576327 774097.3238595657 0, 227021.69402473004 773884.6346269712 0, 226848.6960109742 773800.7052105486 0, 226411.47679821882 773575.4702826396 0, 225963.77164414144 773525.2046907521 0, 225648.03072976923 773764.7861586027 0, 225199.19649366793 773874.203822322 0, 224874.69694352525 773957.3673362928 0, 224544.99723456937 773872.8701899037 0, 224439.2232913595 773762.7841523828 0, 224450.21571030223 773224.2618527664 0, 224389.23550012303 773046.0971803067 0, 224084.51130983117 772875.2048855111 0, 223393.88635142104 772976.1265086044 0, 223031.60610205538 773221.6984455991 0, 222561.12271309414 773274.2039641342 0, 221931.8125385827 773083.7722618005 0, 221819.73292700446 774668.8644376126 0, 221929.20753910881 774633.3410319567 0, 223010.96411705215 774575.2049957167 0, 223476.94929745406 774815.256243797 0, 223599.19658037988 775125.2049058976 0, 223700.19763271042 775374.20391621 0, 223752.0591078769 775534.0214791979 0, 223744.27107215035 775915.6407216365 0, 223800.19759020413 776024.2039735166 0, 223856.90543617122 776314.6946707772 0, 224227.6390484407 776557.761089157 0, 224500.19762264448 776624.203952135 0, 224710.90320564678 776678.2048182823 0, 225473.39717172433 777071.0055922533 0, 225807.67452068586 777125.4214860287 0, 226099.19679504837 777225.2048041871 0, 226300.1977274431 777274.203791486 0, 226499.19673384997 777432.046780328 0, 226297.65867358664 777625.6839037936 0, 226502.08376314913 777822.0950508285 0, 226349.19677466745 778074.2037848528 0, 226300.19782445987 778275.20468677 0, 226112.2657113514 778398.4164269507 0, 225793.50364711642 778383.4910074631 0, 225098.53228447208 778126.6942843165 0, 224951.13583781404 778117.6324052638 0, 224878.45268662664 778074.6353465683 0, 224876.2851022614 778073.1382211057 0, 224732.77333054275 777974.0172748719 0, 224640.71444867115 777942.4493417414 0, 224567.83269215666 777917.4581604504 0, 224375.35952445626 777841.8999504428 0, 224205.69756813245 777816.7143117426 0, 224011.21033145153 777816.776800075 0, 223862.4694513815 777831.7139576194 0, 223564.90974487952 777788.5286120694 0, 223271.49189711135 777703.5336788597 0, 223209.89407404204 777673.1853394264 0, 223209.58878314804 777673.035809509 0, 222911.37392430985 777526.1707906659 0, 222652.95205822133 777457.4247181024 0, 222648.5185825839 777457.4071133509 0, 222658.33969540126 776976.1480352627 0, 222438.3445340649 776764.7801078453 0, 222113.5582298832 776551.8408070785 0, 221783.82193358237 776471.4574757246 0, 221260.87268590153 776482.1294510578 0, 220291.77470141492 776581.174343524 0, 219899.6971189656 776573.172651808 0, 219746.15709908298 776576.306930916 0, 219750.2647348629 776777.5611600312 0, 220196.66369970492 777070.2307810137 0, 220349.19668774356 777444.4037580219 0, 220147.19476372987 777777.5031643893 0, 219849.90845726288 777873.9732397806 0, 219714.10760130372 777767.968146589 0, 219659.6721242132 777659.853896068 0, 219657.87612435967 777656.2875000082 0, 219685.70259334086 777562.6681214487 0, 219726.70000504784 777476.7988086848 0, 219770.947235438 777414.5526602331 0, 219835.6312791539 777390.867056821 0, 219856.9331348126 777341.8911431994 0, 219858.81726715315 777337.5580513445 0, 219801.64882788854 777182.9426929848 0, 219740.43397938303 777063.0747131833 0, 219704.41906695685 777006.3283219137 0, 219668.42265632047 776967.5179727954 0, 219584.63100426146 776986.8919714836 0, 219467.3412873806 777010.8285589198 0, 219432.6871719842 777007.2027722129 0, 219210.2014636615 776909.2100186842 0, 219126.0667031328 776930.3328223644 0, 219077.5690663502 776927.4586212886 0, 219030.26012056935 776916.3345957613 0, 218985.54387639326 776897.3355897178 0, 218946.1561699612 776872.0248730145 0, 218683.75020657253 776709.0973284856 0, 218606.09900736602 776785.7174118562 0, 218444.19555247587 776714.3890248316 0, 218423.53241810077 776705.2851846875 0, 218228.46258273063 776958.8587195382 0, 218105.69373854375 777118.4462111886 0, 217703.07837672145 777131.6959127077 0, 217411.25677774742 777363.1408958478 0, 217318.77672604626 777353.7148955517 0, 217181.01059789493 777545.1425864793 0, 217148.52015008696 777568.1667353862 0, 217106.05360070584 777591.854465924 0, 217061.30551568573 777610.8534900753 0, 217014.7624930459 777624.9768018343 0, 216966.98474874615 777634.0385654415 0, 216908.5036983731 777638.039060266 0, 216574.04033358445 777602.4788651451 0, 216525.79358006778 777596.9782585056 0, 216479.67136067088 777581.7300015569 0, 216437.6112355019 777557.418592643 0, 216401.37932455217 777525.108270496 0, 216372.47457007738 777486.110699519 0, 216340.1334854888 777398.92867832 0, 216128.12988299117 777287.2481628768 0, 215998.12383548304 777268.6872785913 0, 215733.37510127047 777090.3239652067 0, 215547.5585806427 777042.8891217199 0, 215358.3517539456 777020.6400525013 0, 215309.948229469 777016.7655002187 0, 215263.5609668942 777002.3914367612 0, 215221.42286848524 776978.2676232192 0, 215130.30393052168 776886.0244061678 0, 215047.55873295103 776809.841538107 0, 214892.28713719186 776771.5340764676 0, 214889.74047439915 776770.9063925097 0, 214891.5140077597 776797.5215729418 0, 214927.26172133128 777334.0972631131 0, 214927.56684781163 777338.6825395313 0, 214866.73788628523 777334.1321976521 0, 214498.14060803983 777306.5597344817 0, 214438.88252605317 777273.4436834608 0, 214422.87944719265 777264.4994876189 0, 214401.74433934042 777269.4625307043 0, 213939.25430703262 777378.0549017444 0, 213630.9853520995 777396.7460102692 0, 213502.21945182365 777404.5535626621 0, 213191.4928318712 777341.4320132216 0, 212993.67387813696 777301.2477125794 0, 212567.97785518866 777400.804876496 0, 212519.07871571925 777412.2412288112 0, 212516.18102918167 777412.6712715942 0, 212109.59491028867 777472.9441627109 0, 212106.3540772655 777473.4244549075 0, 212093.45143015633 777473.0845462728 0, 211234.25540925426 777450.4412909634 0, 210058.0875392367 777658.842639255 0, 210055.0902554965 777647.5977432927 0, 210097.4157618897 777642.2855775134 0, 210113.29090382083 777615.8496516468 0, 210104.41553108807 777575.8515287407 0, 210120.27433672955 777516.9792406678 0, 210179.80189696795 777444.2347695598 0, 210285.63919775127 777404.5501799287 0, 210285.26446267328 777369.8017367602 0, 210258.79681660538 777330.1170000429 0, 210203.2379762954 777250.7464325748 0, 210213.8317487249 777131.6911172294 0, 210237.64245389888 777036.4476720453 0, 210252.5633787569 776987.8249802791 0, 210240.6938273494 776937.373372736 0, 210935.72622160707 776551.9615975191 0, 212443.86299713302 775983.1046512894 0, 213793.24877657805 775215.8085374678 0, 214692.83946841914 774435.2827274645 0, 215036.80094785543 773906.1124794277 0, 215055.15580178317 773238.446554308 0), (211812.28867245297 777006.4984453531 0, 211340.49299514623 777378.4284485817 0, 211554.8667563987 777274.4244426609 0, 211812.28867245297 777006.4984453531 0)), ((272476.472911839 804400.216099165 0, 271530.78281052754 803944.2454684103 0, 271366.26201153256 803903.8727257318 0, 270306.1726864778 803634.6402424606 0, 269997.9097924682 803460.5885777357 0, 269890.4170833431 803422.0907365908 0, 269786.7058244016 803398.3426417016 0, 269683.74182567897 803396.2651581047 0, 269659.71312522056 803395.7796984413 0, 269540.5026623346 803402.77945952 0, 269400.98013087735 803415.6532777792 0, 269279.8312677808 803481.3367379911 0, 269099.1865789642 803557.9567962335 0, 269093.4686392265 803560.8151139603 0, 268221.6356879976 803862.8540719697 0, 267626.32207256684 803730.5621580135 0, 267196.37322093506 803499.0514523135 0, 266948.3258004871 803102.1755526038 0, 266618.4436370073 802433.9654060993 0, 266562.3470860164 801793.6317709563 0, 266553.7059980278 801765.9808758637 0, 265696.53737623146 800604.071639807 0, 265696.27438782767 800604.7876807473 0, 265622.3120597678 800543.1487548191 0, 265096.22131073417 800275.790121601 0, 264548.56752325373 799999.807845172 0, 264186.34122226597 799827.3188804493 0, 263125.68955941976 798875.5035935752 0, 262818.6156401879 798670.0797810069 0, 262753.3069554143 798617.3327170098 0, 262528.57050337276 798436.4064577959 0, 262503.0294365536 798419.623036541 0, 262112.17497228712 798162.7986983138 0, 262001.5337303395 797929.5215822095 0, 261997.1420585941 797920.2611572441 0, 261994.291303295 797914.2527614897 0, 261777.9460631292 797702.8276866504 0, 261529.16163722237 797819.1743033899 0, 261495.01798615744 797835.1417127432 0, 261500.65096745745 797775.6550780782 0, 261558.6342228127 797050.0301834287 0, 261850.6507939676 796625.6549069984 0, 262114.6278143032 796198.0099522877 0, 262319.1688039188 796008.4987758273 0, 262742.0935826821 795808.9046015833 0, 263256.3513692751 795414.5464408048 0, 263577.61609055987 795262.9267769674 0, 264255.7533052912 795289.8059002034 0, 264786.453989253 795210.66914992 0, 265400.66294556163 794788.0227117745 0, 266207.3279468165 794407.3265601147 0, 266890.89719510445 794045.6161667998 0, 267793.4240857063 793808.1382602841 0, 267800.7117729629 793624.1485537151 0, 267745.56028754445 793254.2556398044 0, 267140.5354638871 792842.3296866091 0, 267487.8041814739 792263.5497028731 0, 267755.30997182406 792222.0928017774 0, 268265.02387267374 791800.526210601 0, 268761.1212595613 791734.3803350898 0, 269538.3404679822 791800.527426901 0, 270265.94932271156 792528.137619457 0, 270547.07071982324 793007.6986522728 0, 270363.3316042183 793308.7279073388 0, 270415.2358631792 793456.82208623 0, 270463.3316192122 793708.7278538968 0, 270517.07922534173 793862.0955033831 0, 270509.32772094465 794057.7749897033 0, 270515.5411724406 794214.4467698582 0, 271125.84986415633 794297.5524658982 0, 271440.0445908101 794628.2843042802 0, 271506.19053396326 794975.5525591624 0, 271165.2360272858 795206.8219475418 0, 270958.6219271899 795356.8364526682 0, 271330.1552095151 795701.0861796415 0, 271638.48213537905 796083.5035158352 0, 271886.530735784 796215.7963639854 0, 273030.2086352968 795865.4787942456 0, 272820.98390355194 795405.804121118 0, 272795.94195589813 794557.0599821365 0, 272646.6118527249 794356.3394008273 0, 272768.77399797586 793636.2578349764 0, 272430.1054649132 793022.419664036 0, 272070.27010179835 792366.2477801096 0, 271435.2659211928 791837.0766931564 0, 271750.16238303843 791295.0648524776 0, 272543.9185750155 790898.1876468216 0, 272980.48446981196 790739.4368714273 0, 273424.9485003527 790397.7346089535 0, 274038.7866880744 790016.7324027639 0, 275012.45984606695 790694.071575039 0, 275266.46109096275 791434.910649 0, 276621.13724128134 791879.415128697 0, 277092.13844777615 791980.3456801737 0, 277129.1405379159 792323.9188464773 0, 277023.306009887 792831.9224603033 0, 275250.6246116282 792319.0131184211 0, 274594.453434448 792022.6770166713 0, 274484.5435967307 791669.9078067893 0, 274081.11923463497 791180.9076045263 0, 273430.2787834968 791387.6712327489 0, 272943.44145795226 791832.1740379566 0, 272927.2197990118 792224.0601524041 0, 273133.94210675685 792678.8471043191 0, 273954.1165319109 793085.921540001 0, 273996.44994489447 793382.2570597267 0, 273648.64060515864 793447.4710095122 0, 273430.2766045515 793800.6889794985 0, 273404.15405604464 794184.7199981234 0, 273783.1073977342 794193.9338036876 0, 274164.11002451536 794384.4354662017 0, 274179.98499182775 794527.311528099 0, 273973.6083587029 794638.4371919959 0, 273963.9925958594 795024.802424397 0, 274217.99408867647 795448.1390921414 0, 274747.16458780656 795553.9737352357 0, 275699.6711951513 795956.144237309 0, 274958.83207669976 796337.1463245472 0, 274789.49731214426 796527.6475761901 0, 274429.66119202314 796696.9818105921 0, 274112.15867588465 796845.1492984557 0, 273794.6557413813 797501.320416823 0, 273731.1550868593 797734.1554386677 0, 273582.9870663365 798009.3239866411 0, 273625.32060493773 798102.45803769 0, 273646.48719297565 798419.9603566286 0, 276190.98721856286 802567.2068195549 0, 276189.2997168454 802568.0198066598 0, 276187.4689872429 802568.9220324208 0, 272476.472911839 804400.216099165 0)), ((236697.38127986697 640477.0099914926 0, 236894.96426754314 640641.1456478483 0, 236684.3807836166 640722.395712678 0, 236601.99552099576 640510.0787221849 0, 236674.68839549262 640449.7027296067 0, 236697.38127986697 640477.0099914926 0)))"
